t_plot,Y,Y_pred
03-Nov-2016 10:45:00,93,93
03-Nov-2016 11:00:00,93,102.575
03-Nov-2016 11:15:00,93,102.575
03-Nov-2016 11:30:00,93,102.575
03-Nov-2016 11:45:00,135,102.575
03-Nov-2016 12:00:00,136,149.5
03-Nov-2016 12:15:00,136,149.5
03-Nov-2016 12:30:00,136,149.5
03-Nov-2016 12:45:00,190,149.5
03-Nov-2016 13:00:00,192,193.266666666667
03-Nov-2016 13:15:00,192,193.266666666667
03-Nov-2016 13:30:00,192,193.266666666667
03-Nov-2016 13:45:00,204,193.266666666667
03-Nov-2016 14:00:00,205,208.475
03-Nov-2016 14:15:00,205,208.475
03-Nov-2016 14:30:00,205,208.475
03-Nov-2016 14:45:00,228,208.475
03-Nov-2016 15:00:00,229,241.6125
03-Nov-2016 15:15:00,229,241.6125
03-Nov-2016 15:30:00,229,241.6125
03-Nov-2016 15:45:00,278,241.6125
03-Nov-2016 16:00:00,280,281.228571428571
03-Nov-2016 16:15:00,280,281.228571428571
03-Nov-2016 16:30:00,280,281.228571428571
03-Nov-2016 16:45:00,300,281.228571428571
03-Nov-2016 17:00:00,300,282.871428571429
03-Nov-2016 17:15:00,300,282.871428571429
03-Nov-2016 17:45:00,269,282.871428571429
03-Nov-2016 18:00:00,268,267.766666666667
03-Nov-2016 18:15:00,268,267.766666666667
03-Nov-2016 18:30:00,268,267.766666666667
03-Nov-2016 18:45:00,285,267.766666666667
03-Nov-2016 19:00:00,286,303.5
03-Nov-2016 19:15:00,286,303.5
03-Nov-2016 19:30:00,286,303.5
03-Nov-2016 19:45:00,356,303.5
03-Nov-2016 20:00:00,358,365.0625
03-Nov-2016 20:15:00,358,365.0625
03-Nov-2016 20:30:00,358,365.0625
03-Nov-2016 21:45:00,366,365.0625
03-Nov-2016 22:00:00,366,383.75
03-Nov-2016 22:15:00,366,383.75
03-Nov-2016 22:30:00,366,383.75
03-Nov-2016 22:45:00,437,383.75
03-Nov-2016 23:00:00,439,442.483333333333
03-Nov-2016 23:15:00,439,419.7
03-Nov-2016 23:30:00,439,419.7
03-Nov-2016 23:45:00,388,419.7
04-Nov-2016 00:00:00,387,389.457142857143
04-Nov-2016 00:15:00,387,389.457142857143
04-Nov-2016 00:30:00,387,389.457142857143
04-Nov-2016 00:45:00,433,389.457142857143
04-Nov-2016 01:00:00,435,436.766666666667
04-Nov-2016 01:15:00,435,435.183333333333
04-Nov-2016 01:30:00,435,435.183333333333
04-Nov-2016 07:45:00,434,435.183333333333
04-Nov-2016 08:00:00,413,422.5
04-Nov-2016 08:15:00,413,426.066666666667
04-Nov-2016 08:30:00,413,426.066666666667
04-Nov-2016 08:45:00,462,426.066666666667
04-Nov-2016 09:00:00,463,471.3375
04-Nov-2016 09:15:00,463,471.3375
04-Nov-2016 09:30:00,463,471.3375
04-Nov-2016 09:45:00,468,471.3375
04-Nov-2016 10:00:00,468,461.588888888889
04-Nov-2016 10:15:00,468,461.588888888889
04-Nov-2016 10:30:00,468,461.588888888889
04-Nov-2016 10:45:00,434,461.588888888889
04-Nov-2016 11:00:00,432,422.5
04-Nov-2016 11:15:00,432,436.766666666667
04-Nov-2016 11:30:00,432,436.766666666667
04-Nov-2016 11:45:00,460,436.766666666667
04-Nov-2016 12:00:00,461,453.325
04-Nov-2016 12:15:00,461,471.3375
04-Nov-2016 12:30:00,461,471.3375
04-Nov-2016 12:45:00,524,471.3375
04-Nov-2016 13:00:00,526,582.755555555555
04-Nov-2016 13:15:00,526,582.755555555555
04-Nov-2016 13:30:00,526,582.755555555555
04-Nov-2016 13:45:00,526,582.755555555555
05-Nov-2016 06:00:00,880.9,582.755555555555
05-Nov-2016 06:15:00,880.9,880.9
05-Nov-2016 06:30:00,880.9,880.9
05-Nov-2016 06:45:00,976,978.266666666667
05-Nov-2016 07:15:00,979.4,978.266666666667
05-Nov-2016 07:30:00,979.4,978.266666666667
05-Nov-2016 07:45:00,901.2,899.1
05-Nov-2016 08:00:00,898.4,899.1
05-Nov-2016 08:15:00,898.4,899.1
05-Nov-2016 08:30:00,898.4,899.1
05-Nov-2016 08:45:00,996.5,925.866666666666
06-Nov-2016 01:45:00,933.5,925.866666666666
06-Nov-2016 02:00:00,931.1,925.866666666666
06-Nov-2016 02:30:00,931.1,925.866666666666
06-Nov-2016 02:45:00,880.1,925.866666666666
06-Nov-2016 03:00:00,878.3,925.866666666666
06-Nov-2016 03:15:00,878.3,814
06-Nov-2016 03:30:00,878.3,814
06-Nov-2016 03:45:00,687,814
06-Nov-2016 04:00:00,680.2,703.65
06-Nov-2016 04:15:00,680.2,703.65
06-Nov-2016 04:30:00,680.2,703.65
06-Nov-2016 04:45:00,774,703.65
06-Nov-2016 05:00:00,777.4,814
06-Nov-2016 05:15:00,777.4,814
06-Nov-2016 05:30:00,777.4,814
06-Nov-2016 05:45:00,922.2,814
06-Nov-2016 06:00:00,927.4,925.866666666666
06-Nov-2016 06:15:00,927.4,925.866666666666
06-Nov-2016 06:30:00,927.4,925.866666666666
06-Nov-2016 06:45:00,997.5,997.5
07-Nov-2016 04:45:00,707.1,457.55
07-Nov-2016 05:00:00,696.5,724.742857142857
07-Nov-2016 05:15:00,696.5,591.94
07-Nov-2016 05:30:00,696.5,591.94
07-Nov-2016 05:45:00,338.7,591.94
07-Nov-2016 06:00:00,325.9,363.04
07-Nov-2016 06:15:00,325.9,318.142857142857
07-Nov-2016 06:30:00,325.9,318.142857142857
07-Nov-2016 06:45:00,261.9,318.142857142857
07-Nov-2016 08:00:00,189.8,189.8
07-Nov-2016 08:15:00,189.8,193.266666666667
07-Nov-2016 08:30:00,189.8,193.266666666667
07-Nov-2016 08:45:00,139.7,139.7
07-Nov-2016 09:00:00,137.9,188.98
07-Nov-2016 09:15:00,137.9,129.944444444444
07-Nov-2016 09:30:00,137.9,129.944444444444
07-Nov-2016 09:45:00,114.5,129.944444444444
07-Nov-2016 10:00:00,113.7,116.028571428571
07-Nov-2016 10:15:00,113.7,116.028571428571
07-Nov-2016 10:30:00,113.7,116.028571428571
07-Nov-2016 10:45:00,117.3,116.028571428571
07-Nov-2016 11:00:00,117.4,117.4
07-Nov-2016 11:15:00,117.4,117.4
07-Nov-2016 11:30:00,117.4,117.4
07-Nov-2016 11:45:00,155.9,126.275
07-Nov-2016 12:00:00,157.3,174.771428571429
07-Nov-2016 12:15:00,157.3,174.771428571429
07-Nov-2016 12:30:00,157.3,174.771428571429
07-Nov-2016 12:45:00,228.5,174.771428571429
07-Nov-2016 13:00:00,231.1,241.6125
07-Nov-2016 13:15:00,231.1,241.6125
07-Nov-2016 13:30:00,231.1,241.6125
07-Nov-2016 13:45:00,274.6,241.6125
07-Nov-2016 14:00:00,276.2,281.228571428571
07-Nov-2016 14:15:00,276.2,281.228571428571
07-Nov-2016 14:30:00,276.2,281.228571428571
07-Nov-2016 14:45:00,391.9,312.28
07-Nov-2016 15:00:00,396,430.15
07-Nov-2016 15:15:00,396,430.15
07-Nov-2016 15:30:00,396,430.15
07-Nov-2016 15:45:00,532.6,430.15
07-Nov-2016 16:00:00,537.5,582.755555555555
07-Nov-2016 16:15:00,537.5,582.755555555555
07-Nov-2016 16:30:00,537.5,582.755555555555
07-Nov-2016 16:45:00,647.4,582.755555555555
07-Nov-2016 17:00:00,651.3,634.66
07-Nov-2016 17:15:00,651.3,721.4
07-Nov-2016 18:30:00,791.5,721.4
07-Nov-2016 18:45:00,665.8,724.742857142857
07-Nov-2016 19:00:00,661.3,659.8
07-Nov-2016 19:15:00,661.3,659.8
07-Nov-2016 19:30:00,661.3,659.8
07-Nov-2016 19:45:00,634,659.8
07-Nov-2016 20:00:00,633,646.328571428571
07-Nov-2016 20:15:00,633,646.328571428571
07-Nov-2016 20:30:00,633,646.328571428571
07-Nov-2016 20:45:00,704.3,646.328571428571
07-Nov-2016 21:00:00,706.9,724.742857142857
07-Nov-2016 21:15:00,706.9,724.742857142857
07-Nov-2016 21:30:00,706.9,724.742857142857
07-Nov-2016 21:45:00,679.1,724.742857142857
07-Nov-2016 22:00:00,678.1,674.64
07-Nov-2016 22:15:00,678.1,674.64
07-Nov-2016 22:30:00,678.1,674.64
07-Nov-2016 22:45:00,669.6,674.64
07-Nov-2016 23:00:00,669.3,674.64
07-Nov-2016 23:15:00,669.3,659.8
07-Nov-2016 23:30:00,669.3,659.8
07-Nov-2016 23:45:00,647.7,659.8
08-Nov-2016 00:00:00,646.9,634.66
08-Nov-2016 00:15:00,646.9,634.66
08-Nov-2016 00:30:00,646.9,634.66
08-Nov-2016 00:45:00,581.3,634.66
08-Nov-2016 01:00:00,578.9,583.4375
08-Nov-2016 01:15:00,578.9,583.4375
08-Nov-2016 01:30:00,578.9,583.4375
08-Nov-2016 01:45:00,627.6,583.4375
08-Nov-2016 02:00:00,629.3,608.825
08-Nov-2016 02:15:00,629.3,608.825
08-Nov-2016 02:30:00,629.3,608.825
08-Nov-2016 02:45:00,547.4,608.825
08-Nov-2016 03:00:00,544.5,521.525
08-Nov-2016 03:15:00,544.5,521.525
08-Nov-2016 03:30:00,544.5,521.525
08-Nov-2016 03:45:00,452.6,521.525
08-Nov-2016 04:00:00,449.3,453.325
08-Nov-2016 04:15:00,449.3,424.733333333333
08-Nov-2016 04:30:00,449.3,424.733333333333
08-Nov-2016 04:45:00,375.6,424.733333333333
08-Nov-2016 05:00:00,373,360.283333333333
08-Nov-2016 05:15:00,373,360.283333333333
08-Nov-2016 06:00:00,301.2,360.283333333333
08-Nov-2016 06:30:00,301.2,282.871428571429
08-Nov-2016 06:45:00,227.5,282.871428571429
08-Nov-2016 07:00:00,224.8,224.8
08-Nov-2016 07:15:00,224.8,224.8
08-Nov-2016 07:30:00,224.8,224.8
08-Nov-2016 07:45:00,164.5,164.5
08-Nov-2016 08:00:00,162.4,164.2
08-Nov-2016 08:15:00,162.4,160.25
08-Nov-2016 08:30:00,162.4,160.25
08-Nov-2016 08:45:00,150.2,160.25
08-Nov-2016 09:00:00,149.8,152.083333333333
08-Nov-2016 09:15:00,149.8,152.083333333333
08-Nov-2016 09:30:00,149.8,152.083333333333
08-Nov-2016 09:45:00,163.7,152.083333333333
08-Nov-2016 10:00:00,164.2,164.2
08-Nov-2016 10:15:00,164.2,164.2
08-Nov-2016 10:30:00,164.2,164.2
08-Nov-2016 10:45:00,165.8,164.2
08-Nov-2016 11:00:00,165.9,164.2
08-Nov-2016 11:15:00,165.9,201.5
08-Nov-2016 11:30:00,165.9,201.5
08-Nov-2016 11:45:00,272.7,201.5
08-Nov-2016 12:00:00,276.6,312.28
08-Nov-2016 12:15:00,276.6,312.28
08-Nov-2016 12:30:00,276.6,312.28
08-Nov-2016 12:45:00,339.7,312.28
08-Nov-2016 13:00:00,342,363.04
08-Nov-2016 13:15:00,342,363.04
08-Nov-2016 13:30:00,342,363.04
08-Nov-2016 13:45:00,463.3,363.04
08-Nov-2016 14:00:00,467.7,471.3375
08-Nov-2016 14:15:00,467.7,442.566666666667
08-Nov-2016 14:30:00,467.7,442.566666666667
08-Nov-2016 14:45:00,392.3,442.566666666667
08-Nov-2016 15:00:00,389.6,385.46
08-Nov-2016 15:15:00,389.6,409.5
08-Nov-2016 15:30:00,389.6,409.5
08-Nov-2016 15:45:00,449.3,409.5
08-Nov-2016 16:00:00,451.5,446.075
08-Nov-2016 16:15:00,451.5,453.325
08-Nov-2016 16:30:00,451.5,453.325
08-Nov-2016 16:45:00,532.9,487.88
08-Nov-2016 17:00:00,535.9,534.9
08-Nov-2016 17:15:00,535.9,501.15
08-Nov-2016 17:30:00,466.4,501.15
08-Nov-2016 18:30:00,506.3,487.88
08-Nov-2016 18:45:00,533.9,534.9
08-Nov-2016 19:00:00,534.9,534.9
08-Nov-2016 19:15:00,534.9,534.9
08-Nov-2016 19:30:00,534.9,534.9
08-Nov-2016 19:45:00,518.1,520.8875
08-Nov-2016 20:00:00,517.5,520.8875
08-Nov-2016 20:15:00,517.5,520.8875
08-Nov-2016 20:30:00,517.5,520.8875
08-Nov-2016 20:45:00,551.5,520.8875
08-Nov-2016 21:00:00,552.7,551.966666666667
08-Nov-2016 21:15:00,552.7,557.375
08-Nov-2016 21:30:00,552.7,557.375
08-Nov-2016 21:45:00,582.4,557.375
08-Nov-2016 22:00:00,583.5,583.4375
08-Nov-2016 22:15:00,583.5,583.4375
08-Nov-2016 22:30:00,583.5,583.4375
08-Nov-2016 22:45:00,552.7,583.4375
08-Nov-2016 23:00:00,551.6,557.375
08-Nov-2016 23:15:00,551.6,551.966666666667
08-Nov-2016 23:30:00,551.6,551.966666666667
08-Nov-2016 23:45:00,501.9,537.25
09-Nov-2016 00:00:00,500.1,495.325
09-Nov-2016 00:15:00,500.1,495.325
09-Nov-2016 00:30:00,500.1,495.325
09-Nov-2016 00:45:00,481,495.325
09-Nov-2016 01:00:00,480.3,485.7
09-Nov-2016 01:15:00,480.3,485.7
09-Nov-2016 01:30:00,480.3,485.7
09-Nov-2016 01:45:00,494.4,485.7
09-Nov-2016 02:00:00,494.9,504.7375
09-Nov-2016 02:15:00,494.9,504.7375
09-Nov-2016 02:30:00,494.9,504.7375
09-Nov-2016 02:45:00,488.4,504.7375
09-Nov-2016 03:00:00,488.2,485.7
09-Nov-2016 03:15:00,488.2,485.7
09-Nov-2016 03:30:00,488.2,485.7
09-Nov-2016 03:45:00,471.7,474.3
09-Nov-2016 04:00:00,471.1,461.588888888889
09-Nov-2016 04:15:00,471.1,461.588888888889
09-Nov-2016 04:30:00,471.1,461.588888888889
09-Nov-2016 04:45:00,424.5,461.588888888889
09-Nov-2016 05:00:00,422.8,426.066666666667
09-Nov-2016 05:15:00,422.8,426.066666666667
09-Nov-2016 05:30:00,422.8,426.066666666667
09-Nov-2016 06:45:00,287.7,361.14
09-Nov-2016 07:00:00,284.5,282.328571428571
09-Nov-2016 07:15:00,284.5,269.3
09-Nov-2016 07:30:00,284.5,269.3
09-Nov-2016 07:45:00,233.1,269.3
09-Nov-2016 08:00:00,231.3,238.322222222222
09-Nov-2016 08:15:00,231.3,231.3
09-Nov-2016 08:30:00,231.3,231.3
09-Nov-2016 08:45:00,175.9,214.1
09-Nov-2016 09:00:00,173.9,173.425
09-Nov-2016 09:15:00,173.9,173.425
09-Nov-2016 09:30:00,173.9,173.425
09-Nov-2016 09:45:00,163.1,173.425
09-Nov-2016 10:00:00,162.7,164.2
09-Nov-2016 10:15:00,162.7,160.25
09-Nov-2016 10:30:00,162.7,160.25
09-Nov-2016 10:45:00,159.6,160.25
09-Nov-2016 11:00:00,159.5,160.25
09-Nov-2016 11:15:00,159.5,174.771428571429
09-Nov-2016 11:30:00,159.5,174.771428571429
09-Nov-2016 11:45:00,204,174.771428571429
09-Nov-2016 12:00:00,206.2,208.475
09-Nov-2016 12:15:00,206.2,208.475
09-Nov-2016 12:30:00,206.2,208.475
09-Nov-2016 12:45:00,206.2,208.475
09-Nov-2016 13:45:00,348.1,348.1
09-Nov-2016 14:00:00,348.1,365.0625
09-Nov-2016 14:15:00,348.1,365.0625
09-Nov-2016 14:30:00,348.1,365.0625
09-Nov-2016 14:45:00,436.2,365.0625
09-Nov-2016 15:00:00,440.5,442.483333333333
09-Nov-2016 15:15:00,440.5,439.888888888889
09-Nov-2016 15:30:00,440.5,439.888888888889
09-Nov-2016 15:45:00,437,439.888888888889
09-Nov-2016 16:00:00,436.8,442.483333333333
09-Nov-2016 16:15:00,436.8,442.483333333333
09-Nov-2016 16:30:00,436.8,442.483333333333
09-Nov-2016 16:45:00,465,442.483333333333
09-Nov-2016 17:00:00,466.4,487.88
09-Nov-2016 17:15:00,466.4,487.88
09-Nov-2016 17:30:00,467.4,487.88
09-Nov-2016 17:45:00,513.3,513.3
09-Nov-2016 18:00:00,515,520.8875
09-Nov-2016 18:15:00,515,520.8875
09-Nov-2016 18:30:00,515,520.8875
09-Nov-2016 18:45:00,557.6,557.6
09-Nov-2016 19:00:00,559.2,557.375
09-Nov-2016 19:15:00,559.2,557.375
09-Nov-2016 19:30:00,559.2,557.375
09-Nov-2016 19:45:00,542,557.375
09-Nov-2016 20:00:00,541.4,537.25
09-Nov-2016 20:15:00,541.4,537.25
09-Nov-2016 20:30:00,541.4,537.25
09-Nov-2016 20:45:00,542.9,537.25
09-Nov-2016 21:00:00,543,537.25
09-Nov-2016 21:15:00,543,537.25
09-Nov-2016 21:30:00,543,537.25
09-Nov-2016 21:45:00,564,564
09-Nov-2016 22:00:00,564.8,564.8
09-Nov-2016 22:15:00,564.8,564.8
09-Nov-2016 22:30:00,564.8,564.8
09-Nov-2016 22:45:00,515.1,523.66
09-Nov-2016 23:00:00,513.3,498.357142857143
09-Nov-2016 23:15:00,513.3,498.357142857143
09-Nov-2016 23:30:00,513.3,498.357142857143
09-Nov-2016 23:45:00,441.4,498.357142857143
10-Nov-2016 00:00:00,438.8,439.888888888889
10-Nov-2016 00:15:00,438.8,419.7
10-Nov-2016 00:30:00,438.8,419.7
10-Nov-2016 00:45:00,374.6,419.7
10-Nov-2016 01:00:00,371.5,360.283333333333
10-Nov-2016 01:15:00,371.5,360.283333333333
10-Nov-2016 01:30:00,371.5,360.283333333333
10-Nov-2016 01:45:00,253.8,326.3
10-Nov-2016 02:00:00,248.1,257.755555555556
10-Nov-2016 02:15:00,248.1,249.3625
10-Nov-2016 02:30:00,248.1,249.3625
10-Nov-2016 02:45:00,253.1,249.3625
10-Nov-2016 03:00:00,253.4,257.755555555556
10-Nov-2016 03:15:00,253.4,257.755555555556
10-Nov-2016 03:30:00,253.4,257.755555555556
10-Nov-2016 03:45:00,289.4,257.755555555556
10-Nov-2016 04:00:00,291.2,282.328571428571
10-Nov-2016 04:15:00,291.2,282.871428571429
10-Nov-2016 04:30:00,291.2,282.871428571429
10-Nov-2016 04:45:00,330.5,315.885714285714
10-Nov-2016 05:00:00,331.9,318.142857142857
10-Nov-2016 05:15:00,331.9,318.142857142857
10-Nov-2016 05:30:00,331.9,318.142857142857
10-Nov-2016 07:00:00,317.6,318.142857142857
10-Nov-2016 07:15:00,317.6,315.885714285714
10-Nov-2016 07:30:00,317.6,315.885714285714
10-Nov-2016 07:45:00,321.8,315.885714285714
10-Nov-2016 08:00:00,322,323.785714285714
10-Nov-2016 09:15:00,321.3,323.785714285714
10-Nov-2016 09:30:00,321.3,323.785714285714
10-Nov-2016 09:45:00,319,323.785714285714
10-Nov-2016 10:00:00,318.9,264.3
10-Nov-2016 10:15:00,318.9,264.3
10-Nov-2016 10:30:00,318.9,264.3
10-Nov-2016 10:45:00,263.8,264.3
10-Nov-2016 11:00:00,261.2,264.45
10-Nov-2016 11:15:00,261.2,264.45
10-Nov-2016 11:30:00,261.2,264.45
10-Nov-2016 11:45:00,271.7,264.45
10-Nov-2016 12:00:00,272.2,267.766666666667
10-Nov-2016 12:15:00,272.2,269.3
10-Nov-2016 12:30:00,272.2,269.3
10-Nov-2016 12:45:00,306.2,282.66
10-Nov-2016 13:00:00,307.9,315.885714285714
10-Nov-2016 13:15:00,307.9,315.885714285714
10-Nov-2016 13:30:00,307.9,315.885714285714
10-Nov-2016 13:45:00,425.1,334.777777777778
10-Nov-2016 14:00:00,430.8,361.14
10-Nov-2016 14:15:00,430.8,436.766666666667
10-Nov-2016 14:30:00,430.8,436.766666666667
10-Nov-2016 14:45:00,499.1,450.483333333333
10-Nov-2016 15:00:00,502.4,498.357142857143
10-Nov-2016 15:15:00,502.4,498.357142857143
10-Nov-2016 15:30:00,502.4,498.357142857143
10-Nov-2016 15:45:00,509.7,513.2
10-Nov-2016 16:00:00,510.1,513.2
10-Nov-2016 16:15:00,510.1,513.2
10-Nov-2016 16:30:00,510.1,513.2
10-Nov-2016 17:30:00,531.8,513.2
10-Nov-2016 17:45:00,516,476.55
10-Nov-2016 18:00:00,518.3,513.2
10-Nov-2016 18:15:00,518.3,513.2
10-Nov-2016 18:30:00,518.3,513.2
10-Nov-2016 18:45:00,492.1,513.2
10-Nov-2016 19:00:00,490.9,504.7375
10-Nov-2016 19:15:00,490.9,504.7375
10-Nov-2016 19:30:00,490.9,504.7375
10-Nov-2016 19:45:00,592.1,504.7375
10-Nov-2016 20:00:00,597.1,597.1
10-Nov-2016 20:15:00,597.1,597.1
10-Nov-2016 20:30:00,597.1,597.1
10-Nov-2016 20:45:00,543.1,572.033333333333
10-Nov-2016 21:00:00,540.5,523.66
10-Nov-2016 21:15:00,540.5,523.66
10-Nov-2016 21:30:00,540.5,523.66
10-Nov-2016 21:45:00,481.7,523.66
10-Nov-2016 22:00:00,478.9,474.3
10-Nov-2016 22:15:00,478.9,474.3
10-Nov-2016 22:30:00,478.9,474.3
10-Nov-2016 22:45:00,454.7,474.3
10-Nov-2016 23:00:00,453.5,450.7
10-Nov-2016 23:15:00,453.5,450.7
10-Nov-2016 23:30:00,453.5,450.7
10-Nov-2016 23:45:00,442.3,450.7
11-Nov-2016 00:00:00,441.8,439.888888888889
11-Nov-2016 00:15:00,441.8,439.888888888889
11-Nov-2016 00:30:00,441.8,439.888888888889
11-Nov-2016 00:45:00,439.2,439.888888888889
11-Nov-2016 01:00:00,439.1,437.075
11-Nov-2016 01:15:00,439.1,437.075
11-Nov-2016 01:30:00,439.1,437.075
11-Nov-2016 01:45:00,431,437.075
11-Nov-2016 02:00:00,430.6,450.483333333333
11-Nov-2016 02:15:00,430.6,450.483333333333
11-Nov-2016 02:30:00,430.6,450.483333333333
11-Nov-2016 02:45:00,476.3,450.483333333333
11-Nov-2016 03:00:00,478.5,461.588888888889
11-Nov-2016 03:15:00,478.5,474.3
11-Nov-2016 03:30:00,478.5,474.3
11-Nov-2016 03:45:00,616.5,525.7
11-Nov-2016 04:00:00,623.2,623.2
11-Nov-2016 04:15:00,623.2,554.066666666667
11-Nov-2016 04:30:00,623.2,554.066666666667
11-Nov-2016 04:45:00,415.8,554.066666666667
11-Nov-2016 05:45:00,274.6,361.14
11-Nov-2016 06:00:00,268.3,282.66
11-Nov-2016 06:15:00,268.3,267.766666666667
11-Nov-2016 06:30:00,268.3,267.766666666667
11-Nov-2016 06:45:00,246.4,267.766666666667
11-Nov-2016 07:00:00,245.4,246.772727272727
11-Nov-2016 07:15:00,245.4,246.772727272727
11-Nov-2016 07:30:00,245.4,246.772727272727
11-Nov-2016 07:45:00,246.8,246.772727272727
11-Nov-2016 08:00:00,246.9,246.772727272727
11-Nov-2016 08:15:00,246.9,239.466666666667
11-Nov-2016 08:30:00,246.9,239.466666666667
11-Nov-2016 08:45:00,219.8,239.466666666667
11-Nov-2016 09:00:00,218.5,214.1
11-Nov-2016 09:15:00,218.5,214.1
11-Nov-2016 09:30:00,218.5,214.1
11-Nov-2016 09:45:00,213.7,214.1
11-Nov-2016 10:00:00,213.5,213.428571428571
11-Nov-2016 10:15:00,213.5,213.428571428571
11-Nov-2016 10:30:00,213.5,213.428571428571
11-Nov-2016 10:45:00,211.4,213.428571428571
11-Nov-2016 11:00:00,211.3,209.74
11-Nov-2016 11:15:00,211.3,222.3
11-Nov-2016 11:30:00,211.3,222.3
11-Nov-2016 11:45:00,244.3,222.3
11-Nov-2016 12:00:00,245.9,246.772727272727
11-Nov-2016 12:15:00,245.9,246.772727272727
11-Nov-2016 12:30:00,245.9,246.772727272727
11-Nov-2016 12:45:00,256.9,246.772727272727
11-Nov-2016 13:00:00,257.4,257.755555555556
11-Nov-2016 13:15:00,257.4,296.95
11-Nov-2016 13:30:00,257.4,296.95
11-Nov-2016 13:45:00,399.4,296.95
11-Nov-2016 14:00:00,406.3,402.966666666667
11-Nov-2016 14:15:00,406.3,361.14
11-Nov-2016 14:30:00,406.3,361.14
11-Nov-2016 14:45:00,481.7,481.7
11-Nov-2016 15:00:00,485.3,525.7
11-Nov-2016 15:15:00,485.3,525.7
11-Nov-2016 16:30:00,515.7,525.7
11-Nov-2016 16:45:00,531.1,522.25
11-Nov-2016 17:00:00,531.8,533.066666666667
11-Nov-2016 17:15:00,531.8,476.55
11-Nov-2016 17:30:00,329.3,476.55
11-Nov-2016 17:45:00,519.9,519.9
11-Nov-2016 18:00:00,519.3,522.25
11-Nov-2016 18:15:00,519.3,522.25
11-Nov-2016 18:30:00,519.3,522.25
11-Nov-2016 18:45:00,500.9,500.225
11-Nov-2016 19:00:00,500,500.225
11-Nov-2016 19:15:00,500,500.225
11-Nov-2016 19:30:00,500,500.225
11-Nov-2016 19:45:00,531.6,528.15
11-Nov-2016 20:00:00,533.2,533.066666666667
11-Nov-2016 20:15:00,533.2,476.55
11-Nov-2016 20:30:00,533.2,476.55
11-Nov-2016 20:45:00,415.8,476.55
11-Nov-2016 21:00:00,410.2,413.214285714286
11-Nov-2016 21:15:00,410.2,405.655555555556
11-Nov-2016 21:30:00,410.2,405.655555555556
11-Nov-2016 21:45:00,391.8,405.655555555556
11-Nov-2016 22:00:00,390.9,385.46
11-Nov-2016 22:15:00,390.9,385.46
11-Nov-2016 22:30:00,390.9,385.46
11-Nov-2016 22:45:00,365,385.46
11-Nov-2016 23:00:00,363.8,366.2
11-Nov-2016 23:15:00,363.8,366.2
11-Nov-2016 23:30:00,363.8,366.2
11-Nov-2016 23:45:00,368.7,366.2
12-Nov-2016 00:00:00,368.9,366.2
12-Nov-2016 00:15:00,368.9,366.2
12-Nov-2016 00:30:00,368.9,366.2
12-Nov-2016 00:45:00,365.5,366.2
12-Nov-2016 01:00:00,365.3,366.2
12-Nov-2016 01:15:00,365.3,366.2
12-Nov-2016 01:30:00,365.3,366.2
12-Nov-2016 01:45:00,376.8,374.1
12-Nov-2016 02:00:00,377.4,389.457142857143
12-Nov-2016 02:15:00,377.4,389.457142857143
12-Nov-2016 02:30:00,377.4,389.457142857143
12-Nov-2016 02:45:00,453.8,403.1
12-Nov-2016 03:00:00,457.5,390.08
12-Nov-2016 03:15:00,457.5,390.08
12-Nov-2016 03:30:00,457.5,390.08
12-Nov-2016 03:45:00,318.6,390.08
12-Nov-2016 04:45:00,221.1,264.3
12-Nov-2016 05:15:00,216.7,214.1
12-Nov-2016 05:30:00,216.7,211.533333333333
12-Nov-2016 05:45:00,213.3,211.533333333333
12-Nov-2016 06:00:00,213.1,213.428571428571
12-Nov-2016 06:15:00,213.1,209.74
12-Nov-2016 06:30:00,213.1,209.74
12-Nov-2016 06:45:00,196.7,209.74
12-Nov-2016 07:00:00,195.9,195.9
12-Nov-2016 07:15:00,195.9,200.657142857143
12-Nov-2016 07:30:00,195.9,200.657142857143
12-Nov-2016 07:45:00,220.2,200.657142857143
12-Nov-2016 08:00:00,221.7,214.1
12-Nov-2016 08:15:00,221.7,214.1
12-Nov-2016 08:30:00,221.7,214.1
12-Nov-2016 08:45:00,181.1,181.1
12-Nov-2016 09:00:00,179.2,184.485714285714
12-Nov-2016 09:15:00,179.2,184.485714285714
12-Nov-2016 09:30:00,179.2,184.485714285714
12-Nov-2016 09:45:00,212.9,184.485714285714
12-Nov-2016 10:00:00,214.5,209.74
12-Nov-2016 10:15:00,214.5,213.428571428571
12-Nov-2016 10:30:00,214.5,213.428571428571
12-Nov-2016 10:45:00,229.8,239.65
12-Nov-2016 11:00:00,230.5,232.666666666667
12-Nov-2016 11:15:00,230.5,232.666666666667
12-Nov-2016 11:30:00,230.5,232.666666666667
12-Nov-2016 11:45:00,251,232.666666666667
12-Nov-2016 12:00:00,252,249.3625
12-Nov-2016 12:15:00,252,249.3625
12-Nov-2016 12:30:00,252,249.3625
12-Nov-2016 12:45:00,242.6,249.3625
12-Nov-2016 13:00:00,242.1,239.7
12-Nov-2016 13:15:00,242.1,259.066666666667
12-Nov-2016 13:30:00,242.1,259.066666666667
12-Nov-2016 13:45:00,293,259.066666666667
12-Nov-2016 14:00:00,295.5,334.777777777778
12-Nov-2016 14:15:00,295.5,334.777777777778
12-Nov-2016 14:30:00,295.5,334.777777777778
12-Nov-2016 14:45:00,429.7,334.777777777778
12-Nov-2016 15:45:00,435.7,450.483333333333
12-Nov-2016 16:00:00,435.7,435.183333333333
12-Nov-2016 16:15:00,435.7,435.183333333333
12-Nov-2016 16:30:00,435.7,435.183333333333
12-Nov-2016 16:45:00,334.2,334.2
12-Nov-2016 17:00:00,329.3,327.283333333333
12-Nov-2016 17:15:00,329.3,327.283333333333
12-Nov-2016 17:30:00,322.9,327.283333333333
12-Nov-2016 17:45:00,337.1,323.785714285714
12-Nov-2016 18:00:00,337.5,322.5625
12-Nov-2016 18:15:00,337.5,322.5625
12-Nov-2016 18:30:00,337.5,322.5625
12-Nov-2016 18:45:00,338.8,322.5625
12-Nov-2016 19:15:00,338.9,322.5625
12-Nov-2016 19:30:00,338.9,322.5625
12-Nov-2016 19:45:00,282.3,322.5625
12-Nov-2016 20:00:00,279.6,282.66
12-Nov-2016 20:15:00,279.6,282.66
12-Nov-2016 20:30:00,279.6,282.66
12-Nov-2016 20:45:00,306.3,306.3
12-Nov-2016 21:00:00,307.6,334.777777777778
12-Nov-2016 21:15:00,307.6,334.777777777778
12-Nov-2016 21:30:00,307.6,334.777777777778
12-Nov-2016 21:45:00,348.9,334.777777777778
12-Nov-2016 22:00:00,350.9,335.8
12-Nov-2016 22:15:00,350.9,335.8
12-Nov-2016 22:30:00,350.9,335.8
12-Nov-2016 22:45:00,290.5,335.8
12-Nov-2016 23:00:00,287.6,288.52
12-Nov-2016 23:15:00,287.6,282.328571428571
12-Nov-2016 23:30:00,287.6,282.328571428571
12-Nov-2016 23:45:00,248.8,282.328571428571
13-Nov-2016 00:00:00,247,249.3625
13-Nov-2016 00:15:00,247,239.466666666667
13-Nov-2016 00:30:00,247,239.466666666667
13-Nov-2016 00:45:00,229.2,239.466666666667
13-Nov-2016 01:00:00,228.4,232.666666666667
13-Nov-2016 01:15:00,228.4,232.666666666667
13-Nov-2016 01:30:00,228.4,232.666666666667
13-Nov-2016 01:45:00,243.5,232.666666666667
13-Nov-2016 02:00:00,244.2,239.7
13-Nov-2016 02:15:00,244.2,239.7
13-Nov-2016 02:30:00,244.2,239.7
13-Nov-2016 02:45:00,223.8,239.7
13-Nov-2016 03:00:00,222.8,232.666666666667
13-Nov-2016 04:00:00,245,245
13-Nov-2016 04:15:00,245,246.772727272727
13-Nov-2016 04:30:00,245,246.772727272727
13-Nov-2016 04:45:00,254.4,254.4
13-Nov-2016 05:00:00,254.9,257.755555555556
13-Nov-2016 05:15:00,254.9,257.755555555556
13-Nov-2016 05:30:00,254.9,257.755555555556
13-Nov-2016 05:45:00,175.4,235.0375
13-Nov-2016 06:00:00,171.6,173.425
13-Nov-2016 06:15:00,171.6,163.7
13-Nov-2016 06:30:00,171.6,163.7
13-Nov-2016 06:45:00,147.9,163.7
13-Nov-2016 07:00:00,146.8,148.8
13-Nov-2016 07:15:00,146.8,137.525
13-Nov-2016 07:30:00,146.8,137.525
13-Nov-2016 07:45:00,124.6,137.525
13-Nov-2016 08:00:00,123.5,124.68
13-Nov-2016 08:15:00,123.5,174.288888888889
13-Nov-2016 08:30:00,123.5,174.288888888889
13-Nov-2016 08:45:00,101.7,174.288888888889
13-Nov-2016 09:00:00,100.6,102.9625
13-Nov-2016 09:15:00,100.6,100.6
13-Nov-2016 09:30:00,100.6,100.6
13-Nov-2016 09:45:00,82.9,82.9
13-Nov-2016 10:00:00,82.1,104.78
13-Nov-2016 10:15:00,82.1,104.78
13-Nov-2016 10:45:00,89.7,104.78
13-Nov-2016 11:00:00,90.1,90.25
13-Nov-2016 11:15:00,90.1,90.25
13-Nov-2016 11:30:00,90.1,90.25
13-Nov-2016 11:45:00,93.4,90.25
13-Nov-2016 12:00:00,93.6,102.575
13-Nov-2016 12:15:00,93.6,102.575
13-Nov-2016 12:30:00,93.6,102.575
13-Nov-2016 12:45:00,125.8,102.575
13-Nov-2016 13:00:00,127.3,124.68
13-Nov-2016 13:30:00,127.3,140.42
13-Nov-2016 14:15:00,200.8,140.42
13-Nov-2016 15:30:00,300.4,239.65
13-Nov-2016 15:45:00,293.5,296.077777777778
13-Nov-2016 16:00:00,293.2,296.077777777778
13-Nov-2016 16:15:00,293.2,296.077777777778
13-Nov-2016 16:30:00,293.2,296.077777777778
13-Nov-2016 16:45:00,321.5,296.077777777778
13-Nov-2016 17:00:00,322.9,323.785714285714
13-Nov-2016 17:15:00,322.9,323.785714285714
13-Nov-2016 17:30:00,259.3,301.1
13-Nov-2016 17:45:00,348.9,296.95
13-Nov-2016 18:30:00,350.2,356.677777777778
13-Nov-2016 18:45:00,356.1,356.677777777778
13-Nov-2016 19:00:00,356.4,356.677777777778
13-Nov-2016 19:15:00,356.4,356.677777777778
13-Nov-2016 19:45:00,370.7,356.677777777778
13-Nov-2016 20:00:00,371.4,374.1
13-Nov-2016 20:15:00,371.4,326.3
13-Nov-2016 20:30:00,371.4,326.3
13-Nov-2016 20:45:00,308.6,326.3
13-Nov-2016 21:00:00,305.6,296.077777777778
13-Nov-2016 21:15:00,305.6,296.077777777778
13-Nov-2016 21:30:00,305.6,296.077777777778
13-Nov-2016 21:45:00,253.3,296.077777777778
13-Nov-2016 22:00:00,250.8,235.0375
13-Nov-2016 22:15:00,250.8,235.0375
13-Nov-2016 22:30:00,250.8,235.0375
13-Nov-2016 22:45:00,235.8,235.0375
13-Nov-2016 23:00:00,235.1,228.1
13-Nov-2016 23:15:00,235.1,228.1
13-Nov-2016 23:30:00,235.1,228.1
13-Nov-2016 23:45:00,223.8,228.1
14-Nov-2016 00:00:00,223.3,223.014285714286
14-Nov-2016 00:15:00,223.3,223.014285714286
14-Nov-2016 00:30:00,223.3,223.014285714286
14-Nov-2016 00:45:00,222.8,223.014285714286
14-Nov-2016 01:00:00,222.8,223.014285714286
14-Nov-2016 01:15:00,222.8,223.014285714286
14-Nov-2016 01:30:00,222.8,223.014285714286
14-Nov-2016 01:45:00,238.1,230.6
14-Nov-2016 02:00:00,238.9,235.0375
14-Nov-2016 02:15:00,238.9,235.0375
14-Nov-2016 02:30:00,238.9,235.0375
14-Nov-2016 02:45:00,369.3,369.3
14-Nov-2016 03:00:00,375.5,372.44
14-Nov-2016 03:15:00,375.5,381.266666666667
14-Nov-2016 03:30:00,375.5,381.266666666667
14-Nov-2016 03:45:00,393.6,381.266666666667
14-Nov-2016 04:00:00,394.5,395.08
14-Nov-2016 04:15:00,394.5,376.466666666667
14-Nov-2016 04:30:00,394.5,376.466666666667
14-Nov-2016 05:30:00,340.4,376.466666666667
14-Nov-2016 05:45:00,269.1,322.5625
14-Nov-2016 06:00:00,265.7,267.766666666667
14-Nov-2016 06:15:00,265.7,264.45
14-Nov-2016 06:30:00,265.7,264.45
14-Nov-2016 06:45:00,216.6,249.175
14-Nov-2016 07:00:00,214.2,211.533333333333
14-Nov-2016 07:15:00,214.2,239.65
14-Nov-2016 07:30:00,214.2,239.65
14-Nov-2016 07:45:00,137.8,178.4
14-Nov-2016 08:00:00,134.2,129.944444444444
14-Nov-2016 08:15:00,134.2,129.944444444444
14-Nov-2016 08:30:00,134.2,129.944444444444
14-Nov-2016 08:45:00,109.8,129.944444444444
14-Nov-2016 09:00:00,108.7,110.38
14-Nov-2016 09:15:00,108.7,109.4875
14-Nov-2016 09:30:00,108.7,109.4875
14-Nov-2016 09:45:00,100.6,109.4875
14-Nov-2016 10:00:00,100.2,97.4111111111111
14-Nov-2016 10:15:00,100.2,97.4111111111111
14-Nov-2016 10:30:00,100.2,97.4111111111111
14-Nov-2016 10:45:00,90.4,97.4111111111111
14-Nov-2016 11:00:00,89.9,90.25
14-Nov-2016 11:15:00,89.9,90.25
14-Nov-2016 11:30:00,89.9,90.25
14-Nov-2016 11:45:00,91.1,90.25
14-Nov-2016 12:00:00,91.2,91.8285714285714
14-Nov-2016 12:30:00,91.2,91.8285714285714
14-Nov-2016 12:45:00,104.9,91.8285714285714
14-Nov-2016 13:00:00,105.6,102.9625
14-Nov-2016 13:15:00,105.6,109.4875
14-Nov-2016 13:30:00,105.6,109.4875
14-Nov-2016 13:45:00,132.1,109.4875
14-Nov-2016 14:00:00,133.4,123.1625
14-Nov-2016 14:15:00,133.4,129.944444444444
14-Nov-2016 14:30:00,133.4,129.944444444444
14-Nov-2016 14:45:00,159.7,143.844444444444
14-Nov-2016 15:00:00,161,160.25
14-Nov-2016 15:15:00,161,160.25
14-Nov-2016 15:30:00,161,160.25
14-Nov-2016 15:45:00,255.9,192.225
14-Nov-2016 16:00:00,260.4,248.444444444444
14-Nov-2016 16:15:00,260.4,249.175
14-Nov-2016 16:30:00,260.4,249.175
14-Nov-2016 16:45:00,259.3,249.175
14-Nov-2016 17:00:00,259.3,296.95
14-Nov-2016 17:15:00,259.3,296.95
14-Nov-2016 17:30:00,479.7,479.7
14-Nov-2016 17:45:00,259.3,390.08
14-Nov-2016 18:45:00,232.7,232.7
14-Nov-2016 19:00:00,232.7,238.322222222222
14-Nov-2016 19:15:00,232.7,238.322222222222
14-Nov-2016 19:30:00,232.7,238.322222222222
14-Nov-2016 19:45:00,256,238.322222222222
14-Nov-2016 20:00:00,257.1,248.444444444444
14-Nov-2016 20:15:00,257.1,257.1
14-Nov-2016 20:30:00,257.1,257.1
14-Nov-2016 20:45:00,298.7,286.7125
14-Nov-2016 21:00:00,300.7,300.7
14-Nov-2016 21:15:00,300.7,300.7
14-Nov-2016 21:30:00,300.7,300.7
14-Nov-2016 21:45:00,326.2,312.1
14-Nov-2016 22:00:00,327.4,327.283333333333
14-Nov-2016 22:15:00,327.4,327.283333333333
14-Nov-2016 22:30:00,327.4,327.283333333333
14-Nov-2016 22:45:00,357.7,372.14
14-Nov-2016 23:00:00,359.2,356.677777777778
14-Nov-2016 23:15:00,359.2,361.616666666667
14-Nov-2016 23:45:00,364.2,361.616666666667
15-Nov-2016 00:00:00,364.5,361.616666666667
15-Nov-2016 00:15:00,364.5,372.44
15-Nov-2016 00:30:00,364.5,372.44
15-Nov-2016 00:45:00,385.2,372.44
15-Nov-2016 01:00:00,386.2,403.1
15-Nov-2016 01:15:00,386.2,403.1
15-Nov-2016 01:30:00,386.2,403.1
15-Nov-2016 01:45:00,543.7,543.7
15-Nov-2016 02:00:00,551.2,545.757142857143
15-Nov-2016 02:15:00,551.2,545.757142857143
15-Nov-2016 02:30:00,551.2,545.757142857143
15-Nov-2016 02:45:00,535.7,545.757142857143
15-Nov-2016 03:00:00,535,545.757142857143
15-Nov-2016 03:15:00,535,426.233333333333
15-Nov-2016 03:30:00,535,426.233333333333
15-Nov-2016 03:45:00,442,426.233333333333
15-Nov-2016 04:00:00,437.6,439.888888888889
15-Nov-2016 04:15:00,437.6,392.45
15-Nov-2016 04:30:00,437.6,392.45
15-Nov-2016 04:45:00,437.6,392.45
15-Nov-2016 05:45:00,257,392.45
15-Nov-2016 06:00:00,257,248.444444444444
15-Nov-2016 06:15:00,257,248.444444444444
15-Nov-2016 06:30:00,257,248.444444444444
15-Nov-2016 06:45:00,198.1,248.444444444444
15-Nov-2016 07:00:00,195.3,178.4
15-Nov-2016 07:15:00,195.3,184.255555555556
15-Nov-2016 07:30:00,195.3,184.255555555556
15-Nov-2016 07:45:00,150.7,184.255555555556
15-Nov-2016 08:00:00,148.6,152.083333333333
15-Nov-2016 08:15:00,148.6,137.9
15-Nov-2016 08:30:00,148.6,137.9
15-Nov-2016 08:45:00,116.5,137.9
15-Nov-2016 09:00:00,115,118.133333333333
15-Nov-2016 09:15:00,115,116.028571428571
15-Nov-2016 09:30:00,115,116.028571428571
15-Nov-2016 09:45:00,123.8,116.028571428571
15-Nov-2016 10:00:00,124.2,174.288888888889
15-Nov-2016 10:15:00,124.2,124.68
15-Nov-2016 10:30:00,124.2,124.68
15-Nov-2016 10:45:00,124.2,124.68
15-Nov-2016 11:45:00,177,140.6
15-Nov-2016 12:00:00,177,173.425
15-Nov-2016 12:15:00,177,173.425
15-Nov-2016 12:30:00,177,173.425
15-Nov-2016 12:45:00,229.8,203.95
15-Nov-2016 13:00:00,232.3,230.6
15-Nov-2016 13:15:00,232.3,238.322222222222
15-Nov-2016 13:30:00,232.3,238.322222222222
15-Nov-2016 13:45:00,260.9,238.322222222222
15-Nov-2016 14:00:00,261.9,280.6
15-Nov-2016 14:15:00,261.9,280.6
15-Nov-2016 14:30:00,261.9,280.6
15-Nov-2016 14:45:00,336.7,280.6
15-Nov-2016 15:00:00,340.3,334.3
15-Nov-2016 15:15:00,340.3,362.666666666667
15-Nov-2016 15:30:00,340.3,362.666666666667
15-Nov-2016 15:45:00,407.4,362.666666666667
15-Nov-2016 16:00:00,410.6,405.655555555556
15-Nov-2016 16:15:00,410.6,432.566666666667
15-Nov-2016 16:30:00,410.6,432.566666666667
15-Nov-2016 16:45:00,476.5,432.566666666667
15-Nov-2016 17:00:00,479.7,468.5
15-Nov-2016 17:15:00,479.7,468.5
15-Nov-2016 17:30:00,412.8,468.5
15-Nov-2016 17:45:00,479.7,451.075
15-Nov-2016 19:45:00,492.6,468.5
15-Nov-2016 20:00:00,492.6,468.5
15-Nov-2016 20:15:00,492.6,468.5
15-Nov-2016 20:30:00,492.6,468.5
15-Nov-2016 20:45:00,405.4,468.5
15-Nov-2016 21:00:00,401.3,405.655555555556
15-Nov-2016 21:15:00,401.3,402.966666666667
15-Nov-2016 21:30:00,401.3,402.966666666667
15-Nov-2016 21:45:00,355.9,355.9
15-Nov-2016 22:00:00,353.7,356.677777777778
15-Nov-2016 22:15:00,353.7,356.677777777778
15-Nov-2016 22:30:00,353.7,356.677777777778
15-Nov-2016 22:45:00,371.6,365.25
15-Nov-2016 23:00:00,372.5,372.44
15-Nov-2016 23:15:00,372.5,381.266666666667
15-Nov-2016 23:30:00,372.5,381.266666666667
15-Nov-2016 23:45:00,423.1,381.266666666667
16-Nov-2016 00:00:00,425.5,423.681818181818
16-Nov-2016 00:15:00,425.5,434.7
16-Nov-2016 00:30:00,425.5,434.7
16-Nov-2016 00:45:00,453.1,434.7
16-Nov-2016 01:00:00,454.4,454.4
16-Nov-2016 01:15:00,454.4,454.4
16-Nov-2016 01:30:00,454.4,454.4
16-Nov-2016 01:45:00,454.4,454.4
16-Nov-2016 02:45:00,427.3,446.916666666667
16-Nov-2016 03:00:00,427.3,399.575
16-Nov-2016 03:15:00,427.3,399.575
16-Nov-2016 03:30:00,427.3,399.575
16-Nov-2016 03:45:00,316.4,399.575
16-Nov-2016 04:00:00,311.1,316.755555555556
16-Nov-2016 04:15:00,311.1,311.65
16-Nov-2016 04:30:00,311.1,311.65
16-Nov-2016 04:45:00,310.4,311.65
16-Nov-2016 05:00:00,310.3,311.65
16-Nov-2016 05:15:00,310.3,295.766666666667
16-Nov-2016 05:30:00,310.3,295.766666666667
16-Nov-2016 05:45:00,266.7,295.766666666667
16-Nov-2016 06:00:00,264.6,274.633333333333
16-Nov-2016 06:15:00,264.6,222.95
16-Nov-2016 06:30:00,264.6,222.95
16-Nov-2016 06:45:00,264.6,222.95
16-Nov-2016 08:45:00,98.5,222.95
16-Nov-2016 09:00:00,98.5,97.4111111111111
16-Nov-2016 09:15:00,98.5,97.4111111111111
16-Nov-2016 09:30:00,98.5,97.4111111111111
16-Nov-2016 09:45:00,95.2,97.4111111111111
16-Nov-2016 10:00:00,95,97.4111111111111
16-Nov-2016 10:15:00,95,181.2
16-Nov-2016 10:30:00,95,181.2
16-Nov-2016 10:45:00,95,181.2
16-Nov-2016 13:45:00,439.8,181.2
16-Nov-2016 14:00:00,439.8,439.8
16-Nov-2016 14:15:00,439.8,439.8
16-Nov-2016 14:30:00,439.8,439.8
16-Nov-2016 14:45:00,364.2,364.2
16-Nov-2016 15:00:00,360.6,361.616666666667
16-Nov-2016 15:15:00,360.6,361.616666666667
16-Nov-2016 15:30:00,360.6,361.616666666667
16-Nov-2016 15:45:00,411.8,392.35
16-Nov-2016 16:00:00,414.3,402.825
16-Nov-2016 16:15:00,414.3,413.214285714286
16-Nov-2016 16:30:00,414.3,413.214285714286
16-Nov-2016 16:45:00,412.9,413.214285714286
16-Nov-2016 17:00:00,412.8,413.214285714286
16-Nov-2016 17:15:00,412.8,451.075
16-Nov-2016 17:45:00,412.8,451.075
16-Nov-2016 21:45:00,499,451.075
16-Nov-2016 22:00:00,499,499
16-Nov-2016 22:15:00,499,499
16-Nov-2016 22:30:00,499,499
16-Nov-2016 22:45:00,400.9,455.78
16-Nov-2016 23:15:00,396.2,398.7
16-Nov-2016 23:30:00,396.2,301.066666666667
16-Nov-2016 23:45:00,396.2,301.066666666667
17-Nov-2016 07:45:00,110.8,301.066666666667
17-Nov-2016 08:00:00,110.8,110.38
17-Nov-2016 08:15:00,110.8,110.38
17-Nov-2016 08:30:00,110.8,110.38
17-Nov-2016 08:45:00,110.8,110.38
17-Nov-2016 13:45:00,267,267
17-Nov-2016 14:00:00,267,274.633333333333
17-Nov-2016 14:15:00,267,274.633333333333
17-Nov-2016 14:30:00,267,274.633333333333
17-Nov-2016 14:45:00,312.1,274.633333333333
17-Nov-2016 15:00:00,314.3,311.65
17-Nov-2016 15:15:00,314.3,332.933333333333
17-Nov-2016 15:30:00,314.3,332.933333333333
17-Nov-2016 15:45:00,370.2,332.933333333333
17-Nov-2016 16:00:00,372.9,392.35
17-Nov-2016 16:15:00,372.9,381.266666666667
17-Nov-2016 16:30:00,372.9,381.266666666667
17-Nov-2016 16:45:00,372.9,381.266666666667
17-Nov-2016 17:45:00,273.5,360.25
17-Nov-2016 18:00:00,273.5,274.633333333333
17-Nov-2016 18:15:00,273.5,274.633333333333
17-Nov-2016 18:30:00,273.5,274.633333333333
17-Nov-2016 18:45:00,273.5,274.633333333333
17-Nov-2016 22:45:00,310,310
17-Nov-2016 23:15:00,310,312.1
17-Nov-2016 23:30:00,310,312.1
17-Nov-2016 23:45:00,315,312.1
18-Nov-2016 00:00:00,315.2,316.755555555556
18-Nov-2016 00:15:00,315.2,316.755555555556
18-Nov-2016 00:30:00,315.2,316.755555555556
18-Nov-2016 00:45:00,309.2,316.755555555556
18-Nov-2016 01:00:00,308.9,312.1
18-Nov-2016 01:15:00,308.9,312.1
18-Nov-2016 01:30:00,308.9,312.1
18-Nov-2016 01:45:00,308.9,312.1
18-Nov-2016 03:45:00,267.2,291.2
18-Nov-2016 04:00:00,267.2,251.885714285714
18-Nov-2016 04:15:00,267.2,251.885714285714
18-Nov-2016 04:30:00,267.2,251.885714285714
18-Nov-2016 04:45:00,207.4,251.885714285714
18-Nov-2016 05:00:00,204.6,178.4
18-Nov-2016 05:15:00,204.6,178.4
18-Nov-2016 05:45:00,204.6,178.4
18-Nov-2016 10:45:00,123.5,178.4
18-Nov-2016 11:00:00,123.5,174.288888888889
18-Nov-2016 11:15:00,123.5,174.288888888889
18-Nov-2016 11:45:00,123.5,174.288888888889
20-Nov-2016 17:30:00,534.2,174.288888888889
21-Nov-2016 07:45:00,103.8,426.233333333333
21-Nov-2016 08:00:00,103.8,102.9625
21-Nov-2016 08:15:00,103.8,102.9625
21-Nov-2016 08:30:00,103.8,102.9625
21-Nov-2016 08:45:00,96.7,102.9625
21-Nov-2016 11:15:00,88.1,88.1
21-Nov-2016 11:45:00,147.9,147.9
21-Nov-2016 12:15:00,150.8,148.8
21-Nov-2016 12:30:00,150.8,152.083333333333
21-Nov-2016 12:45:00,244.2,179
21-Nov-2016 13:00:00,249.8,248.444444444444
21-Nov-2016 13:15:00,249.8,248.444444444444
21-Nov-2016 13:30:00,249.8,248.444444444444
21-Nov-2016 13:45:00,370.2,370.2
21-Nov-2016 14:15:00,376,360.25
21-Nov-2016 14:45:00,446.1,446.42
21-Nov-2016 15:00:00,449.5,446.075
21-Nov-2016 15:15:00,449.5,446.075
21-Nov-2016 15:45:00,433.8,446.075
21-Nov-2016 16:15:00,433,437.5
21-Nov-2016 16:45:00,529.5,472.875
21-Nov-2016 17:00:00,534.2,533.066666666667
21-Nov-2016 17:15:00,534.2,426.233333333333
21-Nov-2016 17:45:00,407.4,426.233333333333
21-Nov-2016 18:00:00,401.2,405.655555555556
21-Nov-2016 18:15:00,401.2,398.7
21-Nov-2016 18:45:00,360.8,386.725
21-Nov-2016 19:00:00,358.9,360.25
21-Nov-2016 19:15:00,358.9,365.25
21-Nov-2016 19:45:00,346.8,352.266666666667
21-Nov-2016 20:00:00,346.2,346.2
21-Nov-2016 20:15:00,346.2,346.2
21-Nov-2016 20:30:00,346.2,346.2
21-Nov-2016 20:45:00,273,326.142857142857
21-Nov-2016 21:00:00,269.5,251.885714285714
21-Nov-2016 21:15:00,269.5,251.885714285714
21-Nov-2016 21:45:00,215.2,251.885714285714
21-Nov-2016 22:00:00,212.6,211.533333333333
21-Nov-2016 22:15:00,212.6,223.3
21-Nov-2016 22:30:00,212.6,223.3
21-Nov-2016 22:45:00,244.7,223.3
21-Nov-2016 23:00:00,246.3,254.322222222222
21-Nov-2016 23:15:00,246.3,254.322222222222
21-Nov-2016 23:30:00,246.3,254.322222222222
21-Nov-2016 23:45:00,276.8,254.322222222222
22-Nov-2016 00:00:00,278.3,275.9
22-Nov-2016 00:15:00,278.3,275.9
22-Nov-2016 00:30:00,278.3,275.9
22-Nov-2016 00:45:00,262.4,275.9
22-Nov-2016 01:15:00,261.7,262.5625
22-Nov-2016 01:30:00,261.7,262.5625
22-Nov-2016 01:45:00,245.6,262.5625
22-Nov-2016 02:15:00,244.8,254.322222222222
22-Nov-2016 02:45:00,262.5,254.322222222222
22-Nov-2016 03:00:00,263.4,262.5625
22-Nov-2016 03:15:00,263.4,222.95
22-Nov-2016 03:45:00,182,222.95
22-Nov-2016 04:00:00,178.1,184.485714285714
22-Nov-2016 04:15:00,178.1,203.95
22-Nov-2016 04:45:00,134.7,149.14
22-Nov-2016 05:15:00,132.6,143.844444444444
22-Nov-2016 05:45:00,108.7,123.1625
22-Nov-2016 06:15:00,107.3,109.4875
22-Nov-2016 06:30:00,107.3,109.4875
22-Nov-2016 06:45:00,79.1,79.1
22-Nov-2016 07:00:00,77.7,75.55
22-Nov-2016 07:15:00,77.7,72.975
22-Nov-2016 07:30:00,77.7,72.975
22-Nov-2016 07:45:00,60.6,72.975
22-Nov-2016 08:00:00,59.8,61.4111111111111
22-Nov-2016 08:15:00,59.8,61.4111111111111
22-Nov-2016 08:30:00,59.8,61.4111111111111
22-Nov-2016 08:45:00,52.8,61.4111111111111
22-Nov-2016 09:00:00,52.5,56.0888888888889
22-Nov-2016 09:15:00,52.5,56.0888888888889
22-Nov-2016 09:45:00,66.8,56.0888888888889
22-Nov-2016 10:15:00,67.4,61.4111111111111
22-Nov-2016 10:30:00,67.4,61.4111111111111
22-Nov-2016 10:45:00,77.7,61.4111111111111
22-Nov-2016 11:00:00,78.2,72.975
22-Nov-2016 11:15:00,78.2,88.5333333333333
22-Nov-2016 11:30:00,78.2,88.5333333333333
22-Nov-2016 11:45:00,103.5,88.5333333333333
22-Nov-2016 12:00:00,104.7,102.9625
22-Nov-2016 12:15:00,104.7,102.9625
22-Nov-2016 12:45:00,202.5,202.5
22-Nov-2016 13:15:00,207.2,205.6
22-Nov-2016 13:30:00,207.2,210.725
22-Nov-2016 13:45:00,221.1,210.725
22-Nov-2016 14:15:00,221.8,218.82
22-Nov-2016 14:30:00,221.8,268.1
22-Nov-2016 14:45:00,314.4,268.1
22-Nov-2016 15:15:00,318.9,316.755555555556
22-Nov-2016 15:45:00,144.2,264.3
22-Nov-2016 16:15:00,135.8,144.4125
22-Nov-2016 16:45:00,144.1,143.844444444444
22-Nov-2016 17:15:00,144.5,144.4125
22-Nov-2016 17:45:00,163.4,144.4125
22-Nov-2016 18:00:00,164.3,192.225
22-Nov-2016 18:15:00,164.3,192.225
22-Nov-2016 18:45:00,207.3,192.225
22-Nov-2016 19:00:00,209.4,210.725
22-Nov-2016 19:15:00,209.4,209.4
22-Nov-2016 19:30:00,209.4,209.4
22-Nov-2016 19:45:00,182.7,197.222222222222
22-Nov-2016 20:00:00,181.4,184.485714285714
22-Nov-2016 20:15:00,181.4,184.485714285714
22-Nov-2016 20:45:00,246.7,198.633333333333
22-Nov-2016 21:15:00,249.9,254.322222222222
22-Nov-2016 21:30:00,249.9,254.322222222222
22-Nov-2016 21:45:00,266.1,254.322222222222
22-Nov-2016 22:00:00,266.9,261.885714285714
22-Nov-2016 22:15:00,266.9,261.885714285714
22-Nov-2016 22:30:00,266.9,261.885714285714
22-Nov-2016 22:45:00,211.8,261.885714285714
22-Nov-2016 23:00:00,209.2,209.2
22-Nov-2016 23:15:00,209.2,197.222222222222
22-Nov-2016 23:45:00,196.4,197.222222222222
23-Nov-2016 00:00:00,195.8,201.85
23-Nov-2016 00:15:00,195.8,200.657142857143
23-Nov-2016 00:45:00,204.8,200.657142857143
23-Nov-2016 01:00:00,205.2,190.55
23-Nov-2016 01:15:00,205.2,210.725
23-Nov-2016 01:45:00,246.3,220.477777777778
23-Nov-2016 02:15:00,248.3,240.44
23-Nov-2016 02:45:00,238.2,240.44
23-Nov-2016 03:15:00,237.7,240.44
23-Nov-2016 03:45:00,221.6,228.1
23-Nov-2016 04:00:00,220.8,218.82
23-Nov-2016 04:15:00,220.8,218.82
23-Nov-2016 04:45:00,211.7,218.82
23-Nov-2016 05:15:00,211.3,209.2
23-Nov-2016 05:30:00,211.3,209.2
23-Nov-2016 05:45:00,208.8,209.2
23-Nov-2016 06:15:00,208.7,197.222222222222
23-Nov-2016 07:45:00,119,119
23-Nov-2016 08:15:00,117.7,126.275
23-Nov-2016 08:45:00,110.6,126.275
23-Nov-2016 09:15:00,110.3,105.3
23-Nov-2016 09:45:00,128.9,140.6
23-Nov-2016 10:15:00,129.8,118.6625
23-Nov-2016 10:30:00,129.8,118.6625
23-Nov-2016 10:45:00,110.7,118.6625
23-Nov-2016 11:15:00,109.8,105.3
23-Nov-2016 11:45:00,152.3,140.6
23-Nov-2016 12:00:00,154.4,179
23-Nov-2016 12:15:00,154.4,192.225
23-Nov-2016 12:45:00,261,192.225
23-Nov-2016 13:00:00,266.1,262.5625
23-Nov-2016 13:15:00,266.1,261.885714285714
23-Nov-2016 13:30:00,266.1,261.885714285714
23-Nov-2016 13:45:00,288.5,261.885714285714
23-Nov-2016 14:00:00,289.6,282.328571428571
23-Nov-2016 14:15:00,289.6,337.8
23-Nov-2016 14:45:00,386,337.8
23-Nov-2016 15:00:00,390.7,387.925
23-Nov-2016 15:15:00,390.7,395.08
23-Nov-2016 15:45:00,410.2,395.08
23-Nov-2016 16:00:00,411.2,405.655555555556
23-Nov-2016 16:15:00,411.2,402.825
23-Nov-2016 16:30:00,411.2,402.825
23-Nov-2016 16:45:00,374.6,402.825
23-Nov-2016 17:15:00,372.8,360.25
23-Nov-2016 17:45:00,405.6,360.25
23-Nov-2016 18:15:00,407.2,405.655555555556
23-Nov-2016 18:30:00,407.2,405.655555555556
23-Nov-2016 18:45:00,451.1,414.122222222222
23-Nov-2016 19:00:00,453.2,446.916666666667
23-Nov-2016 19:15:00,453.2,446.916666666667
23-Nov-2016 19:30:00,453.2,446.916666666667
23-Nov-2016 19:45:00,439.6,446.916666666667
23-Nov-2016 20:00:00,439,437.5
23-Nov-2016 20:15:00,439,437.5
23-Nov-2016 20:30:00,439,437.5
23-Nov-2016 20:45:00,342.3,412.757142857143
23-Nov-2016 21:00:00,337.6,344.657142857143
23-Nov-2016 21:15:00,337.6,334.3
23-Nov-2016 21:45:00,304.8,334.3
23-Nov-2016 22:00:00,303.2,291.2
23-Nov-2016 22:15:00,303.2,291.2
23-Nov-2016 22:45:00,371.4,320.85
23-Nov-2016 23:00:00,374.7,360.25
24-Nov-2016 23:15:00,146,146
24-Nov-2016 23:45:00,131.9,137.525
25-Nov-2016 00:15:00,131.2,123.1625
25-Nov-2016 00:45:00,151.3,160.04
25-Nov-2016 01:15:00,152.3,179
25-Nov-2016 01:30:00,152.3,179
25-Nov-2016 01:45:00,191.8,179
25-Nov-2016 02:00:00,193.7,184.255555555556
25-Nov-2016 02:15:00,193.7,184.255555555556
25-Nov-2016 02:45:00,166.6,184.255555555556
25-Nov-2016 03:00:00,165.3,192.225
25-Nov-2016 03:15:00,165.3,192.225
25-Nov-2016 03:45:00,130.6,136.775
25-Nov-2016 04:15:00,128.9,160.04
25-Nov-2016 04:45:00,102,118.6625
25-Nov-2016 05:15:00,100.7,101.6
25-Nov-2016 06:30:00,92.7,93.9571428571428
25-Nov-2016 06:45:00,78.3,91.8285714285714
25-Nov-2016 07:15:00,77.6,75.55
25-Nov-2016 07:45:00,74.5,72.975
25-Nov-2016 08:15:00,74.4,95.5222222222222
25-Nov-2016 08:30:00,74.4,95.5222222222222
25-Nov-2016 08:45:00,77.9,95.5222222222222
25-Nov-2016 09:00:00,78.1,72.975
25-Nov-2016 09:15:00,78.1,88.5333333333333
25-Nov-2016 09:45:00,78.1,88.5333333333333
25-Nov-2016 12:45:00,115.1,88.5333333333333
25-Nov-2016 13:15:00,115.1,118.133333333333
25-Nov-2016 13:30:00,115.1,118.133333333333
25-Nov-2016 13:45:00,142,118.133333333333
25-Nov-2016 14:00:00,143.3,144.4125
25-Nov-2016 14:15:00,143.3,144.4125
25-Nov-2016 14:30:00,143.3,144.4125
25-Nov-2016 14:45:00,137.7,144.4125
25-Nov-2016 15:15:00,137.4,143.844444444444
25-Nov-2016 15:30:00,137.4,143.844444444444
25-Nov-2016 15:45:00,166.4,143.844444444444
25-Nov-2016 16:15:00,167.8,136.775
25-Nov-2016 16:30:00,167.8,136.775
25-Nov-2016 16:45:00,167.8,136.775
26-Nov-2016 01:45:00,103.5,136.775
26-Nov-2016 02:15:00,103.5,101.6
26-Nov-2016 02:30:00,103.5,101.6
26-Nov-2016 02:45:00,92.9,101.6
26-Nov-2016 03:15:00,92.4,91.8285714285714
26-Nov-2016 03:30:00,92.4,91.8285714285714
26-Nov-2016 03:45:00,92.4,91.8285714285714
26-Nov-2016 13:45:00,161.9,112.975
26-Nov-2016 14:15:00,161.9,136.775
26-Nov-2016 14:45:00,161.9,136.775
28-Nov-2016 08:45:00,32.9,136.775
28-Nov-2016 09:00:00,32.9,40.2
28-Nov-2016 09:15:00,32.9,40.2
28-Nov-2016 09:45:00,39.6,40.2
28-Nov-2016 10:15:00,39.9,35.4142857142857
28-Nov-2016 10:30:00,39.9,260.633333333333
28-Nov-2016 10:45:00,39.9,260.633333333333
29-Nov-2016 06:15:00,702.1,260.633333333333
29-Nov-2016 06:30:00,911.1,724.742857142857
29-Nov-2016 07:45:00,208,457.55
29-Nov-2016 08:15:00,208,220.477777777778
29-Nov-2016 08:45:00,226,220.477777777778
29-Nov-2016 09:15:00,226,230.6
29-Nov-2016 09:30:00,226,230.6
29-Nov-2016 09:45:00,216,216
29-Nov-2016 10:15:00,216,211.533333333333
29-Nov-2016 10:45:00,191,211.533333333333
29-Nov-2016 11:00:00,191,184.255555555556
29-Nov-2016 11:15:00,191,184.255555555556
29-Nov-2016 11:45:00,181,184.255555555556
29-Nov-2016 12:00:00,181,198.633333333333
29-Nov-2016 12:45:00,199,198.633333333333
29-Nov-2016 13:15:00,199,221.2
29-Nov-2016 13:45:00,239,221.2
29-Nov-2016 14:15:00,239,240.44
29-Nov-2016 14:30:00,239,240.44
29-Nov-2016 14:45:00,323,323
29-Nov-2016 15:30:00,323,372.14
29-Nov-2016 15:45:00,402,372.14
29-Nov-2016 16:00:00,402,414.122222222222
29-Nov-2016 16:15:00,402,414.122222222222
29-Nov-2016 16:30:00,402,414.122222222222
29-Nov-2016 16:45:00,421,414.122222222222
29-Nov-2016 17:00:00,422,423.681818181818
29-Nov-2016 17:15:00,421,423.681818181818
29-Nov-2016 17:45:00,434,423.681818181818
29-Nov-2016 18:00:00,434,412.757142857143
29-Nov-2016 18:15:00,434,412.757142857143
29-Nov-2016 18:45:00,409,412.757142857143
29-Nov-2016 19:00:00,409,414.122222222222
29-Nov-2016 19:15:00,409,414.122222222222
29-Nov-2016 19:30:00,409,414.122222222222
29-Nov-2016 19:45:00,422,414.122222222222
29-Nov-2016 20:00:00,422,423.681818181818
29-Nov-2016 20:15:00,422,423.681818181818
29-Nov-2016 20:30:00,422,423.681818181818
29-Nov-2016 20:45:00,423,423.681818181818
29-Nov-2016 21:00:00,423,423.681818181818
29-Nov-2016 21:15:00,423,423.681818181818
29-Nov-2016 21:30:00,423,423.681818181818
29-Nov-2016 21:45:00,414,414
29-Nov-2016 22:15:00,414,413.214285714286
29-Nov-2016 22:30:00,414,413.214285714286
29-Nov-2016 22:45:00,440,456.5
29-Nov-2016 23:00:00,440,412.757142857143
29-Nov-2016 23:15:00,440,412.757142857143
29-Nov-2016 23:45:00,390,412.757142857143
30-Nov-2016 00:15:00,390,395.08
30-Nov-2016 00:30:00,390,395.08
30-Nov-2016 00:45:00,212,212
30-Nov-2016 01:00:00,212,209.2
30-Nov-2016 01:15:00,212,209.2
30-Nov-2016 01:45:00,196,209.2
30-Nov-2016 02:00:00,196,200.657142857143
30-Nov-2016 02:15:00,196,200.657142857143
30-Nov-2016 03:00:00,225,225.555555555556
30-Nov-2016 03:45:00,306,238.571428571429
30-Nov-2016 04:15:00,306,320.85
30-Nov-2016 04:45:00,284,320.85
30-Nov-2016 05:00:00,284,274.888888888889
30-Nov-2016 05:15:00,284,274.888888888889
30-Nov-2016 05:30:00,284,274.888888888889
30-Nov-2016 05:45:00,292,274.888888888889
30-Nov-2016 06:00:00,292,288.52
30-Nov-2016 06:15:00,292,288.52
30-Nov-2016 06:45:00,278,288.52
30-Nov-2016 07:00:00,278,275.9
30-Nov-2016 07:15:00,278,275.9
30-Nov-2016 07:30:00,278,275.9
30-Nov-2016 07:45:00,240,267.166666666667
30-Nov-2016 08:15:00,240,241.222222222222
30-Nov-2016 09:00:00,210,241.222222222222
30-Nov-2016 10:00:00,186,197.222222222222
30-Nov-2016 10:15:00,186,167.333333333333
30-Nov-2016 10:45:00,199,167.333333333333
30-Nov-2016 11:15:00,199,221.2
30-Nov-2016 11:45:00,238,221.2
30-Nov-2016 12:15:00,238,241.222222222222
30-Nov-2016 12:30:00,238,241.222222222222
30-Nov-2016 12:45:00,260,241.222222222222
30-Nov-2016 13:15:00,260,262.5625
30-Nov-2016 13:45:00,283,262.5625
30-Nov-2016 14:15:00,283,274.888888888889
30-Nov-2016 14:30:00,283,274.888888888889
30-Nov-2016 14:45:00,280,274.888888888889
30-Nov-2016 15:15:00,280,267.166666666667
30-Nov-2016 15:30:00,280,267.166666666667
30-Nov-2016 15:45:00,259,267.166666666667
30-Nov-2016 16:00:00,259,262.5625
30-Nov-2016 16:45:00,328,295
30-Nov-2016 17:15:00,328,372.14
30-Nov-2016 17:30:00,450,372.14
30-Nov-2016 17:45:00,345,376
30-Nov-2016 18:45:00,344,326.142857142857
30-Nov-2016 19:00:00,344,344.657142857143
30-Nov-2016 19:15:00,344,344.657142857143
30-Nov-2016 19:30:00,344,344.657142857143
30-Nov-2016 19:45:00,330,344.657142857143
30-Nov-2016 20:15:00,330,321.666666666667
30-Nov-2016 20:45:00,323,321.666666666667
30-Nov-2016 21:00:00,323,321.666666666667
30-Nov-2016 21:15:00,323,321.666666666667
30-Nov-2016 22:15:00,307,321.666666666667
30-Nov-2016 22:45:00,322,320.85
30-Nov-2016 23:15:00,322,301.1
30-Nov-2016 23:30:00,322,301.1
30-Nov-2016 23:45:00,197,261
01-Dec-2016 00:15:00,197,201.85
01-Dec-2016 00:45:00,213,201.85
01-Dec-2016 01:00:00,213,209.2
01-Dec-2016 01:45:00,312,271.333333333333
01-Dec-2016 02:00:00,312,311.65
01-Dec-2016 02:15:00,312,311.65
01-Dec-2016 02:30:00,312,311.65
01-Dec-2016 02:45:00,293,306.333333333333
01-Dec-2016 03:15:00,293,288.52
01-Dec-2016 03:45:00,387,341.5
01-Dec-2016 04:00:00,387,387.925
01-Dec-2016 04:15:00,387,387.925
01-Dec-2016 04:30:00,387,387.925
01-Dec-2016 04:45:00,455,409.142857142857
01-Dec-2016 05:15:00,455,446.916666666667
01-Dec-2016 05:45:00,470,470
01-Dec-2016 06:00:00,470,404.666666666667
01-Dec-2016 06:15:00,470,404.666666666667
01-Dec-2016 06:45:00,274,404.666666666667
01-Dec-2016 07:00:00,272,267.166666666667
01-Dec-2016 07:15:00,272,267.166666666667
01-Dec-2016 07:45:00,296,291.5
01-Dec-2016 08:15:00,296,341.5
01-Dec-2016 08:45:00,226,285.333333333333
01-Dec-2016 09:15:00,226,238.571428571429
01-Dec-2016 09:45:00,223,238.571428571429
01-Dec-2016 10:45:00,227,238.571428571429
01-Dec-2016 11:15:00,227,238.571428571429
01-Dec-2016 11:30:00,227,238.571428571429
01-Dec-2016 11:45:00,234,238.571428571429
01-Dec-2016 12:30:00,234,238.322222222222
01-Dec-2016 12:45:00,323,260.5
01-Dec-2016 13:15:00,324,321.666666666667
01-Dec-2016 13:45:00,413,350.2
01-Dec-2016 14:45:00,548,456.5
01-Dec-2016 15:15:00,548,545.757142857143
01-Dec-2016 15:30:00,548,545.757142857143
01-Dec-2016 15:45:00,485,509.666666666667
01-Dec-2016 16:15:00,485,455.78
01-Dec-2016 17:15:00,450,455.78
01-Dec-2016 17:30:00,407,376
01-Dec-2016 18:00:00,419,456.5
01-Dec-2016 18:15:00,419,456.5
01-Dec-2016 18:45:00,339,339
01-Dec-2016 19:00:00,339,334.3
01-Dec-2016 19:15:00,339,334.3
01-Dec-2016 19:45:00,323,334.3
01-Dec-2016 20:15:00,323,350.2
01-Dec-2016 21:15:00,333,350.2
01-Dec-2016 21:45:00,348,350.2
01-Dec-2016 22:15:00,348,326.142857142857
01-Dec-2016 22:45:00,334,326.142857142857
01-Dec-2016 23:30:00,334,350.2
02-Dec-2016 00:15:00,267,267
02-Dec-2016 00:45:00,287,291.5
02-Dec-2016 01:15:00,287,282.328571428571
02-Dec-2016 01:45:00,157,157
02-Dec-2016 02:15:00,157,173.625
02-Dec-2016 02:45:00,202,173.625
02-Dec-2016 03:15:00,203,205.6
02-Dec-2016 03:45:00,219,205.6
02-Dec-2016 04:15:00,219,218.82
02-Dec-2016 04:45:00,317,255.4
02-Dec-2016 05:00:00,318,316.755555555556
02-Dec-2016 05:15:00,318,316.755555555556
02-Dec-2016 05:45:00,330,316.755555555556
02-Dec-2016 06:15:00,330,287
02-Dec-2016 06:45:00,306,287
02-Dec-2016 07:15:00,306,285.333333333333
02-Dec-2016 08:00:00,275,285.333333333333
02-Dec-2016 08:45:00,252,245.25
02-Dec-2016 09:45:00,225,225.666666666667
02-Dec-2016 10:45:00,265,255.4
02-Dec-2016 11:45:00,312,312
02-Dec-2016 12:00:00,313,306.333333333333
02-Dec-2016 12:15:00,313,306.333333333333
02-Dec-2016 12:45:00,378,347
02-Dec-2016 14:15:00,431,446.42
02-Dec-2016 14:45:00,526,472.875
02-Dec-2016 15:00:00,527,528.15
02-Dec-2016 15:15:00,527,528.15
02-Dec-2016 15:30:00,527,528.15
02-Dec-2016 15:45:00,442,498.2
02-Dec-2016 16:45:00,407,407
02-Dec-2016 17:15:00,407,416.666666666667
02-Dec-2016 17:30:00,459,416.666666666667
02-Dec-2016 17:45:00,398,428.5
02-Dec-2016 18:00:00,398,386.725
02-Dec-2016 18:15:00,398,386.725
02-Dec-2016 18:30:00,398,386.725
02-Dec-2016 18:45:00,362,386.725
02-Dec-2016 19:00:00,362,361.555555555555
02-Dec-2016 19:15:00,362,361.555555555555
02-Dec-2016 19:30:00,362,361.555555555555
02-Dec-2016 19:45:00,355,361.555555555555
02-Dec-2016 20:00:00,355,352.266666666667
02-Dec-2016 20:15:00,355,352.266666666667
02-Dec-2016 20:45:00,317,337
02-Dec-2016 21:15:00,316,347
02-Dec-2016 21:45:00,252,296.428571428571
02-Dec-2016 22:15:00,251,225.666666666667
02-Dec-2016 22:45:00,201,225.666666666667
02-Dec-2016 23:00:00,200,205.6
02-Dec-2016 23:15:00,200,186.75
02-Dec-2016 23:45:00,217,186.75
03-Dec-2016 00:00:00,217,211.533333333333
03-Dec-2016 00:30:00,217,211.533333333333
03-Dec-2016 00:45:00,206,211.533333333333
03-Dec-2016 01:15:00,206,220.477777777778
03-Dec-2016 01:45:00,220,220.477777777778
03-Dec-2016 02:15:00,220,255.4
03-Dec-2016 02:45:00,248,255.4
03-Dec-2016 03:15:00,248,241.222222222222
03-Dec-2016 03:45:00,250,241.222222222222
03-Dec-2016 04:15:00,250,241.222222222222
03-Dec-2016 04:45:00,237,241.222222222222
03-Dec-2016 05:15:00,237,228.1
03-Dec-2016 05:45:00,209,228.1
03-Dec-2016 06:15:00,209,197.222222222222
03-Dec-2016 06:45:00,175,197.222222222222
03-Dec-2016 07:15:00,174,149.14
03-Dec-2016 07:45:00,132,149.14
03-Dec-2016 08:00:00,132,123.1625
03-Dec-2016 08:15:00,132,123.1625
03-Dec-2016 08:45:00,109,123.1625
03-Dec-2016 09:00:00,109,102.333333333333
03-Dec-2016 09:15:00,109,102.333333333333
03-Dec-2016 09:45:00,89,102.333333333333
03-Dec-2016 10:15:00,88,90.25
03-Dec-2016 10:45:00,98,88.3333333333333
03-Dec-2016 11:15:00,98,118.375
03-Dec-2016 11:45:00,131,118.375
03-Dec-2016 12:45:00,234,160.04
03-Dec-2016 13:15:00,235,260.5
03-Dec-2016 13:45:00,381,381
03-Dec-2016 14:45:00,541,446.42
03-Dec-2016 15:15:00,543,509.666666666667
03-Dec-2016 15:45:00,484,509.666666666667
03-Dec-2016 16:15:00,484,455.78
03-Dec-2016 16:45:00,459,455.78
03-Dec-2016 17:15:00,459,428.5
03-Dec-2016 17:45:00,486,475.333333333333
03-Dec-2016 18:15:00,486,487.714285714286
03-Dec-2016 18:45:00,523,487.714285714286
03-Dec-2016 19:00:00,524,498.2
03-Dec-2016 19:15:00,524,498.2
03-Dec-2016 19:45:00,474,498.2
03-Dec-2016 20:00:00,474,487.714285714286
03-Dec-2016 20:15:00,474,487.714285714286
03-Dec-2016 20:45:00,467,487.714285714286
03-Dec-2016 21:15:00,467,475.333333333333
03-Dec-2016 21:30:00,467,475.333333333333
03-Dec-2016 21:45:00,495,475.333333333333
03-Dec-2016 22:00:00,495,487.714285714286
03-Dec-2016 22:15:00,495,487.714285714286
03-Dec-2016 22:45:00,402,447.833333333333
03-Dec-2016 23:00:00,401,416.666666666667
03-Dec-2016 23:15:00,401,386.725
03-Dec-2016 23:45:00,375,386.725
04-Dec-2016 00:00:00,375,361.555555555555
04-Dec-2016 00:15:00,375,361.555555555555
04-Dec-2016 00:45:00,337,361.555555555555
04-Dec-2016 01:15:00,336,334.3
04-Dec-2016 01:45:00,298,321.571428571428
04-Dec-2016 02:15:00,297,285.333333333333
04-Dec-2016 02:45:00,283,285.333333333333
04-Dec-2016 03:15:00,283,274.888888888889
04-Dec-2016 03:45:00,201,274.888888888889
04-Dec-2016 04:30:00,200,205.6
04-Dec-2016 04:45:00,173,186.75
04-Dec-2016 05:15:00,172,149.14
04-Dec-2016 05:45:00,133,149.14
04-Dec-2016 06:15:00,132,143.844444444444
04-Dec-2016 07:15:00,107,123.1625
04-Dec-2016 08:15:00,109,99.7777777777778
04-Dec-2016 08:45:00,130,128.111111111111
04-Dec-2016 09:00:00,130,118.6625
04-Dec-2016 09:15:00,130,118.6625
04-Dec-2016 09:45:00,91,118.6625
04-Dec-2016 10:15:00,91,112.975
04-Dec-2016 10:45:00,85,112.975
04-Dec-2016 11:30:00,85,111.5
04-Dec-2016 12:15:00,148,111.5
04-Dec-2016 13:45:00,369,224.75
04-Dec-2016 14:15:00,369,361.555555555555
04-Dec-2016 15:00:00,357,361.555555555555
04-Dec-2016 15:15:00,357,337
04-Dec-2016 15:45:00,401,374
04-Dec-2016 16:15:00,401,386.725
04-Dec-2016 17:15:00,444,422
04-Dec-2016 17:45:00,526,470.5
04-Dec-2016 18:15:00,527,498.2
04-Dec-2016 18:45:00,420,420
04-Dec-2016 19:00:00,419,427
04-Dec-2016 19:15:00,419,370
04-Dec-2016 19:45:00,317,370
04-Dec-2016 20:15:00,316,296.428571428571
04-Dec-2016 20:45:00,283,296.428571428571
04-Dec-2016 21:45:00,334,297.75
04-Dec-2016 22:15:00,334,321.571428571428
04-Dec-2016 22:45:00,316,321.571428571428
04-Dec-2016 23:00:00,316,296.428571428571
05-Dec-2016 00:15:00,276,296.428571428571
05-Dec-2016 00:30:00,276,264.833333333333
05-Dec-2016 01:15:00,245,264.833333333333
05-Dec-2016 01:30:00,245,272
05-Dec-2016 02:15:00,249,272
05-Dec-2016 02:30:00,249,272
05-Dec-2016 02:45:00,290,272
05-Dec-2016 03:15:00,290,285.333333333333
05-Dec-2016 03:45:00,267,285.333333333333
05-Dec-2016 04:00:00,267,268.142857142857
05-Dec-2016 04:45:00,265,268.142857142857
05-Dec-2016 05:15:00,265,251.2
05-Dec-2016 05:45:00,227,251.2
05-Dec-2016 06:15:00,227,255.4
05-Dec-2016 06:45:00,153,218.142857142857
05-Dec-2016 07:15:00,152,149.25
05-Dec-2016 07:45:00,117,149.25
05-Dec-2016 09:15:00,107,118.133333333333
05-Dec-2016 09:45:00,92,99.7777777777778
05-Dec-2016 12:15:00,114,112.975
05-Dec-2016 12:45:00,211,151
05-Dec-2016 13:15:00,212,271.333333333333
05-Dec-2016 14:15:00,290,271.333333333333
05-Dec-2016 15:45:00,308,285.333333333333
05-Dec-2016 16:45:00,316,285.333333333333
05-Dec-2016 17:00:00,316,296.428571428571
05-Dec-2016 17:15:00,316,296.428571428571
05-Dec-2016 17:30:00,378,334.125
05-Dec-2016 18:45:00,402,446.42
05-Dec-2016 19:00:00,402,416.666666666667
05-Dec-2016 19:15:00,402,416.666666666667
05-Dec-2016 19:45:00,431,416.666666666667
05-Dec-2016 20:15:00,431,472.875
05-Dec-2016 21:15:00,405,472.875
05-Dec-2016 21:45:00,416,416.666666666667
05-Dec-2016 22:15:00,417,416.666666666667
05-Dec-2016 22:45:00,374,370
05-Dec-2016 23:15:00,373,373.666666666667
05-Dec-2016 23:45:00,374,373.666666666667
06-Dec-2016 00:15:00,374,373.666666666667
06-Dec-2016 00:45:00,343,343
06-Dec-2016 01:45:00,371,344.657142857143
06-Dec-2016 03:15:00,525,446.333333333333
06-Dec-2016 03:45:00,602,538.75
06-Dec-2016 04:30:00,603,572.033333333333
06-Dec-2016 06:00:00,570,572.033333333333
06-Dec-2016 07:00:00,527,509.666666666667
06-Dec-2016 08:30:00,458,538.75
06-Dec-2016 10:30:00,483,475.333333333333
06-Dec-2016 12:00:00,424,447.833333333333
06-Dec-2016 12:30:00,424,427
06-Dec-2016 13:00:00,425,427
06-Dec-2016 13:30:00,425,427
06-Dec-2016 14:30:00,442,427
06-Dec-2016 15:00:00,415,470.5
06-Dec-2016 15:30:00,415,416.666666666667
06-Dec-2016 16:00:00,382,318
06-Dec-2016 16:30:00,382,380
06-Dec-2016 17:00:00,378,380
06-Dec-2016 17:30:00,412,446.42
06-Dec-2016 18:00:00,273,318
06-Dec-2016 18:30:00,273,245.25
06-Dec-2016 19:00:00,213,245.25
06-Dec-2016 19:30:00,213,197.166666666667
06-Dec-2016 20:00:00,180,197.166666666667
06-Dec-2016 20:30:00,180,198.633333333333
06-Dec-2016 21:00:00,179,198.633333333333
06-Dec-2016 21:30:00,179,179
06-Dec-2016 22:00:00,151,158.666666666667
06-Dec-2016 22:30:00,151,149.25
06-Dec-2016 23:30:00,167,149.25
07-Dec-2016 00:00:00,172,154.333333333333
07-Dec-2016 00:30:00,172,158.666666666667
07-Dec-2016 01:00:00,144,158.666666666667
07-Dec-2016 01:30:00,144,144.4125
07-Dec-2016 02:00:00,133,134.25
07-Dec-2016 02:30:00,133,143.844444444444
07-Dec-2016 03:00:00,152,143.844444444444
07-Dec-2016 03:30:00,152,149.25
07-Dec-2016 04:00:00,158,149.25
07-Dec-2016 04:30:00,158,173.625
07-Dec-2016 05:00:00,198,173.625
07-Dec-2016 05:30:00,198,201.85
07-Dec-2016 06:30:00,205,201.85
07-Dec-2016 07:00:00,178,190.55
07-Dec-2016 07:30:00,178,158.666666666667
07-Dec-2016 08:00:00,165,158.666666666667
07-Dec-2016 08:30:00,165,154.333333333333
07-Dec-2016 09:00:00,120,154.333333333333
07-Dec-2016 09:30:00,120,126.275
07-Dec-2016 10:00:00,126,126.275
07-Dec-2016 10:30:00,126,140.42
07-Dec-2016 11:00:00,122,140.42
07-Dec-2016 11:30:00,122,126.275
07-Dec-2016 12:00:00,132,126.275
07-Dec-2016 12:30:00,132,123.1625
07-Dec-2016 13:00:00,181,181
07-Dec-2016 13:30:00,181,198.633333333333
07-Dec-2016 14:00:00,245,198.633333333333
07-Dec-2016 14:30:00,245,272
07-Dec-2016 15:00:00,354,272
07-Dec-2016 15:30:00,354,374
07-Dec-2016 16:00:00,389,374
07-Dec-2016 16:30:00,389,409.142857142857
07-Dec-2016 17:00:00,412,409.142857142857
07-Dec-2016 17:30:00,299,318
07-Dec-2016 18:00:00,406,334.125
07-Dec-2016 18:30:00,406,408.333333333333
07-Dec-2016 19:00:00,371,408.333333333333
07-Dec-2016 20:00:00,448,446.333333333333
07-Dec-2016 20:30:00,448,408.333333333333
07-Dec-2016 21:00:00,305,372.125
07-Dec-2016 21:30:00,305,334.125
07-Dec-2016 22:00:00,325,334.125
07-Dec-2016 22:30:00,325,302.5
07-Dec-2016 23:00:00,280,302.5
07-Dec-2016 23:30:00,280,264.833333333333
08-Dec-2016 00:00:00,253,264.833333333333
08-Dec-2016 01:00:00,212,293.714285714286
08-Dec-2016 01:30:00,212,197.166666666667
08-Dec-2016 02:00:00,192,197.166666666667
08-Dec-2016 02:30:00,192,225.555555555556
08-Dec-2016 03:00:00,281,225.555555555556
08-Dec-2016 03:30:00,281,264.833333333333
08-Dec-2016 04:00:00,254,264.833333333333
08-Dec-2016 04:30:00,254,293.714285714286
08-Dec-2016 05:00:00,359,293.714285714286
08-Dec-2016 05:30:00,359,446.333333333333
08-Dec-2016 06:00:00,533,446.333333333333
08-Dec-2016 06:30:00,533,538.75
08-Dec-2016 07:00:00,606,538.75
08-Dec-2016 07:30:00,606,602.8
08-Dec-2016 08:00:00,598,602.8
08-Dec-2016 08:30:00,598,602.8
08-Dec-2016 09:00:00,606,602.8
08-Dec-2016 09:30:00,606,602.8
08-Dec-2016 10:30:00,547,569.5
08-Dec-2016 11:00:00,475,509.666666666667
08-Dec-2016 11:30:00,475,447.833333333333
08-Dec-2016 12:00:00,477,447.833333333333
08-Dec-2016 13:00:00,421,447.833333333333
08-Dec-2016 14:00:00,336,372.125
08-Dec-2016 14:30:00,336,321.571428571428
08-Dec-2016 15:00:00,318,321.571428571428
08-Dec-2016 15:30:00,318,334.125
08-Dec-2016 16:00:00,306,334.125
08-Dec-2016 16:30:00,306,334.125
08-Dec-2016 18:00:00,329,334.125
08-Dec-2016 18:30:00,329,348.222222222222
08-Dec-2016 19:00:00,386,348.222222222222
08-Dec-2016 19:30:00,386,409.142857142857
08-Dec-2016 20:00:00,423,409.142857142857
08-Dec-2016 20:30:00,423,372.125
08-Dec-2016 21:00:00,388,372.125
08-Dec-2016 21:30:00,388,409.142857142857
08-Dec-2016 22:00:00,411,409.142857142857
08-Dec-2016 22:30:00,411,372.125
08-Dec-2016 23:00:00,339,372.125
08-Dec-2016 23:30:00,339,334.3
09-Dec-2016 00:00:00,350,334.3
09-Dec-2016 00:30:00,350,374
09-Dec-2016 01:00:00,400,374
09-Dec-2016 01:30:00,400,422
09-Dec-2016 02:00:00,350,350
09-Dec-2016 02:30:00,350,374
09-Dec-2016 03:00:00,519,438
09-Dec-2016 03:30:00,519,538.75
09-Dec-2016 04:00:00,524,538.75
09-Dec-2016 04:30:00,524,538.75
09-Dec-2016 05:00:00,544,538.75
09-Dec-2016 05:30:00,544,509.666666666667
09-Dec-2016 06:00:00,418,450.555555555555
09-Dec-2016 06:30:00,418,372.125
09-Dec-2016 07:00:00,357,372.125
09-Dec-2016 07:30:00,357,438
09-Dec-2016 08:30:00,215,215
09-Dec-2016 09:00:00,164,164
09-Dec-2016 10:00:00,160,154.333333333333
09-Dec-2016 10:30:00,160,173.625
09-Dec-2016 11:00:00,183,173.625
09-Dec-2016 11:30:00,183,198.633333333333
09-Dec-2016 12:30:00,193,198.633333333333
09-Dec-2016 13:00:00,322,225.555555555556
09-Dec-2016 13:30:00,322,261
09-Dec-2016 14:00:00,289,261
09-Dec-2016 15:00:00,692,692
09-Dec-2016 15:30:00,692,591.94
09-Dec-2016 16:00:00,536,591.94
09-Dec-2016 17:00:00,423,450.555555555555
09-Dec-2016 17:30:00,258,258
09-Dec-2016 18:00:00,342,286.7125
09-Dec-2016 18:30:00,342,344.657142857143
09-Dec-2016 19:00:00,287,313
09-Dec-2016 20:00:00,250,326.666666666667
09-Dec-2016 20:30:00,250,252.2
09-Dec-2016 21:30:00,242,252.2
09-Dec-2016 22:30:00,258,252.2
10-Dec-2016 00:00:00,235,286.7125
10-Dec-2016 01:00:00,262,288.666666666667
10-Dec-2016 01:30:00,262,295
10-Dec-2016 02:00:00,202,216
10-Dec-2016 02:30:00,202,205.6
10-Dec-2016 03:30:00,208,205.6
10-Dec-2016 04:00:00,235,220.477777777778
10-Dec-2016 04:30:00,235,288.666666666667
10-Dec-2016 05:00:00,369,288.666666666667
10-Dec-2016 05:30:00,369,446.333333333333
10-Dec-2016 06:30:00,444,446.333333333333
10-Dec-2016 07:00:00,420,404.333333333333
10-Dec-2016 07:30:00,420,404.333333333333
10-Dec-2016 08:00:00,347,404.333333333333
10-Dec-2016 08:30:00,347,326.142857142857
10-Dec-2016 09:30:00,291,326.142857142857
10-Dec-2016 11:30:00,273,284.714285714286
10-Dec-2016 12:00:00,243,245.25
10-Dec-2016 12:30:00,243,252.2
10-Dec-2016 13:00:00,268,252.2
10-Dec-2016 13:30:00,268,268.142857142857
10-Dec-2016 14:00:00,282,268.142857142857
10-Dec-2016 14:30:00,282,297.75
10-Dec-2016 15:00:00,292,297.75
10-Dec-2016 15:30:00,292,284.714285714286
10-Dec-2016 16:00:00,266,284.714285714286
10-Dec-2016 16:30:00,266,268.142857142857
10-Dec-2016 17:00:00,258,268.142857142857
10-Dec-2016 17:30:00,307,286.7125
10-Dec-2016 18:00:00,240,240
10-Dec-2016 18:30:00,240,246
10-Dec-2016 19:00:00,253,246
10-Dec-2016 19:30:00,253,293.714285714286
10-Dec-2016 20:00:00,350,293.714285714286
10-Dec-2016 20:30:00,350,327.4
10-Dec-2016 21:00:00,352,327.4
10-Dec-2016 21:30:00,352,327.4
10-Dec-2016 22:30:00,331,327.4
10-Dec-2016 23:00:00,225,287
10-Dec-2016 23:30:00,225,218.142857142857
11-Dec-2016 00:00:00,197,218.142857142857
11-Dec-2016 00:30:00,197,201.85
11-Dec-2016 01:30:00,212,201.85
11-Dec-2016 02:00:00,216,197.166666666667
11-Dec-2016 02:30:00,216,217
11-Dec-2016 03:00:00,218,217
11-Dec-2016 04:00:00,271,271
11-Dec-2016 04:30:00,271,268.142857142857
11-Dec-2016 05:00:00,286,284.5
11-Dec-2016 06:00:00,279,326.666666666667
11-Dec-2016 07:00:00,283,284.5
11-Dec-2016 07:30:00,283,297.75
11-Dec-2016 08:00:00,204,237
11-Dec-2016 09:00:00,175,190.55
11-Dec-2016 10:00:00,142,158.666666666667
11-Dec-2016 10:30:00,142,134.25
11-Dec-2016 11:00:00,116,134.25
11-Dec-2016 11:30:00,116,118.133333333333
11-Dec-2016 12:00:00,126,118.133333333333
11-Dec-2016 12:30:00,126,140.42
11-Dec-2016 13:00:00,219,178
11-Dec-2016 14:00:00,224,218.142857142857
11-Dec-2016 15:00:00,265,218.142857142857
11-Dec-2016 16:00:00,270,251.2
11-Dec-2016 16:30:00,270,237
11-Dec-2016 17:00:00,307,289.333333333333
11-Dec-2016 17:30:00,399,399
11-Dec-2016 18:30:00,324,260.25
11-Dec-2016 20:00:00,240,313.444444444444
11-Dec-2016 20:30:00,240,246
11-Dec-2016 22:30:00,252,246
11-Dec-2016 23:30:00,364,293.714285714286
12-Dec-2016 00:30:00,306,260.25
12-Dec-2016 01:00:00,291,293.333333333333
12-Dec-2016 01:30:00,291,284.714285714286
12-Dec-2016 02:00:00,323,284.714285714286
12-Dec-2016 02:30:00,323,313.444444444444
12-Dec-2016 03:00:00,339,313.444444444444
12-Dec-2016 03:30:00,339,313
12-Dec-2016 05:00:00,373,378.833333333333
12-Dec-2016 06:00:00,263,260.25
12-Dec-2016 06:30:00,263,166
12-Dec-2016 09:00:00,69,166
12-Dec-2016 10:00:00,48,61.4111111111111
12-Dec-2016 10:30:00,48,46.4285714285714
12-Dec-2016 11:00:00,60,46.4285714285714
12-Dec-2016 11:30:00,60,61.4111111111111
12-Dec-2016 13:00:00,454,454
12-Dec-2016 13:30:00,454,475.333333333333
12-Dec-2016 14:00:00,413,413
12-Dec-2016 14:30:00,413,404.333333333333
12-Dec-2016 15:00:00,413,404.333333333333
12-Dec-2016 15:30:00,413,404.333333333333
12-Dec-2016 16:00:00,442,437
12-Dec-2016 16:30:00,442,437
12-Dec-2016 17:00:00,399,437
12-Dec-2016 17:30:00,148,260.25
12-Dec-2016 18:00:00,248,224.75
12-Dec-2016 18:30:00,248,246
12-Dec-2016 19:00:00,243,246
12-Dec-2016 20:00:00,268,268
12-Dec-2016 20:30:00,268,289.333333333333
12-Dec-2016 21:00:00,293,289.333333333333
12-Dec-2016 21:30:00,293,284.714285714286
12-Dec-2016 22:30:00,255,284.714285714286
12-Dec-2016 23:00:00,264,293.714285714286
12-Dec-2016 23:30:00,264,271
13-Dec-2016 00:00:00,316,271
13-Dec-2016 01:00:00,299,293.333333333333
13-Dec-2016 01:30:00,299,304.333333333333
13-Dec-2016 02:00:00,317,304.333333333333
13-Dec-2016 03:00:00,265,293.333333333333
13-Dec-2016 04:00:00,260,251.2
13-Dec-2016 04:30:00,260,216
13-Dec-2016 06:30:00,186,216
13-Dec-2016 07:00:00,117,167.333333333333
13-Dec-2016 08:00:00,111,118.133333333333
13-Dec-2016 09:00:00,92,105.3
13-Dec-2016 09:30:00,92,78.3333333333333
13-Dec-2016 10:30:00,58,78.3333333333333
13-Dec-2016 11:00:00,82,84.6666666666667
13-Dec-2016 12:30:00,94,104.78
13-Dec-2016 14:00:00,146,115
13-Dec-2016 14:30:00,146,134.25
13-Dec-2016 15:00:00,235,168.666666666667
13-Dec-2016 16:00:00,161,233
13-Dec-2016 16:30:00,161,154.333333333333
13-Dec-2016 17:00:00,148,154.333333333333
13-Dec-2016 18:00:00,153,224.75
13-Dec-2016 18:30:00,153,149.25
13-Dec-2016 19:00:00,144,149.25
13-Dec-2016 19:30:00,144,168.666666666667
13-Dec-2016 20:00:00,157,168.666666666667
13-Dec-2016 20:30:00,157,173.625
13-Dec-2016 21:00:00,174,173.625
13-Dec-2016 22:00:00,192,169.8
13-Dec-2016 22:30:00,192,225.555555555556
13-Dec-2016 23:30:00,154,225.555555555556
14-Dec-2016 00:30:00,213,213
14-Dec-2016 01:00:00,170,197.166666666667
14-Dec-2016 01:30:00,170,169.8
14-Dec-2016 06:00:00,158,169.8
14-Dec-2016 09:00:00,107,107
14-Dec-2016 11:30:00,98,99.7777777777778
14-Dec-2016 12:00:00,124,118.375
14-Dec-2016 13:00:00,191,174.288888888889
14-Dec-2016 13:30:00,191,225.555555555556
14-Dec-2016 14:00:00,297,225.555555555556
14-Dec-2016 14:30:00,297,304.333333333333
14-Dec-2016 16:00:00,266,222
14-Dec-2016 16:30:00,266,263
14-Dec-2016 17:00:00,262,263
14-Dec-2016 17:30:00,352,260.375
14-Dec-2016 18:00:00,252,327.4
14-Dec-2016 19:00:00,264,233
14-Dec-2016 19:30:00,264,271
14-Dec-2016 20:00:00,247,271
14-Dec-2016 21:00:00,283,233
14-Dec-2016 23:00:00,249,263
14-Dec-2016 23:30:00,249,233
15-Dec-2016 00:30:00,262,233
15-Dec-2016 01:00:00,273,260.375
15-Dec-2016 02:00:00,267,263
15-Dec-2016 04:00:00,240,263
15-Dec-2016 04:30:00,240,233
15-Dec-2016 07:30:00,132,233
15-Dec-2016 11:00:00,65,113.4
15-Dec-2016 11:30:00,65,70.2857142857143
15-Dec-2016 12:30:00,76,70.2857142857143
15-Dec-2016 13:00:00,164,95.5222222222222
15-Dec-2016 14:00:00,360,360
15-Dec-2016 15:00:00,375,277
15-Dec-2016 16:30:00,394,374.666666666667
15-Dec-2016 18:00:00,332,333.571428571429
15-Dec-2016 18:30:00,332,321.571428571428
15-Dec-2016 19:00:00,317,321.571428571428
15-Dec-2016 19:30:00,317,293.333333333333
15-Dec-2016 20:00:00,326,293.333333333333
15-Dec-2016 20:30:00,326,348.222222222222
15-Dec-2016 21:00:00,320,348.222222222222
15-Dec-2016 21:30:00,320,353.5
15-Dec-2016 22:00:00,337,353.5
15-Dec-2016 22:30:00,337,378.833333333333
15-Dec-2016 23:00:00,354,378.833333333333
16-Dec-2016 00:00:00,488,488
16-Dec-2016 00:30:00,488,447.833333333333
16-Dec-2016 01:00:00,361,400.142857142857
16-Dec-2016 02:00:00,367,277
16-Dec-2016 02:30:00,367,436
16-Dec-2016 03:00:00,505,436
16-Dec-2016 04:30:00,293,293
16-Dec-2016 05:00:00,196,222
16-Dec-2016 06:00:00,176,225.555555555556
16-Dec-2016 06:30:00,176,169.8
16-Dec-2016 07:00:00,153,169.8
16-Dec-2016 08:00:00,100,100
16-Dec-2016 09:00:00,102,93.9571428571428
16-Dec-2016 10:00:00,106,101.6
16-Dec-2016 10:30:00,106,99.7777777777778
16-Dec-2016 11:00:00,118,99.7777777777778
16-Dec-2016 12:00:00,126,126.275
16-Dec-2016 12:30:00,126,178
16-Dec-2016 13:00:00,208,178
16-Dec-2016 15:00:00,223,220.477777777778
16-Dec-2016 15:30:00,223,218.142857142857
16-Dec-2016 16:00:00,240,218.142857142857
16-Dec-2016 16:30:00,240,233
16-Dec-2016 19:00:00,266,233
16-Dec-2016 20:00:00,289,263
16-Dec-2016 20:30:00,289,279.833333333333
16-Dec-2016 21:00:00,265,279.833333333333
16-Dec-2016 22:00:00,234,251.2
16-Dec-2016 22:30:00,234,260.5
16-Dec-2016 23:00:00,258,260.5
16-Dec-2016 23:30:00,258,286.7125
17-Dec-2016 00:00:00,320,286.7125
17-Dec-2016 01:00:00,341,353.5
17-Dec-2016 02:00:00,399,378.833333333333
17-Dec-2016 04:00:00,309,333.571428571429
17-Dec-2016 05:00:00,259,293.333333333333
17-Dec-2016 05:30:00,259,260.375
17-Dec-2016 07:00:00,181,260.375
17-Dec-2016 08:30:00,143,142
17-Dec-2016 09:00:00,148,168.666666666667
17-Dec-2016 10:00:00,129,224.75
17-Dec-2016 11:00:00,126,118.6625
17-Dec-2016 12:30:00,237,178
17-Dec-2016 13:30:00,437,437
17-Dec-2016 16:00:00,465,437
17-Dec-2016 20:30:00,187,400.142857142857
17-Dec-2016 23:30:00,341,286
18-Dec-2016 02:00:00,349,378.833333333333
18-Dec-2016 02:30:00,349,354.5
18-Dec-2016 03:00:00,358,354.5
18-Dec-2016 04:00:00,322,323.75
18-Dec-2016 07:00:00,183,261
18-Dec-2016 11:00:00,141,142
18-Dec-2016 13:30:00,326,309
18-Dec-2016 20:00:00,382,348.222222222222
19-Dec-2016 01:00:00,331,333.571428571429
19-Dec-2016 02:00:00,398,398
19-Dec-2016 05:30:00,318,333.571428571429
19-Dec-2016 08:30:00,138,223
19-Dec-2016 17:00:00,326,188.98
19-Dec-2016 19:00:00,357,348.222222222222
19-Dec-2016 23:30:00,335,323.75
20-Dec-2016 03:30:00,248,248
20-Dec-2016 04:00:00,200,205.555555555556
20-Dec-2016 12:30:00,157,186.75
20-Dec-2016 14:30:00,222,222
20-Dec-2016 19:00:00,139,204
20-Dec-2016 21:00:00,145,188.98
21-Dec-2016 00:30:00,142,168.666666666667
21-Dec-2016 04:30:00,186,168.666666666667
21-Dec-2016 18:30:00,231,286
22-Dec-2016 00:00:00,140,204
22-Dec-2016 04:30:00,292,309
22-Dec-2016 07:00:00,176,222
22-Dec-2016 16:00:00,338,231
22-Dec-2016 18:00:00,461,378.833333333333
23-Dec-2016 09:00:00,430,400.142857142857
17-Feb-2017 17:30:00,176,176
18-Feb-2017 18:00:00,195,231
18-Feb-2017 18:30:00,195,178.111111111111
18-Feb-2017 19:00:00,186,178.111111111111
18-Feb-2017 19:30:00,186,187.111111111111
18-Feb-2017 20:00:00,159,187.111111111111
18-Feb-2017 20:30:00,159,161.333333333333
18-Feb-2017 21:00:00,170,161.333333333333
18-Feb-2017 21:30:00,170,231
18-Feb-2017 22:00:00,221,231
18-Feb-2017 22:30:00,221,204
18-Feb-2017 23:00:00,214,204
18-Feb-2017 23:30:00,214,229.5
19-Feb-2017 00:00:00,245,229.5
19-Feb-2017 00:30:00,245,205.555555555556
19-Feb-2017 01:00:00,236,205.555555555556
19-Feb-2017 01:30:00,236,265.75
19-Feb-2017 02:00:00,303,265.75
19-Feb-2017 02:30:00,303,293.333333333333
19-Feb-2017 03:00:00,268,293.333333333333
19-Feb-2017 03:30:00,268,263
19-Feb-2017 05:00:00,142,209.5
19-Feb-2017 05:30:00,142,135.75
19-Feb-2017 06:00:00,107,135.75
19-Feb-2017 06:30:00,107,99.7777777777778
19-Feb-2017 07:00:00,71,99.7777777777778
19-Feb-2017 07:30:00,71,70.2857142857143
19-Feb-2017 08:00:00,53,70.2857142857143
19-Feb-2017 08:30:00,53,56.0888888888889
19-Feb-2017 09:00:00,49,56.0888888888889
19-Feb-2017 09:30:00,49,45.7777777777778
19-Feb-2017 10:00:00,52,45.7777777777778
19-Feb-2017 10:30:00,52,56.0888888888889
19-Feb-2017 11:00:00,68,56.0888888888889
19-Feb-2017 11:30:00,68,70.2857142857143
19-Feb-2017 12:00:00,84,70.2857142857143
19-Feb-2017 12:30:00,84,111.5
19-Feb-2017 13:00:00,137,111.5
19-Feb-2017 13:30:00,137,113.4
19-Feb-2017 14:00:00,125,113.4
19-Feb-2017 14:30:00,125,140.6
19-Feb-2017 15:00:00,131,140.6
19-Feb-2017 15:30:00,131,160.04
19-Feb-2017 16:00:00,155,160.04
19-Feb-2017 16:30:00,155,161.333333333333
19-Feb-2017 17:30:00,272,187.571428571429
19-Feb-2017 18:30:00,282,209.5
19-Feb-2017 19:00:00,245,209.5
19-Feb-2017 20:00:00,195,205.555555555556
19-Feb-2017 21:30:00,199,178.111111111111
19-Feb-2017 22:00:00,231,221.2
19-Feb-2017 22:30:00,231,204
19-Feb-2017 23:30:00,245,204
20-Feb-2017 00:00:00,152,205.555555555556
20-Feb-2017 00:30:00,152,169.833333333333
20-Feb-2017 01:00:00,155,169.833333333333
20-Feb-2017 05:00:00,134,187.571428571429
20-Feb-2017 05:30:00,134,113.4
20-Feb-2017 06:00:00,106,113.4
20-Feb-2017 06:30:00,106,99.7777777777778
20-Feb-2017 07:00:00,91,99.7777777777778
20-Feb-2017 07:30:00,91,98
20-Feb-2017 08:00:00,116,98
20-Feb-2017 08:30:00,116,118.133333333333
20-Feb-2017 09:00:00,78,101.714285714286
20-Feb-2017 09:30:00,78,72.975
20-Feb-2017 10:00:00,59,72.975
20-Feb-2017 10:30:00,59,58.2857142857143
20-Feb-2017 11:00:00,57,58.2857142857143
20-Feb-2017 11:30:00,57,84.6666666666667
20-Feb-2017 12:00:00,115,84.6666666666667
20-Feb-2017 12:30:00,115,151
20-Feb-2017 13:00:00,127,151
20-Feb-2017 13:30:00,127,178
20-Feb-2017 14:00:00,151,178
20-Feb-2017 14:30:00,151,169.833333333333
20-Feb-2017 16:00:00,186,169.833333333333
20-Feb-2017 16:30:00,186,187.111111111111
20-Feb-2017 17:00:00,272,187.111111111111
20-Feb-2017 18:00:00,169,209.5
20-Feb-2017 18:30:00,169,147
20-Feb-2017 20:00:00,125,147
20-Feb-2017 20:30:00,125,140.6
20-Feb-2017 21:00:00,145,140.6
20-Feb-2017 21:30:00,145,164.5
20-Feb-2017 22:00:00,184,164.5
20-Feb-2017 22:30:00,184,182.4
20-Feb-2017 23:00:00,181,182.4
20-Feb-2017 23:30:00,181,182.4
21-Feb-2017 00:00:00,183,182.4
21-Feb-2017 00:30:00,183,182.4
21-Feb-2017 01:00:00,156,152.428571428571
21-Feb-2017 01:30:00,156,187.571428571429
21-Feb-2017 02:00:00,178,187.571428571429
21-Feb-2017 02:30:00,178,152.428571428571
21-Feb-2017 03:00:00,139,152.428571428571
21-Feb-2017 03:30:00,139,188.98
21-Feb-2017 05:00:00,197,188.98
21-Feb-2017 05:30:00,197,201.85
21-Feb-2017 06:00:00,116,116
21-Feb-2017 06:30:00,116,101.714285714286
21-Feb-2017 07:00:00,88,101.714285714286
21-Feb-2017 07:30:00,88,88.3333333333333
21-Feb-2017 08:00:00,79,88.3333333333333
21-Feb-2017 08:30:00,79,75.55
21-Feb-2017 09:00:00,79,75.55
21-Feb-2017 09:30:00,79,75.55
21-Feb-2017 10:00:00,61,75.55
21-Feb-2017 10:30:00,61,58.2857142857143
21-Feb-2017 11:00:00,59,58.2857142857143
21-Feb-2017 11:30:00,59,58.2857142857143
21-Feb-2017 12:00:00,54,58.2857142857143
21-Feb-2017 12:30:00,54,65.5
21-Feb-2017 13:00:00,64,65.5
21-Feb-2017 13:30:00,64,103
21-Feb-2017 14:00:00,140,103
21-Feb-2017 14:30:00,140,135.75
21-Feb-2017 15:00:00,142,135.75
21-Feb-2017 15:30:00,142,135.75
21-Feb-2017 16:00:00,135,135.75
21-Feb-2017 16:30:00,135,133.75
21-Feb-2017 17:00:00,122,133.75
21-Feb-2017 17:30:00,83,113.142857142857
21-Feb-2017 19:00:00,176,104.78
21-Feb-2017 19:30:00,176,152.428571428571
21-Feb-2017 20:00:00,127,152.428571428571
21-Feb-2017 20:30:00,127,111.888888888889
21-Feb-2017 21:00:00,113,111.888888888889
21-Feb-2017 21:30:00,113,105.3
21-Feb-2017 22:00:00,98,105.3
21-Feb-2017 22:30:00,98,118.375
21-Feb-2017 23:00:00,129,118.375
22-Feb-2017 23:30:00,71,111.888888888889
23-Feb-2017 00:00:00,75,70.2857142857143
23-Feb-2017 00:30:00,75,95.5222222222222
23-Feb-2017 01:00:00,166,95.5222222222222
23-Feb-2017 01:30:00,166,187.571428571429
23-Feb-2017 02:00:00,240,187.571428571429
23-Feb-2017 02:30:00,240,205.555555555556
23-Feb-2017 03:00:00,173,205.555555555556
23-Feb-2017 03:30:00,173,152.428571428571
23-Feb-2017 04:00:00,118,152.428571428571
23-Feb-2017 04:30:00,118,113.142857142857
23-Feb-2017 05:00:00,94,113.142857142857
23-Feb-2017 05:30:00,94,115
23-Feb-2017 06:00:00,83,115
23-Feb-2017 06:30:00,83,91.3333333333333
23-Feb-2017 07:00:00,65,91.3333333333333
23-Feb-2017 07:30:00,65,62.8
23-Feb-2017 08:00:00,52,62.8
23-Feb-2017 08:30:00,52,56.0888888888889
23-Feb-2017 09:00:00,59,56.0888888888889
23-Feb-2017 09:30:00,59,58.2857142857143
23-Feb-2017 10:00:00,39,51.75
23-Feb-2017 10:30:00,39,35.4142857142857
23-Feb-2017 11:00:00,32,35.4142857142857
23-Feb-2017 11:30:00,32,40.2
23-Feb-2017 12:00:00,46,40.2
23-Feb-2017 12:30:00,46,56.5
23-Feb-2017 13:00:00,54,56.5
23-Feb-2017 13:30:00,54,65.5
23-Feb-2017 14:00:00,90,65.5
23-Feb-2017 14:30:00,90,90.25
23-Feb-2017 15:00:00,82,83.8333333333333
23-Feb-2017 15:30:00,82,76.75
23-Feb-2017 16:00:00,64,76.75
23-Feb-2017 17:30:00,105,103
23-Feb-2017 18:00:00,48,85.75
23-Feb-2017 18:30:00,48,46.4285714285714
23-Feb-2017 19:00:00,36,46.4285714285714
23-Feb-2017 19:30:00,36,43.75
23-Feb-2017 21:30:00,57,43.75
23-Feb-2017 22:00:00,67,60.5714285714286
23-Feb-2017 22:30:00,67,62.8
23-Feb-2017 23:00:00,65,62.8
23-Feb-2017 23:30:00,65,62.8
24-Feb-2017 00:00:00,191,191
24-Feb-2017 00:30:00,191,187.111111111111
24-Feb-2017 01:00:00,167,187.111111111111
24-Feb-2017 01:30:00,167,187.571428571429
24-Feb-2017 02:00:00,104,104
24-Feb-2017 02:30:00,104,101.6
24-Feb-2017 03:00:00,101,101.6
24-Feb-2017 03:30:00,101,93.9571428571428
24-Feb-2017 04:00:00,95,93.9571428571428
24-Feb-2017 04:30:00,95,91.7777777777778
24-Feb-2017 05:00:00,73,91.7777777777778
24-Feb-2017 07:00:00,65,106.666666666667
24-Feb-2017 07:30:00,65,62.7777777777778
24-Feb-2017 08:00:00,64,62.7777777777778
24-Feb-2017 08:30:00,64,62.7777777777778
24-Feb-2017 09:00:00,49,62.7777777777778
24-Feb-2017 09:30:00,49,45.7777777777778
24-Feb-2017 10:00:00,47,45.7777777777778
24-Feb-2017 10:30:00,47,46.4285714285714
24-Feb-2017 11:00:00,38,46.4285714285714
24-Feb-2017 11:30:00,38,35.4142857142857
24-Feb-2017 12:00:00,41,35.4142857142857
24-Feb-2017 12:30:00,41,43
24-Feb-2017 13:00:00,48,43
24-Feb-2017 13:30:00,48,46.4285714285714
24-Feb-2017 14:00:00,107,67.6
24-Feb-2017 14:30:00,107,110.666666666667
24-Feb-2017 15:00:00,117,110.666666666667
24-Feb-2017 15:30:00,117,101.714285714286
24-Feb-2017 16:00:00,102,101.714285714286
24-Feb-2017 16:30:00,102,101.6
24-Feb-2017 17:00:00,105,101.6
24-Feb-2017 17:30:00,110,85.75
24-Feb-2017 18:00:00,130,128.111111111111
24-Feb-2017 18:30:00,130,111.888888888889
24-Feb-2017 19:00:00,69,111.888888888889
24-Feb-2017 19:30:00,69,62.7777777777778
24-Feb-2017 20:00:00,76,62.7777777777778
24-Feb-2017 20:30:00,76,95.5222222222222
24-Feb-2017 21:00:00,76,95.5222222222222
24-Feb-2017 21:30:00,76,95.5222222222222
24-Feb-2017 22:00:00,181,181
24-Feb-2017 22:30:00,181,183
24-Feb-2017 23:00:00,184,183
24-Feb-2017 23:30:00,184,183
25-Feb-2017 00:30:00,126,158.333333333333
25-Feb-2017 01:00:00,134,111.888888888889
25-Feb-2017 01:30:00,134,133.75
25-Feb-2017 02:00:00,200,133.75
25-Feb-2017 02:30:00,200,171.875
25-Feb-2017 03:00:00,150,171.875
25-Feb-2017 03:30:00,150,125
25-Feb-2017 04:00:00,100,125
25-Feb-2017 04:30:00,100,93.9571428571428
25-Feb-2017 05:00:00,67,93.9571428571428
25-Feb-2017 05:30:00,67,62.7777777777778
25-Feb-2017 06:00:00,44,62.7777777777778
25-Feb-2017 06:30:00,44,41.7142857142857
25-Feb-2017 07:00:00,44,41.7142857142857
25-Feb-2017 07:30:00,44,41.7142857142857
25-Feb-2017 08:00:00,37,41.7142857142857
25-Feb-2017 08:30:00,37,39.375
25-Feb-2017 09:00:00,37,39.375
25-Feb-2017 09:30:00,37,39.375
25-Feb-2017 10:00:00,38,39.375
25-Feb-2017 10:30:00,38,35.4142857142857
25-Feb-2017 11:00:00,20,35.4142857142857
25-Feb-2017 11:30:00,20,22.9
25-Feb-2017 12:00:00,31,22.9
25-Feb-2017 12:30:00,31,40.2
25-Feb-2017 13:00:00,67,40.2
25-Feb-2017 13:30:00,67,62.7777777777778
25-Feb-2017 14:00:00,87,77.5
25-Feb-2017 14:30:00,87,111.5
25-Feb-2017 15:00:00,143,111.5
25-Feb-2017 15:30:00,143,135.75
25-Feb-2017 16:00:00,135,135.75
25-Feb-2017 16:30:00,135,133.75
25-Feb-2017 17:00:00,110,133.75
25-Feb-2017 17:30:00,149,128.111111111111
25-Feb-2017 18:00:00,168,165.142857142857
25-Feb-2017 18:30:00,168,212.25
25-Feb-2017 19:00:00,332,212.25
25-Feb-2017 19:30:00,332,303.444444444444
25-Feb-2017 20:00:00,240,303.444444444444
25-Feb-2017 20:30:00,240,205.555555555556
25-Feb-2017 21:00:00,169,205.555555555556
25-Feb-2017 21:30:00,169,203.5
25-Feb-2017 22:00:00,238,203.5
25-Feb-2017 22:30:00,238,239
25-Feb-2017 23:00:00,222,239
25-Feb-2017 23:30:00,222,204
26-Feb-2017 00:00:00,207,204
26-Feb-2017 00:30:00,207,220.477777777778
26-Feb-2017 01:00:00,213,220.477777777778
26-Feb-2017 02:00:00,214,213.25
26-Feb-2017 02:30:00,214,213.25
26-Feb-2017 03:00:00,182,213.25
26-Feb-2017 03:30:00,182,158.333333333333
26-Feb-2017 04:00:00,143,158.333333333333
26-Feb-2017 05:30:00,99,99
26-Feb-2017 06:00:00,77,118.375
26-Feb-2017 06:30:00,77,77.8571428571428
26-Feb-2017 07:00:00,58,77.8571428571428
26-Feb-2017 07:30:00,58,60.5714285714286
26-Feb-2017 08:00:00,59,60.5714285714286
26-Feb-2017 08:30:00,59,51.75
26-Feb-2017 09:00:00,50,51.75
26-Feb-2017 09:30:00,50,45.7777777777778
26-Feb-2017 10:00:00,16,45.7777777777778
26-Feb-2017 10:30:00,16,23.375
26-Feb-2017 11:00:00,30,23.375
26-Feb-2017 11:30:00,30,30
26-Feb-2017 12:00:00,41,41
26-Feb-2017 12:30:00,41,43
26-Feb-2017 13:00:00,38,43
26-Feb-2017 13:30:00,38,53.5
26-Feb-2017 14:00:00,69,53.5
26-Feb-2017 14:30:00,69,77.5
26-Feb-2017 15:00:00,86,77.5
26-Feb-2017 15:30:00,86,111.5
26-Feb-2017 16:00:00,122,111.5
26-Feb-2017 16:30:00,122,113.142857142857
26-Feb-2017 17:00:00,149,113.142857142857
26-Feb-2017 17:30:00,148,165.142857142857
26-Feb-2017 18:00:00,183,165.142857142857
26-Feb-2017 18:30:00,183,158.333333333333
26-Feb-2017 19:00:00,119,158.333333333333
26-Feb-2017 20:30:00,104,113.142857142857
26-Feb-2017 21:00:00,97,101.6
26-Feb-2017 21:30:00,97,118.375
26-Feb-2017 22:00:00,193,118.375
26-Feb-2017 22:30:00,193,178.111111111111
27-Feb-2017 01:00:00,217,178.111111111111
27-Feb-2017 01:30:00,217,204
27-Feb-2017 02:00:00,296,242.777777777778
27-Feb-2017 02:30:00,296,222
27-Feb-2017 03:00:00,176,222
27-Feb-2017 03:30:00,176,158.333333333333
27-Feb-2017 04:00:00,150,158.333333333333
27-Feb-2017 04:30:00,150,165.142857142857
27-Feb-2017 05:00:00,108,165.142857142857
27-Feb-2017 05:30:00,108,110.666666666667
27-Feb-2017 06:00:00,74,74
27-Feb-2017 06:30:00,74,64
27-Feb-2017 07:00:00,52,64
27-Feb-2017 07:30:00,52,50
27-Feb-2017 08:00:00,44,50
27-Feb-2017 08:30:00,44,41.7142857142857
27-Feb-2017 09:00:00,35,41.7142857142857
27-Feb-2017 09:30:00,35,34
27-Feb-2017 10:00:00,29,34
27-Feb-2017 10:30:00,29,34
27-Feb-2017 11:00:00,40,34
27-Feb-2017 11:30:00,40,37.5
27-Feb-2017 12:00:00,36,37.5
27-Feb-2017 12:30:00,36,43.75
27-Feb-2017 13:00:00,46,43.75
27-Feb-2017 13:30:00,46,56.5
27-Feb-2017 14:00:00,80,56.5
27-Feb-2017 14:30:00,80,94.5
27-Feb-2017 15:00:00,110,94.5
27-Feb-2017 15:30:00,110,128.111111111111
27-Feb-2017 16:00:00,122,128.111111111111
27-Feb-2017 16:30:00,122,113.142857142857
27-Feb-2017 17:00:00,148,133.5
27-Feb-2017 17:30:00,182,165.142857142857
27-Feb-2017 18:00:00,173,158.333333333333
27-Feb-2017 18:30:00,173,158.333333333333
27-Feb-2017 19:00:00,214,214
27-Feb-2017 19:30:00,214,213.25
27-Feb-2017 20:00:00,231,213.25
27-Feb-2017 20:30:00,231,242.777777777778
27-Feb-2017 21:00:00,235,242.777777777778
27-Feb-2017 21:30:00,235,265.75
27-Feb-2017 22:00:00,289,265.75
27-Feb-2017 22:30:00,289,279.833333333333
28-Feb-2017 01:30:00,287,279.833333333333
28-Feb-2017 02:00:00,451,326.666666666667
28-Feb-2017 02:30:00,451,400.142857142857
28-Feb-2017 03:00:00,568,400.142857142857
28-Feb-2017 03:30:00,568,450.555555555555
28-Feb-2017 04:00:00,257,450.555555555555
28-Feb-2017 04:30:00,257,239
28-Feb-2017 05:00:00,136,191.333333333333
28-Feb-2017 05:30:00,136,133.75
28-Feb-2017 06:00:00,98,133.75
28-Feb-2017 06:30:00,98,83
28-Feb-2017 07:00:00,68,83
28-Feb-2017 07:30:00,68,77.5
28-Feb-2017 08:00:00,34,34
28-Feb-2017 09:00:00,39,34
28-Feb-2017 09:30:00,39,45
28-Feb-2017 10:00:00,51,45
28-Feb-2017 10:30:00,51,45.7777777777778
28-Feb-2017 11:00:00,48,45.7777777777778
28-Feb-2017 11:30:00,48,67.6
28-Feb-2017 12:00:00,50,67.6
28-Feb-2017 12:30:00,50,45.7777777777778
28-Feb-2017 13:00:00,76,58.5
28-Feb-2017 13:30:00,76,77.8571428571428
28-Feb-2017 14:00:00,127,77.8571428571428
28-Feb-2017 14:30:00,127,111.888888888889
28-Feb-2017 15:00:00,109,111.888888888889
28-Feb-2017 15:30:00,109,128.111111111111
28-Feb-2017 17:00:00,182,128.111111111111
28-Feb-2017 17:30:00,148,148
28-Feb-2017 18:00:00,217,165.142857142857
28-Feb-2017 19:00:00,213,242.777777777778
28-Feb-2017 19:30:00,213,213.25
28-Feb-2017 20:00:00,224,213.25
28-Feb-2017 20:30:00,224,242.777777777778
28-Feb-2017 21:00:00,258,242.777777777778
28-Feb-2017 21:30:00,258,286.7125
28-Feb-2017 22:30:00,275,286.7125
28-Feb-2017 23:00:00,280,284.75
28-Feb-2017 23:30:00,280,253.5
01-Mar-2017 00:00:00,254,253.5
01-Mar-2017 00:30:00,254,191.333333333333
01-Mar-2017 01:00:00,184,191.333333333333
01-Mar-2017 01:30:00,184,181.777777777778
01-Mar-2017 02:00:00,187,181.777777777778
01-Mar-2017 02:30:00,187,187.111111111111
01-Mar-2017 03:00:00,148,187.111111111111
01-Mar-2017 03:30:00,148,110
01-Mar-2017 04:00:00,112,110
01-Mar-2017 04:30:00,112,105.3
01-Mar-2017 05:00:00,102,105.3
01-Mar-2017 05:30:00,102,101.6
01-Mar-2017 07:00:00,90,95.75
01-Mar-2017 07:30:00,90,83.8333333333333
01-Mar-2017 08:00:00,74,83.8333333333333
01-Mar-2017 08:30:00,74,64
01-Mar-2017 09:00:00,56,64
01-Mar-2017 09:30:00,56,56.375
01-Mar-2017 10:00:00,53,56.375
01-Mar-2017 10:30:00,53,50
01-Mar-2017 11:00:00,49,50
01-Mar-2017 11:30:00,49,58.5
01-Mar-2017 12:00:00,59,58.5
01-Mar-2017 12:30:00,59,51.75
01-Mar-2017 13:00:00,64,61.875
01-Mar-2017 13:30:00,64,69.4
01-Mar-2017 14:00:00,80,69.4
01-Mar-2017 14:30:00,80,94.5
01-Mar-2017 15:00:00,108,94.5
01-Mar-2017 15:30:00,108,107
01-Mar-2017 16:00:00,118,107
01-Mar-2017 16:30:00,118,133.5
01-Mar-2017 17:00:00,148,133.5
01-Mar-2017 17:30:00,70,110
01-Mar-2017 18:00:00,116,106.666666666667
01-Mar-2017 18:30:00,116,101.714285714286
01-Mar-2017 19:00:00,95,101.714285714286
01-Mar-2017 19:30:00,95,91.7777777777778
01-Mar-2017 20:00:00,106,91.7777777777778
01-Mar-2017 20:30:00,106,107
01-Mar-2017 21:00:00,97,107
01-Mar-2017 21:30:00,97,104.666666666667
01-Mar-2017 22:00:00,111,104.666666666667
01-Mar-2017 22:30:00,111,111.6
01-Mar-2017 23:00:00,113,111.6
01-Mar-2017 23:30:00,113,111.6
02-Mar-2017 00:00:00,110,111.6
02-Mar-2017 00:30:00,110,128.111111111111
02-Mar-2017 01:00:00,111,128.111111111111
02-Mar-2017 01:30:00,111,111.6
02-Mar-2017 02:00:00,163,133.333333333333
02-Mar-2017 02:30:00,163,166.333333333333
02-Mar-2017 03:00:00,174,166.333333333333
02-Mar-2017 03:30:00,174,181.777777777778
02-Mar-2017 04:00:00,197,181.777777777778
02-Mar-2017 04:30:00,197,171.875
02-Mar-2017 05:00:00,173,171.875
02-Mar-2017 05:30:00,173,181.777777777778
02-Mar-2017 06:00:00,214,181.777777777778
02-Mar-2017 06:30:00,214,213.25
02-Mar-2017 07:00:00,162,196.75
02-Mar-2017 07:30:00,162,166.333333333333
02-Mar-2017 08:00:00,103,142.888888888889
02-Mar-2017 08:30:00,103,95.75
02-Mar-2017 09:00:00,84,95.75
02-Mar-2017 09:30:00,84,86.125
02-Mar-2017 10:00:00,86,86.125
02-Mar-2017 10:30:00,86,83.3333333333333
02-Mar-2017 11:00:00,79,83.3333333333333
02-Mar-2017 11:30:00,79,78
02-Mar-2017 12:00:00,62,78
02-Mar-2017 12:30:00,62,61.875
02-Mar-2017 13:00:00,63,61.875
02-Mar-2017 13:30:00,63,61.875
02-Mar-2017 14:00:00,65,61.875
02-Mar-2017 14:30:00,65,69.4
02-Mar-2017 15:00:00,69,69.4
02-Mar-2017 15:30:00,69,69.4
02-Mar-2017 16:00:00,58,56.4
02-Mar-2017 16:30:00,58,60.5714285714286
02-Mar-2017 17:00:00,70,60.5714285714286
02-Mar-2017 17:30:00,139,106.666666666667
02-Mar-2017 18:00:00,60,60
02-Mar-2017 18:30:00,60,61.875
02-Mar-2017 19:00:00,59,61.875
02-Mar-2017 19:30:00,59,61.875
02-Mar-2017 20:00:00,76,67.75
02-Mar-2017 20:30:00,76,77.8571428571428
02-Mar-2017 21:00:00,56,77.8571428571428
02-Mar-2017 21:30:00,56,56.375
02-Mar-2017 22:00:00,58,56.375
02-Mar-2017 22:30:00,58,60.5714285714286
02-Mar-2017 23:00:00,54,60.5714285714286
02-Mar-2017 23:30:00,54,56.375
03-Mar-2017 00:00:00,60,56.375
03-Mar-2017 00:30:00,60,67.75
03-Mar-2017 01:00:00,75,67.75
03-Mar-2017 01:30:00,75,77.8571428571428
03-Mar-2017 02:00:00,106,106
03-Mar-2017 02:30:00,106,107
03-Mar-2017 03:00:00,127,127
03-Mar-2017 03:30:00,127,111.888888888889
03-Mar-2017 05:00:00,33,33
03-Mar-2017 05:30:00,33,34
03-Mar-2017 06:00:00,36,34
03-Mar-2017 06:30:00,36,35.2857142857143
03-Mar-2017 07:00:00,24,35.2857142857143
03-Mar-2017 07:30:00,24,28.25
03-Mar-2017 08:00:00,31,28.25
03-Mar-2017 08:30:00,31,34
03-Mar-2017 09:00:00,34,34
03-Mar-2017 09:30:00,34,34
03-Mar-2017 10:00:00,34,34
03-Mar-2017 10:30:00,34,34
03-Mar-2017 11:00:00,26,27
03-Mar-2017 11:30:00,26,40
03-Mar-2017 12:00:00,54,40
03-Mar-2017 12:30:00,54,56.375
03-Mar-2017 13:00:00,60,56.375
03-Mar-2017 13:30:00,60,67.75
03-Mar-2017 14:00:00,141,92.6
03-Mar-2017 14:30:00,141,134.2
03-Mar-2017 15:00:00,113,134.2
03-Mar-2017 15:30:00,113,133.333333333333
03-Mar-2017 16:00:00,124,133.333333333333
03-Mar-2017 16:30:00,124,130.333333333333
03-Mar-2017 17:00:00,139,130.333333333333
03-Mar-2017 17:30:00,200,181
03-Mar-2017 18:00:00,149,171.875
03-Mar-2017 18:30:00,149,165
03-Mar-2017 19:00:00,159,165
03-Mar-2017 20:00:00,136,142.888888888889
03-Mar-2017 20:30:00,136,115.75
03-Mar-2017 21:00:00,102,115.75
03-Mar-2017 21:30:00,102,95.75
03-Mar-2017 22:00:00,97,95.75
03-Mar-2017 22:30:00,97,104.666666666667
03-Mar-2017 23:00:00,94,104.666666666667
03-Mar-2017 23:30:00,94,115
04-Mar-2017 00:00:00,139,115
04-Mar-2017 00:30:00,139,181
04-Mar-2017 01:00:00,204,181
04-Mar-2017 01:30:00,204,190.55
04-Mar-2017 02:00:00,299,299
04-Mar-2017 02:30:00,299,248.75
04-Mar-2017 03:00:00,195,248.75
04-Mar-2017 03:30:00,195,178.111111111111
04-Mar-2017 04:00:00,134,178.111111111111
04-Mar-2017 04:30:00,134,115.75
04-Mar-2017 05:00:00,120,115.75
04-Mar-2017 05:30:00,120,133.5
04-Mar-2017 06:00:00,35,35
04-Mar-2017 06:30:00,35,27
04-Mar-2017 07:00:00,23,27
04-Mar-2017 07:30:00,23,28.25
04-Mar-2017 08:00:00,30,28.25
04-Mar-2017 08:30:00,30,27
04-Mar-2017 09:00:00,30,27
04-Mar-2017 09:30:00,30,27
04-Mar-2017 10:00:00,15,27
04-Mar-2017 10:30:00,15,23.375
04-Mar-2017 11:00:00,31,23.375
04-Mar-2017 11:30:00,31,32.3333333333333
04-Mar-2017 12:00:00,33,32.3333333333333
04-Mar-2017 12:30:00,33,32.3333333333333
04-Mar-2017 13:00:00,48,51.6666666666667
04-Mar-2017 13:30:00,48,67.6
04-Mar-2017 14:00:00,85,67.6
04-Mar-2017 14:30:00,85,83.3333333333333
04-Mar-2017 15:00:00,119,114.333333333333
04-Mar-2017 15:30:00,119,186
04-Mar-2017 16:00:00,253,186
04-Mar-2017 16:30:00,253,232.333333333333
04-Mar-2017 17:00:00,200,232.333333333333
04-Mar-2017 17:30:00,166,171.875
04-Mar-2017 18:00:00,145,142.888888888889
04-Mar-2017 18:30:00,145,134.2
04-Mar-2017 19:00:00,131,134.2
04-Mar-2017 19:30:00,131,133.666666666667
04-Mar-2017 20:00:00,188,133.666666666667
04-Mar-2017 20:30:00,188,187.111111111111
04-Mar-2017 21:30:00,319,319
04-Mar-2017 22:00:00,272,223
04-Mar-2017 22:30:00,272,284.75
04-Mar-2017 23:00:00,312,284.75
04-Mar-2017 23:30:00,312,293.333333333333
05-Mar-2017 00:00:00,221,259.444444444444
05-Mar-2017 00:30:00,221,242.777777777778
05-Mar-2017 01:00:00,275,242.777777777778
05-Mar-2017 01:30:00,275,284.75
05-Mar-2017 02:00:00,209,209
05-Mar-2017 02:30:00,209,197.222222222222
05-Mar-2017 03:00:00,199,197.222222222222
05-Mar-2017 03:30:00,199,171.875
05-Mar-2017 04:00:00,141,171.875
05-Mar-2017 04:30:00,141,134.2
05-Mar-2017 05:00:00,93,119.5
05-Mar-2017 05:30:00,93,78.3333333333333
05-Mar-2017 06:00:00,61,78.3333333333333
05-Mar-2017 06:30:00,61,92.6
05-Mar-2017 07:00:00,50,92.6
05-Mar-2017 07:30:00,50,58.5
05-Mar-2017 08:00:00,26,39.25
05-Mar-2017 08:30:00,26,24
05-Mar-2017 09:00:00,20,24
05-Mar-2017 09:30:00,20,22.9
05-Mar-2017 10:00:00,20,22.9
05-Mar-2017 10:30:00,20,22.9
05-Mar-2017 11:00:00,22,22.9
05-Mar-2017 11:30:00,22,28.25
05-Mar-2017 12:00:00,29,28.25
05-Mar-2017 12:30:00,29,51.6666666666667
05-Mar-2017 13:00:00,78,51.6666666666667
05-Mar-2017 13:30:00,78,78
05-Mar-2017 14:00:00,100,78
05-Mar-2017 14:30:00,100,93.9571428571428
05-Mar-2017 15:00:00,232,232
05-Mar-2017 15:30:00,232,242.777777777778
05-Mar-2017 16:00:00,172,198
05-Mar-2017 16:30:00,172,181.777777777778
05-Mar-2017 17:00:00,166,181.777777777778
05-Mar-2017 17:30:00,113,142.888888888889
05-Mar-2017 18:00:00,188,179
05-Mar-2017 18:30:00,188,181
05-Mar-2017 19:00:00,169,181
05-Mar-2017 19:30:00,169,181.777777777778
05-Mar-2017 20:00:00,154,103.666666666667
05-Mar-2017 20:30:00,154,153
05-Mar-2017 21:00:00,151,153
05-Mar-2017 21:30:00,151,169.833333333333
05-Mar-2017 22:00:00,224,169.833333333333
05-Mar-2017 22:30:00,224,198
05-Mar-2017 23:00:00,198,198
05-Mar-2017 23:30:00,198,194.333333333333
06-Mar-2017 00:00:00,186,194.333333333333
06-Mar-2017 00:30:00,186,181
06-Mar-2017 01:00:00,233,215.111111111111
06-Mar-2017 01:30:00,233,260.5
06-Mar-2017 02:00:00,280,260.5
06-Mar-2017 02:30:00,280,253.5
06-Mar-2017 03:00:00,244,253.5
06-Mar-2017 03:30:00,244,232.333333333333
06-Mar-2017 04:00:00,145,145
06-Mar-2017 04:30:00,145,119.5
06-Mar-2017 05:00:00,88,119.5
06-Mar-2017 05:30:00,88,86.8888888888889
06-Mar-2017 06:00:00,69,86.8888888888889
06-Mar-2017 06:30:00,69,56.4
06-Mar-2017 07:00:00,40,56.4
06-Mar-2017 07:30:00,40,37.5
06-Mar-2017 08:00:00,34,37.5
06-Mar-2017 08:30:00,34,27
06-Mar-2017 09:00:00,18,27
06-Mar-2017 09:30:00,18,18.7777777777778
06-Mar-2017 10:00:00,26,18.7777777777778
06-Mar-2017 10:30:00,26,24
06-Mar-2017 11:00:00,29,33
06-Mar-2017 11:30:00,29,27
06-Mar-2017 12:00:00,34,31.8333333333333
06-Mar-2017 12:30:00,34,39.5
06-Mar-2017 13:00:00,52,39.5
06-Mar-2017 13:30:00,52,50
06-Mar-2017 14:00:00,166,92.4
06-Mar-2017 14:30:00,166,142.888888888889
06-Mar-2017 15:00:00,164,142.888888888889
06-Mar-2017 15:30:00,164,142.888888888889
06-Mar-2017 16:00:00,138,142.888888888889
06-Mar-2017 16:30:00,138,148.25
06-Mar-2017 17:00:00,113,148.25
06-Mar-2017 17:30:00,170,179
06-Mar-2017 18:00:00,95,103.666666666667
06-Mar-2017 18:30:00,95,91.7777777777778
06-Mar-2017 19:00:00,107,91.7777777777778
06-Mar-2017 19:30:00,107,103.4
06-Mar-2017 20:00:00,110,103.4
06-Mar-2017 20:30:00,110,122.166666666667
06-Mar-2017 21:00:00,104,122.166666666667
06-Mar-2017 21:30:00,104,95.75
06-Mar-2017 22:00:00,83,95.75
06-Mar-2017 22:30:00,83,91.3333333333333
06-Mar-2017 23:00:00,147,91.3333333333333
06-Mar-2017 23:30:00,147,204.5
07-Mar-2017 00:00:00,199,204.5
07-Mar-2017 00:30:00,199,194.333333333333
07-Mar-2017 01:00:00,320,273.666666666667
07-Mar-2017 01:30:00,320,353.5
07-Mar-2017 02:00:00,496,353.5
07-Mar-2017 02:30:00,496,400.142857142857
07-Mar-2017 03:00:00,308,400.142857142857
07-Mar-2017 03:30:00,308,259.444444444444
07-Mar-2017 04:00:00,157,259.444444444444
07-Mar-2017 04:30:00,157,142.888888888889
07-Mar-2017 05:00:00,73,119.666666666667
07-Mar-2017 05:30:00,73,60.5
07-Mar-2017 06:00:00,48,60.5
07-Mar-2017 06:30:00,48,43.8888888888889
07-Mar-2017 07:00:00,38,43.8888888888889
07-Mar-2017 07:30:00,38,38.4285714285714
07-Mar-2017 08:00:00,31,38.4285714285714
07-Mar-2017 08:30:00,31,34.5
07-Mar-2017 09:00:00,37,34.5
07-Mar-2017 09:30:00,37,39.375
07-Mar-2017 10:00:00,39,39.375
07-Mar-2017 10:30:00,39,38.4285714285714
07-Mar-2017 11:00:00,44,38.4285714285714
07-Mar-2017 11:30:00,44,41.7142857142857
07-Mar-2017 12:00:00,57,54.6666666666667
07-Mar-2017 12:30:00,57,92.4
07-Mar-2017 13:00:00,86,92.4
07-Mar-2017 13:30:00,86,114.333333333333
07-Mar-2017 14:00:00,138,114.333333333333
07-Mar-2017 14:30:00,138,148.25
07-Mar-2017 15:00:00,148,148.25
07-Mar-2017 15:30:00,148,165
07-Mar-2017 16:00:00,174,165
07-Mar-2017 16:30:00,174,167.777777777778
07-Mar-2017 17:00:00,170,167.777777777778
07-Mar-2017 17:30:00,62,103.666666666667
07-Mar-2017 18:00:00,136,92.6
07-Mar-2017 18:30:00,136,115.75
07-Mar-2017 19:00:00,106,115.75
07-Mar-2017 19:30:00,106,103.4
07-Mar-2017 20:00:00,88,103.4
07-Mar-2017 20:30:00,88,86.8888888888889
07-Mar-2017 21:00:00,96,86.8888888888889
07-Mar-2017 21:30:00,96,91.7777777777778
07-Mar-2017 22:00:00,64,91.7777777777778
07-Mar-2017 22:30:00,64,56.4
07-Mar-2017 23:00:00,51,56.4
07-Mar-2017 23:30:00,51,39.25
08-Mar-2017 00:00:00,31,39.25
08-Mar-2017 00:30:00,31,34.5
08-Mar-2017 01:00:00,30,34.5
08-Mar-2017 01:30:00,30,31.8333333333333
08-Mar-2017 02:00:00,28,31.8333333333333
08-Mar-2017 02:30:00,28,33
08-Mar-2017 03:00:00,30,33
08-Mar-2017 03:30:00,30,31.8333333333333
08-Mar-2017 04:00:00,38,31.8333333333333
08-Mar-2017 04:30:00,38,38.4285714285714
08-Mar-2017 05:00:00,40,38.4285714285714
08-Mar-2017 05:30:00,40,37.5
08-Mar-2017 06:00:00,35,37.5
08-Mar-2017 06:30:00,35,39.5
08-Mar-2017 07:00:00,25,39.5
08-Mar-2017 07:30:00,25,33
08-Mar-2017 08:00:00,28,33
08-Mar-2017 08:30:00,28,33
08-Mar-2017 09:00:00,29,33
08-Mar-2017 09:30:00,29,31.8333333333333
08-Mar-2017 10:00:00,36,31.8333333333333
08-Mar-2017 10:30:00,36,35.2857142857143
08-Mar-2017 11:00:00,34,35.2857142857143
08-Mar-2017 11:30:00,34,39.5
08-Mar-2017 12:00:00,40,39.5
08-Mar-2017 12:30:00,40,49
08-Mar-2017 13:00:00,58,49
08-Mar-2017 13:30:00,58,92.4
08-Mar-2017 14:00:00,95,92.4
08-Mar-2017 14:30:00,95,91.7777777777778
08-Mar-2017 15:00:00,111,102.5
08-Mar-2017 15:30:00,111,122.166666666667
08-Mar-2017 16:00:00,121,122.166666666667
08-Mar-2017 16:30:00,121,91.5
08-Mar-2017 17:00:00,62,91.5
08-Mar-2017 17:30:00,75,92.6
08-Mar-2017 18:00:00,39,57.6666666666667
08-Mar-2017 18:30:00,39,38.4285714285714
08-Mar-2017 19:00:00,24,32.8
08-Mar-2017 19:30:00,24,28.25
08-Mar-2017 20:00:00,43,28.25
08-Mar-2017 20:30:00,43,36
08-Mar-2017 21:00:00,37,36
08-Mar-2017 21:30:00,37,39.375
08-Mar-2017 22:00:00,53,39.375
08-Mar-2017 22:30:00,53,54.5555555555555
08-Mar-2017 23:00:00,66,54.5555555555555
08-Mar-2017 23:30:00,66,66.5555555555555
09-Mar-2017 00:00:00,60,66.5555555555555
09-Mar-2017 00:30:00,60,65.5
09-Mar-2017 01:00:00,71,65.5
09-Mar-2017 01:30:00,71,80.1666666666667
09-Mar-2017 02:00:00,98,80.1666666666667
09-Mar-2017 02:30:00,98,104.666666666667
09-Mar-2017 03:00:00,131,104.666666666667
09-Mar-2017 03:30:00,131,133.666666666667
09-Mar-2017 04:00:00,82,133.666666666667
09-Mar-2017 04:30:00,82,76.75
09-Mar-2017 05:00:00,79,76.75
09-Mar-2017 05:30:00,79,78
09-Mar-2017 06:00:00,68,78
09-Mar-2017 06:30:00,68,66.5555555555555
09-Mar-2017 07:00:00,68,66.5555555555555
09-Mar-2017 07:30:00,68,66.5555555555555
09-Mar-2017 08:00:00,60,66.5555555555555
09-Mar-2017 08:30:00,60,60.5384615384615
09-Mar-2017 09:00:00,54,60.5384615384615
09-Mar-2017 09:30:00,54,54.5555555555555
09-Mar-2017 10:00:00,57,54.5555555555555
09-Mar-2017 10:30:00,57,54.5555555555555
09-Mar-2017 11:00:00,31,54.5555555555555
09-Mar-2017 11:30:00,31,34.5
09-Mar-2017 12:00:00,47,34.5
09-Mar-2017 12:30:00,47,43.8888888888889
09-Mar-2017 13:00:00,52,43.8888888888889
09-Mar-2017 13:30:00,52,54.5555555555555
09-Mar-2017 14:00:00,63,54.5555555555555
09-Mar-2017 14:30:00,63,53.5
09-Mar-2017 15:00:00,44,53.5
09-Mar-2017 15:30:00,44,54.6666666666667
09-Mar-2017 16:00:00,63,54.6666666666667
09-Mar-2017 16:30:00,63,66.5
09-Mar-2017 17:00:00,75,66.5
09-Mar-2017 17:30:00,26,57.6666666666667
09-Mar-2017 18:00:00,49,33
09-Mar-2017 18:30:00,49,39.25
09-Mar-2017 19:00:00,60,73.5714285714286
09-Mar-2017 19:30:00,60,60.5384615384615
09-Mar-2017 20:00:00,61,60.5384615384615
09-Mar-2017 20:30:00,61,60.5384615384615
09-Mar-2017 21:00:00,64,60.5384615384615
09-Mar-2017 21:30:00,64,57.5
09-Mar-2017 22:00:00,51,57.5
09-Mar-2017 22:30:00,51,73.5714285714286
09-Mar-2017 23:00:00,58,73.5714285714286
09-Mar-2017 23:30:00,58,54.5555555555555
10-Mar-2017 00:00:00,37,41.8
10-Mar-2017 00:30:00,37,35
10-Mar-2017 01:00:00,33,35
10-Mar-2017 01:30:00,33,39.5
10-Mar-2017 02:00:00,63,39.5
10-Mar-2017 02:30:00,63,66.5
10-Mar-2017 03:00:00,63,66.5
10-Mar-2017 03:30:00,63,66.5
10-Mar-2017 04:00:00,76,66.5
10-Mar-2017 04:30:00,76,57.6666666666667
10-Mar-2017 05:00:00,85,57.6666666666667
10-Mar-2017 05:30:00,85,81.3333333333333
10-Mar-2017 06:00:00,74,81.3333333333333
10-Mar-2017 06:30:00,74,57.6666666666667
10-Mar-2017 07:00:00,46,57.6666666666667
10-Mar-2017 07:30:00,46,44.1428571428571
10-Mar-2017 08:00:00,35,44.1428571428571
10-Mar-2017 08:30:00,35,32.7692307692308
10-Mar-2017 09:00:00,31,32.7692307692308
10-Mar-2017 09:30:00,31,31.2
10-Mar-2017 10:00:00,32,31.2
10-Mar-2017 10:30:00,32,31.2
10-Mar-2017 11:00:00,30,31.2
10-Mar-2017 11:30:00,30,31.8333333333333
10-Mar-2017 12:00:00,30,31.8333333333333
10-Mar-2017 12:30:00,30,31.8333333333333
10-Mar-2017 13:00:00,37,31.8333333333333
10-Mar-2017 13:30:00,37,35
10-Mar-2017 14:00:00,31,35
10-Mar-2017 14:30:00,31,31.2
10-Mar-2017 15:00:00,43,40
10-Mar-2017 15:30:00,43,36
10-Mar-2017 16:00:00,21,36
10-Mar-2017 16:30:00,21,22.9
10-Mar-2017 17:00:00,26,22.9
10-Mar-2017 17:30:00,51,33
10-Mar-2017 18:00:00,45,73.5714285714286
10-Mar-2017 18:30:00,45,44.1111111111111
10-Mar-2017 19:00:00,30,44.1111111111111
10-Mar-2017 19:30:00,30,31.8333333333333
10-Mar-2017 20:00:00,22,26
10-Mar-2017 20:30:00,22,24.6666666666667
10-Mar-2017 21:00:00,26,24.6666666666667
10-Mar-2017 21:30:00,26,25.3333333333333
10-Mar-2017 22:00:00,17,25.3333333333333
10-Mar-2017 22:30:00,17,18.7777777777778
10-Mar-2017 23:00:00,23,18.7777777777778
10-Mar-2017 23:30:00,23,24.6666666666667
11-Mar-2017 00:00:00,30,24.6666666666667
11-Mar-2017 00:30:00,30,26
11-Mar-2017 01:00:00,37,34.1666666666667
11-Mar-2017 01:30:00,37,35
11-Mar-2017 02:00:00,53,45
11-Mar-2017 02:30:00,53,41.8
11-Mar-2017 03:00:00,34,41.8
11-Mar-2017 03:30:00,34,32.7692307692308
11-Mar-2017 04:00:00,27,32.7692307692308
11-Mar-2017 04:30:00,27,25.3333333333333
11-Mar-2017 05:00:00,36,25.3333333333333
11-Mar-2017 05:30:00,36,35.2857142857143
11-Mar-2017 06:00:00,45,35.2857142857143
11-Mar-2017 06:30:00,45,44.1111111111111
11-Mar-2017 07:00:00,48,44.1111111111111
11-Mar-2017 09:00:00,33,43.8888888888889
11-Mar-2017 09:30:00,33,32.7692307692308
11-Mar-2017 10:00:00,37,32.7692307692308
11-Mar-2017 10:30:00,37,45
11-Mar-2017 11:00:00,24,34.875
11-Mar-2017 11:30:00,24,24.6666666666667
11-Mar-2017 12:00:00,22,24.6666666666667
11-Mar-2017 12:30:00,22,24.6666666666667
11-Mar-2017 13:00:00,31,24.6666666666667
11-Mar-2017 13:30:00,31,40
11-Mar-2017 14:00:00,55,40
11-Mar-2017 14:30:00,55,41.8
11-Mar-2017 15:00:00,30,41.8
11-Mar-2017 15:30:00,30,34.1666666666667
11-Mar-2017 16:00:00,46,34.1666666666667
11-Mar-2017 16:30:00,46,44.1428571428571
11-Mar-2017 17:00:00,51,44.1428571428571
11-Mar-2017 17:30:00,115,73.5714285714286
11-Mar-2017 18:00:00,66,66
11-Mar-2017 18:30:00,66,66.5555555555555
11-Mar-2017 19:00:00,74,66.5555555555555
11-Mar-2017 19:30:00,74,87
11-Mar-2017 20:00:00,100,87
11-Mar-2017 20:30:00,100,87.8571428571428
11-Mar-2017 21:00:00,103,87.8571428571428
11-Mar-2017 21:30:00,103,95.75
11-Mar-2017 22:00:00,69,69
11-Mar-2017 22:30:00,69,66.5555555555555
11-Mar-2017 23:00:00,18,54.1666666666667
11-Mar-2017 23:30:00,18,18.7777777777778
12-Mar-2017 00:00:00,16,18.7777777777778
12-Mar-2017 00:30:00,16,23.375
12-Mar-2017 01:00:00,36,23.375
12-Mar-2017 01:30:00,36,35.2857142857143
12-Mar-2017 02:00:00,119,69.3333333333333
12-Mar-2017 02:30:00,119,133.25
12-Mar-2017 03:00:00,158,133.25
12-Mar-2017 03:30:00,158,119.666666666667
12-Mar-2017 04:00:00,128,119.666666666667
12-Mar-2017 04:30:00,128,130.333333333333
12-Mar-2017 05:00:00,101,115.857142857143
12-Mar-2017 05:30:00,101,87.8571428571428
12-Mar-2017 06:00:00,39,87.8571428571428
12-Mar-2017 06:30:00,39,32.8
12-Mar-2017 07:00:00,30,32.8
12-Mar-2017 07:30:00,30,34.1666666666667
12-Mar-2017 08:00:00,33,34.1666666666667
12-Mar-2017 08:30:00,33,32.7692307692308
12-Mar-2017 09:00:00,28,32.7692307692308
12-Mar-2017 09:30:00,28,25.3333333333333
12-Mar-2017 10:00:00,18,25.3333333333333
12-Mar-2017 10:30:00,18,18.7777777777778
12-Mar-2017 11:00:00,16,18.7777777777778
12-Mar-2017 11:30:00,16,23.375
12-Mar-2017 12:00:00,27,23.375
12-Mar-2017 12:30:00,27,25.3333333333333
12-Mar-2017 13:00:00,22,25.3333333333333
12-Mar-2017 13:30:00,22,24.6666666666667
12-Mar-2017 14:00:00,55,55
12-Mar-2017 14:30:00,55,82.5
12-Mar-2017 15:00:00,110,82.5
12-Mar-2017 15:30:00,111,122.166666666667
12-Mar-2017 16:00:00,176,122.166666666667
12-Mar-2017 16:30:00,176,167.777777777778
12-Mar-2017 17:00:00,115,167.777777777778
12-Mar-2017 17:30:00,84,100.333333333333
12-Mar-2017 18:00:00,68,86.125
12-Mar-2017 18:30:00,68,54.1666666666667
12-Mar-2017 19:00:00,60,54.1666666666667
12-Mar-2017 19:30:00,60,60.5384615384615
12-Mar-2017 20:00:00,61,60.5384615384615
12-Mar-2017 20:30:00,61,60.5384615384615
12-Mar-2017 21:00:00,65,60.5384615384615
12-Mar-2017 21:30:00,65,54.1666666666667
12-Mar-2017 22:00:00,49,54.1666666666667
12-Mar-2017 22:30:00,49,73.5714285714286
12-Mar-2017 23:00:00,137,73.5714285714286
12-Mar-2017 23:30:00,137,148.25
13-Mar-2017 01:00:00,202,148.25
13-Mar-2017 01:30:00,202,273.666666666667
13-Mar-2017 02:00:00,299,273.666666666667
13-Mar-2017 02:30:00,299,248.75
13-Mar-2017 03:00:00,221,248.75
13-Mar-2017 03:30:00,221,165.75
13-Mar-2017 04:00:00,112,165.75
13-Mar-2017 04:30:00,112,100.333333333333
13-Mar-2017 05:00:00,65,100.333333333333
13-Mar-2017 05:30:00,65,54.1666666666667
13-Mar-2017 06:00:00,27,27
13-Mar-2017 06:30:00,27,25.3333333333333
13-Mar-2017 07:00:00,35,35.4285714285714
13-Mar-2017 07:30:00,35,32.7692307692308
13-Mar-2017 08:00:00,33,32.7692307692308
13-Mar-2017 08:30:00,33,32.7692307692308
13-Mar-2017 09:00:00,32,32.7692307692308
13-Mar-2017 09:30:00,32,40
13-Mar-2017 10:00:00,35,40
13-Mar-2017 10:30:00,35,32.7692307692308
13-Mar-2017 11:00:00,17,27
13-Mar-2017 11:30:00,17,18.7777777777778
13-Mar-2017 12:00:00,28,23
13-Mar-2017 12:30:00,28,35.4285714285714
13-Mar-2017 13:00:00,29,35.4285714285714
13-Mar-2017 13:30:00,29,34.1666666666667
13-Mar-2017 14:00:00,60,60
13-Mar-2017 14:30:00,60,60.5384615384615
13-Mar-2017 15:00:00,58,60.5384615384615
13-Mar-2017 15:30:00,58,67
13-Mar-2017 16:00:00,76,67
13-Mar-2017 16:30:00,76,78.375
13-Mar-2017 17:00:00,84,78.375
13-Mar-2017 17:30:00,82,86.125
13-Mar-2017 18:00:00,67,69.7142857142857
13-Mar-2017 18:30:00,67,81
13-Mar-2017 19:00:00,75,81
13-Mar-2017 19:30:00,75,78.375
13-Mar-2017 20:00:00,74,78.375
13-Mar-2017 20:30:00,74,78.375
13-Mar-2017 21:00:00,83,78.375
13-Mar-2017 21:30:00,83,91.3333333333333
13-Mar-2017 22:00:00,87,91.3333333333333
13-Mar-2017 22:30:00,87,86.8888888888889
13-Mar-2017 23:00:00,96,86.8888888888889
13-Mar-2017 23:30:00,96,102.5
14-Mar-2017 00:00:00,108,102.5
14-Mar-2017 00:30:00,108,135.25
14-Mar-2017 01:00:00,162,135.25
14-Mar-2017 01:30:00,162,197.875
14-Mar-2017 02:00:00,279,197.875
14-Mar-2017 02:30:00,279,253.5
14-Mar-2017 03:00:00,217,253.5
14-Mar-2017 03:30:00,217,165.75
14-Mar-2017 04:00:00,113,165.75
14-Mar-2017 04:30:00,113,100.333333333333
14-Mar-2017 05:00:00,114,100.333333333333
14-Mar-2017 05:30:00,114,100.333333333333
14-Mar-2017 06:00:00,55,83
14-Mar-2017 06:30:00,55,62.5555555555556
14-Mar-2017 07:00:00,62,62.5555555555556
14-Mar-2017 07:30:00,62,60.5384615384615
14-Mar-2017 08:00:00,51,55
14-Mar-2017 08:30:00,51,46.5
14-Mar-2017 09:00:00,40,46.5
14-Mar-2017 09:30:00,40,40.1111111111111
14-Mar-2017 10:00:00,30,40.1111111111111
14-Mar-2017 10:30:00,30,29.5454545454545
14-Mar-2017 11:00:00,27,29.5454545454545
14-Mar-2017 11:30:00,27,35.4285714285714
14-Mar-2017 12:00:00,30,35.4285714285714
14-Mar-2017 12:30:00,30,29.5454545454545
14-Mar-2017 13:00:00,25,29.5454545454545
14-Mar-2017 13:30:00,25,35.4285714285714
14-Mar-2017 14:00:00,74,35.4285714285714
14-Mar-2017 14:30:00,74,78.375
14-Mar-2017 15:00:00,87,78.375
14-Mar-2017 15:30:00,87,86.8888888888889
14-Mar-2017 16:00:00,84,86.8888888888889
14-Mar-2017 16:30:00,84,86.125
14-Mar-2017 17:00:00,82,86.125
14-Mar-2017 17:30:00,65,69.7142857142857
14-Mar-2017 18:00:00,106,81
14-Mar-2017 18:30:00,106,103.4
14-Mar-2017 19:00:00,126,113.833333333333
14-Mar-2017 19:30:00,126,115.857142857143
14-Mar-2017 20:00:00,91,115.857142857143
14-Mar-2017 20:30:00,91,98
14-Mar-2017 21:00:00,94,98
14-Mar-2017 21:30:00,94,115
14-Mar-2017 22:00:00,157,115
14-Mar-2017 22:30:00,157,197.875
14-Mar-2017 23:00:00,161,197.875
14-Mar-2017 23:30:00,161,197.875
15-Mar-2017 00:00:00,223,197.875
15-Mar-2017 00:30:00,223,233.4
15-Mar-2017 01:00:00,246,233.4
15-Mar-2017 01:30:00,246,273.5
15-Mar-2017 02:00:00,306,273.5
15-Mar-2017 02:30:00,306,259.444444444444
15-Mar-2017 03:00:00,282,259.444444444444
15-Mar-2017 03:30:00,282,253.5
15-Mar-2017 04:00:00,192,253.5
15-Mar-2017 04:30:00,192,178.111111111111
15-Mar-2017 05:00:00,92,178.111111111111
15-Mar-2017 05:30:00,92,78.3333333333333
15-Mar-2017 06:00:00,74,78.3333333333333
15-Mar-2017 06:30:00,74,71
15-Mar-2017 07:00:00,67,71
15-Mar-2017 07:30:00,67,81
15-Mar-2017 08:00:00,37,81
15-Mar-2017 08:30:00,37,34.875
15-Mar-2017 09:00:00,39,34.875
15-Mar-2017 09:30:00,39,32.8
15-Mar-2017 10:00:00,32,32.8
15-Mar-2017 10:30:00,32,40
15-Mar-2017 11:00:00,29,40
15-Mar-2017 11:30:00,29,29.5454545454545
15-Mar-2017 12:00:00,31,29.5454545454545
15-Mar-2017 12:30:00,31,40
15-Mar-2017 15:00:00,72,40
15-Mar-2017 15:30:00,72,80.1666666666667
15-Mar-2017 16:00:00,75,80.1666666666667
15-Mar-2017 16:30:00,75,71
15-Mar-2017 17:00:00,65,71
15-Mar-2017 17:30:00,134,81
15-Mar-2017 18:00:00,84,115.75
15-Mar-2017 18:30:00,84,86.125
15-Mar-2017 19:00:00,119,86.125
15-Mar-2017 19:30:00,119,133.25
15-Mar-2017 20:00:00,137,133.25
15-Mar-2017 20:30:00,137,148.25
15-Mar-2017 21:00:00,173,148.25
15-Mar-2017 21:30:00,173,167.777777777778
15-Mar-2017 22:00:00,225,167.777777777778
15-Mar-2017 22:30:00,225,233.4
15-Mar-2017 23:00:00,250,233.4
15-Mar-2017 23:30:00,250,273.5
16-Mar-2017 00:00:00,292,273.5
16-Mar-2017 00:30:00,292,281.4
16-Mar-2017 01:00:00,284,281.4
16-Mar-2017 01:30:00,284,281.6
16-Mar-2017 02:00:00,307,281.6
16-Mar-2017 02:30:00,307,259.444444444444
16-Mar-2017 03:00:00,227,259.444444444444
16-Mar-2017 03:30:00,227,208.375
16-Mar-2017 04:00:00,176,208.375
16-Mar-2017 04:30:00,176,167.777777777778
16-Mar-2017 05:00:00,120,167.777777777778
16-Mar-2017 05:30:00,120,107
16-Mar-2017 06:00:00,81,107
16-Mar-2017 06:30:00,81,69.7142857142857
16-Mar-2017 07:00:00,63,69.7142857142857
16-Mar-2017 07:30:00,63,66.5
16-Mar-2017 08:00:00,66,66.5
16-Mar-2017 08:30:00,66,58
16-Mar-2017 09:00:00,50,58
16-Mar-2017 09:30:00,50,54.4444444444444
16-Mar-2017 10:00:00,66,54.4444444444444
16-Mar-2017 10:30:00,66,64.5555555555555
16-Mar-2017 11:00:00,81,64.5555555555555
16-Mar-2017 11:30:00,81,69.7142857142857
16-Mar-2017 12:00:00,50,69.7142857142857
16-Mar-2017 12:30:00,50,54.4444444444444
16-Mar-2017 13:00:00,59,54.4444444444444
16-Mar-2017 13:30:00,59,55
16-Mar-2017 14:00:00,101,85.4
16-Mar-2017 14:30:00,101,87.8571428571428
16-Mar-2017 15:00:00,71,87.8571428571428
16-Mar-2017 15:30:00,71,80.1666666666667
16-Mar-2017 16:00:00,94,80.1666666666667
16-Mar-2017 16:30:00,94,115
16-Mar-2017 17:00:00,134,115
16-Mar-2017 17:30:00,108,115.75
16-Mar-2017 18:00:00,131,135.25
16-Mar-2017 18:30:00,131,133.666666666667
16-Mar-2017 19:00:00,133,133.666666666667
16-Mar-2017 19:30:00,133,133.666666666667
16-Mar-2017 20:00:00,143,133.666666666667
16-Mar-2017 20:30:00,143,119.5
16-Mar-2017 21:00:00,131,119.5
16-Mar-2017 21:30:00,131,133.666666666667
16-Mar-2017 22:00:00,229,168
16-Mar-2017 22:30:00,229,208.375
16-Mar-2017 23:00:00,242,208.375
16-Mar-2017 23:30:00,242,216.166666666667
17-Mar-2017 00:00:00,191,216.166666666667
17-Mar-2017 00:30:00,191,215.111111111111
17-Mar-2017 01:00:00,267,215.111111111111
17-Mar-2017 01:30:00,267,257.5
17-Mar-2017 02:00:00,266,257.5
17-Mar-2017 02:30:00,266,257.5
17-Mar-2017 03:00:00,231,257.5
17-Mar-2017 03:30:00,231,208.375
17-Mar-2017 04:00:00,115,208.375
17-Mar-2017 04:30:00,115,83
17-Mar-2017 05:00:00,66,83
17-Mar-2017 05:30:00,66,64.5555555555555
17-Mar-2017 06:00:00,58,64.5555555555555
17-Mar-2017 06:30:00,58,54.2307692307692
17-Mar-2017 07:00:00,56,54.2307692307692
17-Mar-2017 07:30:00,56,54.2307692307692
17-Mar-2017 08:00:00,56,54.2307692307692
17-Mar-2017 08:30:00,56,54.2307692307692
17-Mar-2017 09:00:00,51,54.2307692307692
17-Mar-2017 09:30:00,51,46.5
17-Mar-2017 10:00:00,44,46.5
17-Mar-2017 10:30:00,44,44.1111111111111
17-Mar-2017 11:00:00,47,44.1111111111111
17-Mar-2017 11:30:00,47,43.8888888888889
17-Mar-2017 12:00:00,50,43.8888888888889
17-Mar-2017 12:30:00,50,54.4444444444444
17-Mar-2017 13:00:00,80,54.4444444444444
17-Mar-2017 13:30:00,80,78
17-Mar-2017 14:00:00,127,110.428571428571
17-Mar-2017 14:30:00,127,115.857142857143
17-Mar-2017 15:00:00,124,115.857142857143
17-Mar-2017 15:30:00,124,115.857142857143
17-Mar-2017 16:00:00,118,115.857142857143
17-Mar-2017 16:30:00,118,107
17-Mar-2017 17:00:00,108,107
17-Mar-2017 17:30:00,140,135.25
17-Mar-2017 18:00:00,117,119.5
17-Mar-2017 18:30:00,117,107
17-Mar-2017 19:00:00,98,107
17-Mar-2017 19:30:00,98,87.5
17-Mar-2017 20:00:00,89,87.5
17-Mar-2017 20:30:00,89,83.8333333333333
17-Mar-2017 21:00:00,79,83.8333333333333
17-Mar-2017 21:30:00,79,110.428571428571
17-Mar-2017 22:00:00,210,110.428571428571
17-Mar-2017 22:30:00,210,188.555555555556
17-Mar-2017 23:00:00,223,188.555555555556
17-Mar-2017 23:30:00,223,233.4
18-Mar-2017 00:00:00,117,171.166666666667
18-Mar-2017 00:30:00,117,134.5
18-Mar-2017 01:00:00,157,134.5
18-Mar-2017 01:30:00,157,197.875
18-Mar-2017 02:00:00,283,197.875
18-Mar-2017 02:30:00,283,281.6
18-Mar-2017 03:00:00,254,281.6
18-Mar-2017 03:30:00,254,216.166666666667
18-Mar-2017 04:00:00,167,216.166666666667
18-Mar-2017 04:30:00,167,131
18-Mar-2017 05:00:00,95,131
18-Mar-2017 05:30:00,95,102.5
18-Mar-2017 06:00:00,70,77.3333333333333
18-Mar-2017 06:30:00,70,62.3333333333333
18-Mar-2017 07:00:00,47,62.3333333333333
18-Mar-2017 07:30:00,47,43.8888888888889
18-Mar-2017 08:00:00,33,43.8888888888889
18-Mar-2017 08:30:00,33,27
18-Mar-2017 09:00:00,31,27
18-Mar-2017 09:30:00,31,32.5
18-Mar-2017 10:00:00,25,32.5
18-Mar-2017 10:30:00,25,25.1818181818182
18-Mar-2017 11:00:00,29,25.1818181818182
18-Mar-2017 11:30:00,29,29.5454545454545
18-Mar-2017 12:00:00,35,29.5454545454545
18-Mar-2017 12:30:00,35,45
18-Mar-2017 13:00:00,55,45
18-Mar-2017 13:30:00,55,62.5555555555556
18-Mar-2017 14:00:00,61,62.5555555555556
18-Mar-2017 14:30:00,61,85.4
18-Mar-2017 15:00:00,118,85.4
18-Mar-2017 15:30:00,118,134.5
18-Mar-2017 16:00:00,135,134.5
18-Mar-2017 16:30:00,135,168
18-Mar-2017 17:00:00,140,168
18-Mar-2017 17:30:00,291,291
18-Mar-2017 18:00:00,185,178.5
18-Mar-2017 18:30:00,185,215.111111111111
18-Mar-2017 19:00:00,239,215.111111111111
18-Mar-2017 19:30:00,239,232.2
18-Mar-2017 20:00:00,231,232.2
18-Mar-2017 20:30:00,231,208.375
18-Mar-2017 21:00:00,216,208.375
18-Mar-2017 21:30:00,216,202.2
18-Mar-2017 22:00:00,200,202.2
18-Mar-2017 22:30:00,200,188.555555555556
18-Mar-2017 23:00:00,159,188.555555555556
18-Mar-2017 23:30:00,159,162
19-Mar-2017 00:00:00,168,162
19-Mar-2017 00:30:00,168,212.25
19-Mar-2017 01:00:00,181,212.25
19-Mar-2017 01:30:00,181,167.777777777778
19-Mar-2017 02:00:00,317,212.125
19-Mar-2017 02:30:00,317,259.444444444444
19-Mar-2017 03:00:00,210,259.444444444444
19-Mar-2017 03:30:00,210,188.555555555556
19-Mar-2017 04:00:00,112,188.555555555556
19-Mar-2017 04:30:00,112,83
19-Mar-2017 05:00:00,67,83
19-Mar-2017 05:30:00,67,86.5
19-Mar-2017 06:00:00,106,86.5
19-Mar-2017 06:30:00,106,113.833333333333
19-Mar-2017 07:00:00,123,113.833333333333
19-Mar-2017 07:30:00,123,110.666666666667
19-Mar-2017 08:00:00,87,110.666666666667
19-Mar-2017 08:30:00,87,86.8888888888889
19-Mar-2017 09:00:00,46,46
19-Mar-2017 09:30:00,46,44.1428571428571
19-Mar-2017 10:00:00,39,44.1428571428571
19-Mar-2017 10:30:00,39,39.7272727272727
19-Mar-2017 11:00:00,37,39.7272727272727
19-Mar-2017 11:30:00,37,34.875
19-Mar-2017 12:00:00,39,34.875
19-Mar-2017 12:30:00,39,39.7272727272727
19-Mar-2017 13:00:00,46,39.7272727272727
19-Mar-2017 13:30:00,46,44.1428571428571
19-Mar-2017 14:00:00,74,53.6666666666667
19-Mar-2017 14:30:00,74,71
19-Mar-2017 15:00:00,142,96.6
19-Mar-2017 15:30:00,142,186.5
19-Mar-2017 16:00:00,231,186.5
19-Mar-2017 16:30:00,231,248.166666666667
19-Mar-2017 17:00:00,291,248.166666666667
19-Mar-2017 17:30:00,172,178.5
19-Mar-2017 18:00:00,376,212.125
19-Mar-2017 18:30:00,376,333.571428571429
19-Mar-2017 19:00:00,276,333.571428571429
19-Mar-2017 19:30:00,276,284.857142857143
19-Mar-2017 20:00:00,280,284.857142857143
19-Mar-2017 20:30:00,280,281.6
19-Mar-2017 21:00:00,198,230.666666666667
19-Mar-2017 21:30:00,198,188.555555555556
19-Mar-2017 22:00:00,188,188.555555555556
19-Mar-2017 22:30:00,188,215.111111111111
19-Mar-2017 23:00:00,218,215.111111111111
19-Mar-2017 23:30:00,218,171.166666666667
20-Mar-2017 00:00:00,259,171.166666666667
20-Mar-2017 00:30:00,259,260.375
20-Mar-2017 01:00:00,197,260.375
20-Mar-2017 01:30:00,197,188.555555555556
20-Mar-2017 02:00:00,236,242
20-Mar-2017 02:30:00,236,202
20-Mar-2017 03:00:00,168,202
20-Mar-2017 03:30:00,168,212.125
20-Mar-2017 04:00:00,105,212.125
20-Mar-2017 04:30:00,105,85.75
20-Mar-2017 05:00:00,80,85.75
20-Mar-2017 05:30:00,80,110.428571428571
20-Mar-2017 06:00:00,71,110.428571428571
20-Mar-2017 06:30:00,71,62.3333333333333
20-Mar-2017 07:00:00,65,62.3333333333333
20-Mar-2017 07:30:00,65,64.5555555555555
20-Mar-2017 08:00:00,52,64.5555555555555
20-Mar-2017 08:30:00,52,52.3846153846154
20-Mar-2017 09:00:00,48,52.3846153846154
20-Mar-2017 09:30:00,48,47.7142857142857
20-Mar-2017 10:00:00,56,47.7142857142857
20-Mar-2017 11:00:00,49,54.2307692307692
20-Mar-2017 11:30:00,49,48.6666666666667
20-Mar-2017 12:00:00,62,48.6666666666667
20-Mar-2017 12:30:00,62,85.4
20-Mar-2017 13:00:00,85,85.4
20-Mar-2017 13:30:00,85,81.3333333333333
20-Mar-2017 14:00:00,148,107.285714285714
20-Mar-2017 14:30:00,148,165
20-Mar-2017 15:00:00,159,165
20-Mar-2017 15:30:00,159,162
20-Mar-2017 16:00:00,203,203
20-Mar-2017 16:30:00,203,242
20-Mar-2017 17:00:00,172,242
20-Mar-2017 17:30:00,129,212.125
20-Mar-2017 18:00:00,238,231
20-Mar-2017 18:30:00,238,232.2
20-Mar-2017 19:00:00,214,232.2
20-Mar-2017 19:30:00,214,196.75
20-Mar-2017 20:00:00,198,196.75
20-Mar-2017 21:00:00,331,242
20-Mar-2017 21:30:00,331,303.444444444444
20-Mar-2017 22:00:00,259,303.444444444444
20-Mar-2017 22:30:00,259,260.375
20-Mar-2017 23:00:00,303,260.375
20-Mar-2017 23:30:00,303,308
21-Mar-2017 00:00:00,311,308
21-Mar-2017 00:30:00,311,324.5
21-Mar-2017 01:00:00,338,324.5
21-Mar-2017 01:30:00,338,340.444444444444
21-Mar-2017 02:00:00,346,340.444444444444
21-Mar-2017 02:30:00,346,326.142857142857
21-Mar-2017 03:00:00,213,289.25
21-Mar-2017 03:30:00,213,196.75
21-Mar-2017 04:00:00,115,160
21-Mar-2017 04:30:00,115,122
21-Mar-2017 05:00:00,98,122
21-Mar-2017 05:30:00,98,87.5
21-Mar-2017 06:00:00,66,87.5
21-Mar-2017 06:30:00,66,64.5555555555555
21-Mar-2017 07:00:00,62,64.5555555555555
21-Mar-2017 07:30:00,62,57
21-Mar-2017 08:00:00,48,57
21-Mar-2017 08:30:00,48,47.7142857142857
21-Mar-2017 09:00:00,46,47.7142857142857
21-Mar-2017 09:30:00,46,53.6666666666667
21-Mar-2017 10:00:00,41,53.6666666666667
21-Mar-2017 10:30:00,41,43
21-Mar-2017 11:00:00,51,43
21-Mar-2017 11:30:00,51,50.4285714285714
21-Mar-2017 12:00:00,55,50.4285714285714
21-Mar-2017 12:30:00,55,62.5555555555556
21-Mar-2017 13:00:00,65,62.5555555555556
21-Mar-2017 13:30:00,65,64.5555555555555
21-Mar-2017 14:00:00,100,74
21-Mar-2017 14:30:00,100,87.8571428571428
21-Mar-2017 15:00:00,143,203.666666666667
21-Mar-2017 15:30:00,143,158.166666666667
21-Mar-2017 16:00:00,114,158.166666666667
21-Mar-2017 16:30:00,114,122
21-Mar-2017 17:00:00,129,122
21-Mar-2017 17:30:00,224,231
21-Mar-2017 18:00:00,226,171.166666666667
21-Mar-2017 18:30:00,226,248.166666666667
21-Mar-2017 19:00:00,255,248.166666666667
21-Mar-2017 19:30:00,255,248.5
21-Mar-2017 20:00:00,243,248.5
21-Mar-2017 20:30:00,243,216.166666666667
21-Mar-2017 21:00:00,200,216.166666666667
21-Mar-2017 21:30:00,200,242
21-Mar-2017 22:00:00,331,242
21-Mar-2017 22:30:00,331,303.444444444444
21-Mar-2017 23:00:00,306,303.444444444444
21-Mar-2017 23:30:00,306,308
22-Mar-2017 00:00:00,310,308
22-Mar-2017 00:30:00,310,308
22-Mar-2017 01:00:00,277,298.5
22-Mar-2017 01:30:00,277,284.857142857143
22-Mar-2017 02:00:00,305,284.857142857143
22-Mar-2017 02:30:00,305,298.5
22-Mar-2017 03:00:00,298,298.5
22-Mar-2017 03:30:00,298,248.75
22-Mar-2017 04:00:00,140,248.75
22-Mar-2017 04:30:00,140,104
22-Mar-2017 05:00:00,68,104
22-Mar-2017 05:30:00,68,64.8888888888889
22-Mar-2017 06:00:00,67,64.8888888888889
22-Mar-2017 06:30:00,67,64.8888888888889
22-Mar-2017 07:00:00,56,64.8888888888889
22-Mar-2017 07:30:00,56,54.2307692307692
22-Mar-2017 08:00:00,52,54.2307692307692
22-Mar-2017 08:30:00,52,52.3846153846154
22-Mar-2017 09:00:00,48,52.3846153846154
22-Mar-2017 09:30:00,48,47.7142857142857
22-Mar-2017 10:00:00,40,47.7142857142857
22-Mar-2017 10:30:00,40,40.1111111111111
22-Mar-2017 11:00:00,45,40.1111111111111
22-Mar-2017 11:30:00,45,44.1111111111111
22-Mar-2017 12:00:00,48,44.1111111111111
22-Mar-2017 12:30:00,48,47.7142857142857
22-Mar-2017 13:00:00,72,58
22-Mar-2017 13:30:00,72,95.5
22-Mar-2017 14:00:00,119,95.5
22-Mar-2017 14:30:00,119,134.5
22-Mar-2017 15:00:00,161,134.5
22-Mar-2017 15:30:00,161,173.555555555556
22-Mar-2017 16:00:00,191,173.555555555556
22-Mar-2017 16:30:00,191,215.111111111111
22-Mar-2017 17:00:00,224,215.111111111111
22-Mar-2017 17:30:00,116,171.166666666667
22-Mar-2017 18:00:00,154,108.4
22-Mar-2017 18:30:00,154,153
22-Mar-2017 19:00:00,127,147.5
22-Mar-2017 19:30:00,127,132.571428571429
22-Mar-2017 20:00:00,147,132.571428571429
22-Mar-2017 20:30:00,147,204.5
22-Mar-2017 21:00:00,325,204.5
22-Mar-2017 21:30:00,325,348.222222222222
22-Mar-2017 22:00:00,345,348.222222222222
22-Mar-2017 22:30:00,345,289.25
22-Mar-2017 23:00:00,271,289.25
22-Mar-2017 23:30:00,271,296
23-Mar-2017 00:30:00,266,296
23-Mar-2017 01:00:00,364,296
23-Mar-2017 01:30:00,364,416.2
23-Mar-2017 02:00:00,592,416.2
23-Mar-2017 02:30:00,592,569.5
23-Mar-2017 03:00:00,354,455.666666666667
23-Mar-2017 03:30:00,354,323.75
23-Mar-2017 04:30:00,284,323.75
23-Mar-2017 05:00:00,215,230.666666666667
23-Mar-2017 05:30:00,215,160
23-Mar-2017 06:00:00,150,160
23-Mar-2017 06:30:00,150,121.5
23-Mar-2017 07:00:00,93,121.5
23-Mar-2017 07:30:00,93,77.5
23-Mar-2017 08:00:00,62,77.5
23-Mar-2017 08:30:00,62,57
23-Mar-2017 09:00:00,59,57
23-Mar-2017 09:30:00,59,57
23-Mar-2017 11:30:00,55,57
23-Mar-2017 12:00:00,64,62.5555555555556
23-Mar-2017 12:30:00,64,74
23-Mar-2017 13:00:00,64,74
23-Mar-2017 13:30:00,64,74
23-Mar-2017 14:00:00,86,74
23-Mar-2017 14:30:00,86,107.285714285714
23-Mar-2017 15:00:00,115,107.285714285714
23-Mar-2017 15:30:00,115,122
23-Mar-2017 16:00:00,106,122
23-Mar-2017 16:30:00,106,113.833333333333
23-Mar-2017 17:00:00,116,113.833333333333
23-Mar-2017 17:30:00,102,108.4
23-Mar-2017 18:00:00,103,104.5
23-Mar-2017 18:30:00,103,104.5
23-Mar-2017 19:00:00,106,104.5
23-Mar-2017 19:30:00,106,113.833333333333
23-Mar-2017 20:00:00,89,92
23-Mar-2017 20:30:00,89,83.8333333333333
23-Mar-2017 21:00:00,100,124.5
23-Mar-2017 21:30:00,100,203.666666666667
23-Mar-2017 22:00:00,368,203.666666666667
23-Mar-2017 22:30:00,368,374.666666666667
23-Mar-2017 23:00:00,362,374.666666666667
24-Mar-2017 23:30:00,89,277
25-Mar-2017 00:00:00,149,124.5
25-Mar-2017 00:30:00,149,165
25-Mar-2017 01:00:00,234,165
25-Mar-2017 01:30:00,234,241.333333333333
25-Mar-2017 02:00:00,257,241.333333333333
25-Mar-2017 02:30:00,257,248.5
25-Mar-2017 03:00:00,239,248.5
25-Mar-2017 03:30:00,239,232.2
25-Mar-2017 04:00:00,106,106
25-Mar-2017 04:30:00,106,92
25-Mar-2017 05:00:00,66,92
25-Mar-2017 05:30:00,66,74
25-Mar-2017 06:00:00,39,49.75
25-Mar-2017 06:30:00,39,39.7272727272727
25-Mar-2017 07:00:00,41,39.7272727272727
25-Mar-2017 07:30:00,41,43
25-Mar-2017 08:00:00,21,33.8571428571429
25-Mar-2017 08:30:00,21,22.9
25-Mar-2017 09:00:00,28,22.9
25-Mar-2017 09:30:00,28,31.3333333333333
25-Mar-2017 10:00:00,31,31.3333333333333
25-Mar-2017 10:30:00,31,32.5
25-Mar-2017 11:00:00,31,32.5
25-Mar-2017 11:30:00,31,32.5
25-Mar-2017 12:00:00,40,32.5
25-Mar-2017 12:30:00,40,40.1111111111111
25-Mar-2017 13:00:00,45,40.1111111111111
25-Mar-2017 13:30:00,45,44.1111111111111
25-Mar-2017 14:00:00,135,58.6666666666667
25-Mar-2017 14:30:00,135,134.666666666667
25-Mar-2017 15:00:00,135,134.666666666667
25-Mar-2017 15:30:00,135,134.666666666667
25-Mar-2017 16:00:00,138,134.666666666667
25-Mar-2017 16:30:00,138,134.666666666667
25-Mar-2017 17:00:00,118,134.666666666667
25-Mar-2017 17:30:00,103,108.4
25-Mar-2017 18:00:00,97,104.5
25-Mar-2017 18:30:00,97,87.5
25-Mar-2017 19:00:00,77,87.5
25-Mar-2017 19:30:00,77,96.6
25-Mar-2017 20:00:00,76,96.6
25-Mar-2017 20:30:00,76,96.6
25-Mar-2017 21:00:00,112,96.6
25-Mar-2017 21:30:00,112,122
25-Mar-2017 22:00:00,187,122
25-Mar-2017 22:30:00,187,175.166666666667
25-Mar-2017 23:00:00,177,175.166666666667
25-Mar-2017 23:30:00,177,212.125
26-Mar-2017 00:00:00,253,212.125
26-Mar-2017 00:30:00,253,252.5
26-Mar-2017 01:00:00,272,252.5
26-Mar-2017 01:30:00,272,268.428571428571
26-Mar-2017 02:00:00,264,268.428571428571
26-Mar-2017 02:30:00,264,271
26-Mar-2017 03:00:00,164,206
26-Mar-2017 03:30:00,164,148.166666666667
26-Mar-2017 04:00:00,111,148.166666666667
26-Mar-2017 04:30:00,111,89.6666666666667
26-Mar-2017 05:00:00,68,89.6666666666667
26-Mar-2017 05:30:00,68,64.8888888888889
26-Mar-2017 06:00:00,47,64.8888888888889
26-Mar-2017 06:30:00,47,58
26-Mar-2017 07:00:00,33,58
26-Mar-2017 07:30:00,33,34.7777777777778
26-Mar-2017 08:00:00,39,34.7777777777778
26-Mar-2017 08:30:00,39,39.7272727272727
26-Mar-2017 09:00:00,34,39.7272727272727
26-Mar-2017 09:30:00,34,34.7777777777778
26-Mar-2017 10:00:00,37,34.7777777777778
26-Mar-2017 10:30:00,37,34.875
26-Mar-2017 11:00:00,29,34.875
26-Mar-2017 11:30:00,29,29.5454545454545
26-Mar-2017 12:00:00,30,29.5454545454545
26-Mar-2017 12:30:00,30,29.5454545454545
26-Mar-2017 13:00:00,47,47
26-Mar-2017 13:30:00,47,58
26-Mar-2017 14:00:00,99,58
26-Mar-2017 14:30:00,99,116.5
26-Mar-2017 15:00:00,134,116.5
26-Mar-2017 15:30:00,134,125
26-Mar-2017 16:00:00,116,125
26-Mar-2017 16:30:00,116,108.4
26-Mar-2017 17:00:00,103,108.4
26-Mar-2017 17:30:00,116,104.5
26-Mar-2017 18:00:00,67,108.4
26-Mar-2017 18:30:00,67,64.8888888888889
26-Mar-2017 19:00:00,75,64.8888888888889
26-Mar-2017 19:30:00,75,73.6
26-Mar-2017 21:30:00,73,73.6
26-Mar-2017 22:00:00,69,60.6666666666667
26-Mar-2017 22:30:00,69,64.8888888888889
26-Mar-2017 23:00:00,81,84.5555555555555
26-Mar-2017 23:30:00,81,69.7142857142857
27-Mar-2017 00:00:00,196,196
27-Mar-2017 00:30:00,196,175.166666666667
27-Mar-2017 01:00:00,166,175.166666666667
27-Mar-2017 01:30:00,166,149
27-Mar-2017 02:00:00,139,149
27-Mar-2017 02:30:00,139,134.666666666667
27-Mar-2017 03:00:00,137,134.666666666667
27-Mar-2017 03:30:00,137,134.666666666667
27-Mar-2017 04:00:00,102,110.857142857143
27-Mar-2017 04:30:00,102,104.5
27-Mar-2017 05:00:00,81,97.25
27-Mar-2017 05:30:00,81,68.75
27-Mar-2017 06:00:00,56,68.75
27-Mar-2017 06:30:00,56,54.2307692307692
27-Mar-2017 07:00:00,50,54.2307692307692
27-Mar-2017 07:30:00,50,54.4444444444444
27-Mar-2017 08:00:00,35,54.4444444444444
27-Mar-2017 08:30:00,35,34.7777777777778
27-Mar-2017 10:00:00,39,34.7777777777778
27-Mar-2017 10:30:00,39,39.7272727272727
27-Mar-2017 11:00:00,45,39.7272727272727
27-Mar-2017 11:30:00,45,58.6666666666667
27-Mar-2017 12:00:00,45,58.6666666666667
27-Mar-2017 12:30:00,45,58.6666666666667
27-Mar-2017 13:00:00,55,58.6666666666667
27-Mar-2017 13:30:00,55,62.5555555555556
27-Mar-2017 14:00:00,91,62.5555555555556
27-Mar-2017 14:30:00,91,97
27-Mar-2017 15:00:00,128,97
27-Mar-2017 15:30:00,128,132.571428571429
27-Mar-2017 16:00:00,131,132.571428571429
27-Mar-2017 16:30:00,131,110.857142857143
27-Mar-2017 17:00:00,116,110.857142857143
27-Mar-2017 17:30:00,224,224
27-Mar-2017 18:00:00,91,171.166666666667
27-Mar-2017 18:30:00,91,97
27-Mar-2017 19:00:00,99,97
27-Mar-2017 19:30:00,99,99.3333333333333
27-Mar-2017 20:00:00,101,99.3333333333333
27-Mar-2017 20:30:00,101,106.428571428571
27-Mar-2017 21:00:00,122,106.428571428571
27-Mar-2017 21:30:00,122,110.666666666667
27-Mar-2017 22:30:00,214,145.25
27-Mar-2017 23:00:00,304,304
27-Mar-2017 23:30:00,304,298.5
28-Mar-2017 00:00:00,299,298.5
28-Mar-2017 00:30:00,299,248.75
28-Mar-2017 01:00:00,239,248.75
28-Mar-2017 01:30:00,239,266.5
28-Mar-2017 02:00:00,289,266.5
28-Mar-2017 02:30:00,289,279.833333333333
28-Mar-2017 03:00:00,260,279.833333333333
28-Mar-2017 03:30:00,260,206
28-Mar-2017 04:00:00,194,206
28-Mar-2017 04:30:00,194,175.166666666667
28-Mar-2017 05:00:00,131,175.166666666667
28-Mar-2017 05:30:00,131,110.857142857143
28-Mar-2017 06:00:00,82,110.857142857143
28-Mar-2017 06:30:00,82,68.75
28-Mar-2017 07:00:00,56,68.75
28-Mar-2017 07:30:00,56,54.2307692307692
28-Mar-2017 08:00:00,53,54.2307692307692
28-Mar-2017 08:30:00,53,52.3846153846154
28-Mar-2017 09:00:00,54,52.3846153846154
28-Mar-2017 09:30:00,54,52.3846153846154
28-Mar-2017 10:00:00,53,52.3846153846154
28-Mar-2017 10:30:00,53,52.3846153846154
28-Mar-2017 11:00:00,54,52.3846153846154
28-Mar-2017 11:30:00,54,52.3846153846154
28-Mar-2017 12:00:00,53,52.3846153846154
28-Mar-2017 12:30:00,53,52.3846153846154
28-Mar-2017 13:00:00,102,84
28-Mar-2017 13:30:00,102,97.25
28-Mar-2017 14:00:00,103,97.25
28-Mar-2017 14:30:00,103,97.25
28-Mar-2017 15:00:00,201,147.666666666667
28-Mar-2017 15:30:00,201,242
28-Mar-2017 16:00:00,212,242
28-Mar-2017 16:30:00,212,220.285714285714
28-Mar-2017 17:00:00,224,220.285714285714
28-Mar-2017 18:30:00,197,211
28-Mar-2017 19:00:00,292,242
28-Mar-2017 19:30:00,292,281.4
28-Mar-2017 20:00:00,244,281.4
28-Mar-2017 20:30:00,244,239.888888888889
28-Mar-2017 21:00:00,241,239.888888888889
28-Mar-2017 21:30:00,241,239.888888888889
28-Mar-2017 22:00:00,242,239.888888888889
28-Mar-2017 22:30:00,242,239.888888888889
28-Mar-2017 23:00:00,250,239.888888888889
28-Mar-2017 23:30:00,250,252.5
29-Mar-2017 00:00:00,243,252.5
29-Mar-2017 00:30:00,243,239.888888888889
29-Mar-2017 01:00:00,216,239.888888888889
29-Mar-2017 01:30:00,216,202.2
29-Mar-2017 02:00:00,172,202.2
29-Mar-2017 02:30:00,172,212.125
29-Mar-2017 03:00:00,129,95.6
29-Mar-2017 03:30:00,129,110.857142857143
29-Mar-2017 04:00:00,85,110.857142857143
29-Mar-2017 04:30:00,85,107.285714285714
29-Mar-2017 05:00:00,108,107.285714285714
29-Mar-2017 05:30:00,108,119.25
29-Mar-2017 06:00:00,94,119.25
29-Mar-2017 06:30:00,94,97
29-Mar-2017 07:00:00,95,97
29-Mar-2017 07:30:00,95,77.3333333333333
29-Mar-2017 08:00:00,40,77.3333333333333
29-Mar-2017 08:30:00,40,40.1111111111111
29-Mar-2017 09:00:00,41,40.1111111111111
29-Mar-2017 09:30:00,41,33.8571428571429
29-Mar-2017 10:00:00,35,33.8571428571429
29-Mar-2017 10:30:00,35,34.7777777777778
29-Mar-2017 11:00:00,28,34.7777777777778
29-Mar-2017 11:30:00,28,31.3333333333333
29-Mar-2017 12:00:00,33,31.3333333333333
29-Mar-2017 12:30:00,33,34.7777777777778
29-Mar-2017 13:00:00,54,42
29-Mar-2017 13:30:00,54,84
30-Mar-2017 17:30:00,181,84
31-Mar-2017 08:00:00,35,95.6
31-Mar-2017 08:30:00,35,42
31-Mar-2017 09:00:00,38,42
31-Mar-2017 09:30:00,38,35
31-Mar-2017 10:00:00,32,35
31-Mar-2017 10:30:00,32,32.5
31-Mar-2017 11:00:00,39,32.5
31-Mar-2017 11:30:00,39,39.7272727272727
31-Mar-2017 12:00:00,43,48.3333333333333
31-Mar-2017 12:30:00,43,63
31-Mar-2017 13:00:00,83,63
31-Mar-2017 13:30:00,83,100.5
31-Mar-2017 14:00:00,107,100.5
31-Mar-2017 14:30:00,107,92
31-Mar-2017 15:00:00,165,165
31-Mar-2017 15:30:00,165,183
31-Mar-2017 16:00:00,210,183
31-Mar-2017 16:30:00,210,215
31-Mar-2017 17:00:00,181,215
31-Mar-2017 17:30:00,67,95.6
31-Mar-2017 18:00:00,163,84.5555555555555
31-Mar-2017 18:30:00,163,151.666666666667
31-Mar-2017 19:00:00,129,151.666666666667
31-Mar-2017 19:30:00,129,128
31-Mar-2017 20:00:00,126,128
31-Mar-2017 20:30:00,126,132.571428571429
31-Mar-2017 21:00:00,143,132.571428571429
31-Mar-2017 21:30:00,143,158.166666666667
31-Mar-2017 22:00:00,217,158.166666666667
31-Mar-2017 22:30:00,217,217.857142857143
31-Mar-2017 23:00:00,237,217.857142857143
31-Mar-2017 23:30:00,237,266.5
01-Apr-2017 01:30:00,301,266.5
01-Apr-2017 02:00:00,393,393
01-Apr-2017 02:30:00,393,333.571428571429
01-Apr-2017 03:00:00,295,270.5
01-Apr-2017 03:30:00,295,281.4
01-Apr-2017 04:00:00,177,177
01-Apr-2017 04:30:00,177,95.6
01-Apr-2017 05:00:00,70,95.6
01-Apr-2017 05:30:00,70,62.3333333333333
01-Apr-2017 06:00:00,51,62.3333333333333
01-Apr-2017 06:30:00,51,50.4285714285714
01-Apr-2017 07:00:00,41,50.4285714285714
01-Apr-2017 07:30:00,41,33.8571428571429
01-Apr-2017 08:00:00,31,33.8571428571429
01-Apr-2017 08:30:00,31,29.5555555555556
01-Apr-2017 09:00:00,22,29.5555555555556
01-Apr-2017 09:30:00,22,23.6666666666667
01-Apr-2017 10:00:00,23,23.6666666666667
01-Apr-2017 10:30:00,23,23.6666666666667
01-Apr-2017 11:00:00,32,23.6666666666667
01-Apr-2017 11:30:00,32,29.5555555555556
01-Apr-2017 12:00:00,33,29.5555555555556
01-Apr-2017 12:30:00,33,42
01-Apr-2017 13:00:00,50,42
01-Apr-2017 13:30:00,50,54.4444444444444
01-Apr-2017 14:00:00,83,66
01-Apr-2017 14:30:00,83,100.5
01-Apr-2017 15:00:00,129,100.5
01-Apr-2017 15:30:00,129,128
01-Apr-2017 16:00:00,96,96
01-Apr-2017 16:30:00,96,77.3333333333333
01-Apr-2017 17:00:00,67,77.3333333333333
01-Apr-2017 17:30:00,56,84.5555555555555
01-Apr-2017 18:00:00,54,84
01-Apr-2017 18:30:00,54,84
01-Apr-2017 19:00:00,69,84
01-Apr-2017 19:30:00,69,84.5555555555555
01-Apr-2017 20:00:00,105,84.5555555555555
01-Apr-2017 20:30:00,105,147.666666666667
01-Apr-2017 21:00:00,137,147.666666666667
01-Apr-2017 23:30:00,257,257
02-Apr-2017 00:00:00,198,216.6
02-Apr-2017 00:30:00,198,215
02-Apr-2017 01:00:00,271,215
02-Apr-2017 01:30:00,271,296
02-Apr-2017 02:00:00,308,296
02-Apr-2017 02:30:00,308,298.5
02-Apr-2017 03:00:00,206,233
02-Apr-2017 03:30:00,206,153
02-Apr-2017 04:00:00,100,153
02-Apr-2017 04:30:00,100,82
02-Apr-2017 05:00:00,64,82
02-Apr-2017 05:30:00,64,49.75
02-Apr-2017 06:00:00,32,49.75
02-Apr-2017 06:30:00,32,29.5555555555556
02-Apr-2017 07:00:00,32,29.5555555555556
02-Apr-2017 07:30:00,32,29.5555555555556
02-Apr-2017 08:00:00,23,29.5555555555556
02-Apr-2017 08:30:00,23,23.6666666666667
02-Apr-2017 09:00:00,23,23.6666666666667
02-Apr-2017 09:30:00,23,23.6666666666667
02-Apr-2017 10:00:00,17,23.6666666666667
02-Apr-2017 10:30:00,17,23
02-Apr-2017 11:00:00,24,23
02-Apr-2017 11:30:00,24,23.6666666666667
02-Apr-2017 12:00:00,29,23.6666666666667
02-Apr-2017 12:30:00,29,29.5555555555556
02-Apr-2017 13:00:00,39,35.5
02-Apr-2017 13:30:00,39,48.3333333333333
02-Apr-2017 14:00:00,63,48.3333333333333
02-Apr-2017 14:30:00,63,64
02-Apr-2017 15:00:00,61,64
02-Apr-2017 15:30:00,61,57
02-Apr-2017 16:00:00,45,57
02-Apr-2017 16:30:00,45,58.6666666666667
02-Apr-2017 17:00:00,56,58.6666666666667
02-Apr-2017 18:00:00,74,84
02-Apr-2017 18:30:00,74,73.6
02-Apr-2017 19:00:00,70,73.6
02-Apr-2017 19:30:00,70,66.75
02-Apr-2017 20:00:00,80,66.75
02-Apr-2017 20:30:00,80,110.428571428571
02-Apr-2017 21:00:00,126,110.428571428571
02-Apr-2017 21:30:00,126,132.571428571429
02-Apr-2017 22:00:00,198,198
02-Apr-2017 22:30:00,198,231.75
02-Apr-2017 23:00:00,231,231.75
02-Apr-2017 23:30:00,231,248.166666666667
03-Apr-2017 00:00:00,255,248.166666666667
03-Apr-2017 00:30:00,255,216.6
03-Apr-2017 01:00:00,183,216.6
03-Apr-2017 01:30:00,183,204.444444444444
03-Apr-2017 02:00:00,192,204.444444444444
03-Apr-2017 02:30:00,192,210.5
03-Apr-2017 03:00:00,233,210.5
03-Apr-2017 03:30:00,233,241.333333333333
03-Apr-2017 04:00:00,114,114
03-Apr-2017 04:30:00,114,89.6666666666667
03-Apr-2017 05:00:00,56,89.6666666666667
03-Apr-2017 05:30:00,56,55.6666666666667
03-Apr-2017 06:00:00,57,55.6666666666667
03-Apr-2017 06:30:00,57,55.25
03-Apr-2017 07:00:00,41,55.25
03-Apr-2017 07:30:00,41,33.8571428571429
03-Apr-2017 08:00:00,27,33.8571428571429
03-Apr-2017 08:30:00,27,25.1818181818182
03-Apr-2017 09:00:00,24,25.1818181818182
03-Apr-2017 09:30:00,24,23.6666666666667
03-Apr-2017 10:00:00,21,23.6666666666667
03-Apr-2017 17:30:00,56,56
03-Apr-2017 20:30:00,54,55.6666666666667
03-Apr-2017 21:00:00,57,57.6666666666667
03-Apr-2017 21:30:00,57,55.25
03-Apr-2017 22:00:00,64,55.25
03-Apr-2017 22:30:00,64,49.75
03-Apr-2017 23:00:00,96,73.5
03-Apr-2017 23:30:00,96,77.3333333333333
04-Apr-2017 00:00:00,176,142.75
04-Apr-2017 00:30:00,176,204.444444444444
04-Apr-2017 01:00:00,172,204.444444444444
04-Apr-2017 01:30:00,172,204.444444444444
04-Apr-2017 02:00:00,279,204.444444444444
04-Apr-2017 02:30:00,279,230.666666666667
04-Apr-2017 03:00:00,113,113
04-Apr-2017 03:30:00,113,89.6666666666667
04-Apr-2017 04:00:00,76,89.6666666666667
04-Apr-2017 04:30:00,76,73.6
04-Apr-2017 05:00:00,32,62.4
04-Apr-2017 05:30:00,32,35.5
04-Apr-2017 06:00:00,43,41.5
04-Apr-2017 06:30:00,43,32
04-Apr-2017 07:00:00,21,32
04-Apr-2017 07:30:00,21,19.25
04-Apr-2017 08:00:00,21,19.25
04-Apr-2017 08:30:00,21,19.25
04-Apr-2017 09:00:00,14,19.25
04-Apr-2017 09:30:00,14,13.8571428571429
04-Apr-2017 10:00:00,15,13.8571428571429
04-Apr-2017 10:30:00,15,17.2
04-Apr-2017 11:00:00,15,17.2
04-Apr-2017 11:30:00,15,17.2
04-Apr-2017 12:00:00,24,17.2
04-Apr-2017 12:30:00,24,29
04-Apr-2017 13:00:00,34,29
04-Apr-2017 13:30:00,34,41.5
04-Apr-2017 14:00:00,40,41.5
04-Apr-2017 14:30:00,40,40.1111111111111
04-Apr-2017 15:00:00,80,80
04-Apr-2017 15:30:00,80,63
04-Apr-2017 16:00:00,46,63
04-Apr-2017 16:30:00,46,58.6666666666667
04-Apr-2017 17:00:00,56,58.6666666666667
04-Apr-2017 17:30:00,29,29
04-Apr-2017 18:00:00,62,41.5
04-Apr-2017 18:30:00,62,57
04-Apr-2017 19:00:00,9,35.3333333333333
04-Apr-2017 19:30:00,9,13.8571428571429
04-Apr-2017 20:00:00,22,13.8571428571429
04-Apr-2017 20:30:00,22,22.3636363636364
04-Apr-2017 21:00:00,20,22.3636363636364
04-Apr-2017 21:30:00,20,26.5
04-Apr-2017 22:00:00,33,26.5
04-Apr-2017 22:30:00,33,41.5
04-Apr-2017 23:00:00,37,41.5
04-Apr-2017 23:30:00,37,34.875
05-Apr-2017 00:00:00,63,63
05-Apr-2017 00:30:00,63,64
05-Apr-2017 01:00:00,69,64
05-Apr-2017 01:30:00,69,84.5555555555555
05-Apr-2017 02:00:00,85,84.5555555555555
05-Apr-2017 02:30:00,85,107.285714285714
05-Apr-2017 03:00:00,124,107.285714285714
05-Apr-2017 03:30:00,124,87.5
05-Apr-2017 04:00:00,51,87.5
05-Apr-2017 04:30:00,51,50.4285714285714
05-Apr-2017 05:00:00,53,50.4285714285714
05-Apr-2017 05:30:00,53,47.75
05-Apr-2017 06:00:00,44,47.75
05-Apr-2017 06:30:00,44,44.8571428571428
05-Apr-2017 07:00:00,49,44.8571428571428
05-Apr-2017 07:30:00,49,48.6666666666667
05-Apr-2017 08:00:00,36,48.6666666666667
05-Apr-2017 08:30:00,36,69.3333333333333
05-Apr-2017 09:00:00,53,69.3333333333333
05-Apr-2017 09:30:00,53,47.75
05-Apr-2017 10:00:00,47,47.75
05-Apr-2017 10:30:00,47,58
05-Apr-2017 11:00:00,61,58
05-Apr-2017 11:30:00,61,35.3333333333333
05-Apr-2017 12:00:00,36,35.3333333333333
05-Apr-2017 12:30:00,36,31
05-Apr-2017 13:00:00,26,31
05-Apr-2017 13:30:00,26,25.1818181818182
05-Apr-2017 14:00:00,21,25.1818181818182
05-Apr-2017 14:30:00,21,22.3636363636364
05-Apr-2017 15:00:00,17,22.3636363636364
05-Apr-2017 15:30:00,17,17.2
05-Apr-2017 16:00:00,48,48
05-Apr-2017 16:30:00,48,43.2857142857143
05-Apr-2017 17:00:00,29,43.2857142857143
05-Apr-2017 17:30:00,230,74.1666666666667
05-Apr-2017 18:00:00,24,194.25
05-Apr-2017 18:30:00,24,22.3636363636364
05-Apr-2017 19:00:00,23,22.3636363636364
05-Apr-2017 19:30:00,23,22.3636363636364
05-Apr-2017 20:00:00,25,22.3636363636364
05-Apr-2017 20:30:00,25,25.1818181818182
05-Apr-2017 21:00:00,25,25.1818181818182
05-Apr-2017 21:30:00,25,25.1818181818182
05-Apr-2017 22:00:00,24,25.1818181818182
05-Apr-2017 22:30:00,24,22.3636363636364
05-Apr-2017 23:00:00,26,22.3636363636364
05-Apr-2017 23:30:00,26,25.1818181818182
06-Apr-2017 00:00:00,33,29.125
06-Apr-2017 00:30:00,33,74.1666666666667
06-Apr-2017 01:00:00,40,74.1666666666667
06-Apr-2017 01:30:00,40,42.375
06-Apr-2017 02:00:00,45,42.375
06-Apr-2017 02:30:00,45,44.8571428571428
06-Apr-2017 03:00:00,50,44.8571428571428
06-Apr-2017 03:30:00,50,66
06-Apr-2017 04:00:00,65,66
06-Apr-2017 04:30:00,65,73.5
06-Apr-2017 05:00:00,69,73.5
06-Apr-2017 05:30:00,69,84.5555555555555
06-Apr-2017 06:00:00,64,84.5555555555555
06-Apr-2017 06:30:00,64,73.5
06-Apr-2017 07:00:00,44,40.5
06-Apr-2017 07:30:00,44,44.8571428571428
06-Apr-2017 08:00:00,38,44.8571428571428
06-Apr-2017 08:30:00,38,41
06-Apr-2017 09:00:00,44,41
06-Apr-2017 09:30:00,44,44.8571428571428
06-Apr-2017 10:00:00,54,47
06-Apr-2017 10:30:00,54,57.6666666666667
06-Apr-2017 11:00:00,79,57.6666666666667
06-Apr-2017 11:30:00,79,95.6666666666667
06-Apr-2017 12:00:00,96,95.6666666666667
06-Apr-2017 12:30:00,96,142.75
06-Apr-2017 13:00:00,132,142.75
06-Apr-2017 13:30:00,132,121.166666666667
06-Apr-2017 14:00:00,135,121.166666666667
06-Apr-2017 14:30:00,135,121.166666666667
06-Apr-2017 15:00:00,145,121.166666666667
06-Apr-2017 15:30:00,145,158.166666666667
06-Apr-2017 16:00:00,187,158.166666666667
06-Apr-2017 16:30:00,187,210.5
06-Apr-2017 17:00:00,230,210.5
06-Apr-2017 18:00:00,240,194.25
06-Apr-2017 18:30:00,240,239.888888888889
06-Apr-2017 19:00:00,266,252.666666666667
06-Apr-2017 19:30:00,266,264.125
06-Apr-2017 20:00:00,256,264.125
06-Apr-2017 20:30:00,256,216.6
06-Apr-2017 21:00:00,191,216.6
06-Apr-2017 21:30:00,191,163.75
06-Apr-2017 22:00:00,186,163.75
06-Apr-2017 22:30:00,186,168.875
06-Apr-2017 23:00:00,113,168.875
06-Apr-2017 23:30:00,113,110.666666666667
07-Apr-2017 00:00:00,101,110.666666666667
07-Apr-2017 00:30:00,101,106.428571428571
07-Apr-2017 01:00:00,120,106.428571428571
07-Apr-2017 01:30:00,120,121.428571428571
07-Apr-2017 02:00:00,114,121.428571428571
07-Apr-2017 02:30:00,114,126.666666666667
07-Apr-2017 03:00:00,126,126.666666666667
07-Apr-2017 03:30:00,126,145
07-Apr-2017 04:00:00,164,145
07-Apr-2017 04:30:00,164,148.166666666667
07-Apr-2017 05:00:00,164,148.166666666667
07-Apr-2017 05:30:00,164,148.166666666667
07-Apr-2017 06:00:00,122,148.166666666667
07-Apr-2017 06:30:00,122,145.25
07-Apr-2017 07:00:00,129,145.25
07-Apr-2017 11:00:00,100,121.166666666667
07-Apr-2017 11:30:00,100,98.125
07-Apr-2017 12:00:00,93,98.125
07-Apr-2017 12:30:00,93,97
07-Apr-2017 13:00:00,91,97
07-Apr-2017 13:30:00,91,97
07-Apr-2017 14:00:00,118,118
07-Apr-2017 14:30:00,118,108.4
07-Apr-2017 15:00:00,108,108.4
07-Apr-2017 15:30:00,108,119.25
07-Apr-2017 16:00:00,167,119.25
07-Apr-2017 16:30:00,167,149
07-Apr-2017 17:00:00,133,149
07-Apr-2017 17:30:00,80,121.166666666667
07-Apr-2017 18:30:00,112,95.6666666666667
07-Apr-2017 19:00:00,132,117.25
07-Apr-2017 19:30:00,132,142.555555555556
07-Apr-2017 20:00:00,153,142.555555555556
07-Apr-2017 20:30:00,153,138
07-Apr-2017 21:00:00,162,138
07-Apr-2017 21:30:00,162,173.555555555556
07-Apr-2017 22:00:00,203,173.555555555556
07-Apr-2017 22:30:00,203,231.75
07-Apr-2017 23:00:00,295,231.75
07-Apr-2017 23:30:00,295,325.25
08-Apr-2017 00:00:00,352,325.25
08-Apr-2017 00:30:00,352,354.5
08-Apr-2017 01:00:00,413,354.5
08-Apr-2017 01:30:00,413,417.4
08-Apr-2017 02:00:00,351,417.4
08-Apr-2017 02:30:00,351,354.5
08-Apr-2017 03:00:00,304,354.5
08-Apr-2017 03:30:00,304,233
08-Apr-2017 04:00:00,189,233
08-Apr-2017 04:30:00,189,163.75
08-Apr-2017 05:00:00,89,163.75
08-Apr-2017 05:30:00,89,79.5
08-Apr-2017 06:00:00,70,79.5
08-Apr-2017 06:30:00,70,66.75
08-Apr-2017 07:00:00,47,66.75
08-Apr-2017 07:30:00,47,43.2857142857143
08-Apr-2017 08:00:00,45,43.2857142857143
08-Apr-2017 08:30:00,45,47
08-Apr-2017 09:00:00,45,47
08-Apr-2017 09:30:00,45,47
08-Apr-2017 10:00:00,48,47
08-Apr-2017 10:30:00,48,43.2857142857143
08-Apr-2017 11:00:00,39,43.2857142857143
08-Apr-2017 11:30:00,39,40.5
08-Apr-2017 12:00:00,49,40.5
08-Apr-2017 12:30:00,49,48.6666666666667
08-Apr-2017 13:00:00,47,48.6666666666667
08-Apr-2017 13:30:00,47,43.2857142857143
08-Apr-2017 14:00:00,119,119
08-Apr-2017 14:30:00,119,121.428571428571
08-Apr-2017 15:00:00,149,121.428571428571
08-Apr-2017 15:30:00,149,152
08-Apr-2017 16:00:00,142,152
08-Apr-2017 16:30:00,142,111
08-Apr-2017 17:00:00,80,111
08-Apr-2017 17:30:00,34,34
08-Apr-2017 18:00:00,72,74.1666666666667
08-Apr-2017 18:30:00,72,60.6666666666667
08-Apr-2017 19:00:00,41,60.6666666666667
08-Apr-2017 19:30:00,41,49
08-Apr-2017 20:00:00,57,49
08-Apr-2017 20:30:00,57,55.25
08-Apr-2017 21:00:00,53,55.25
08-Apr-2017 21:30:00,53,47.75
08-Apr-2017 22:00:00,38,47.75
08-Apr-2017 22:30:00,38,37
08-Apr-2017 23:00:00,31,37
08-Apr-2017 23:30:00,31,74.1666666666667
09-Apr-2017 00:00:00,39,74.1666666666667
09-Apr-2017 00:30:00,39,40.5
09-Apr-2017 01:00:00,39,40.5
09-Apr-2017 01:30:00,39,40.5
09-Apr-2017 02:00:00,41,40.5
09-Apr-2017 02:30:00,41,38
09-Apr-2017 03:00:00,45,38
09-Apr-2017 03:30:00,45,47
09-Apr-2017 04:00:00,32,32
09-Apr-2017 04:30:00,32,25.6666666666667
09-Apr-2017 05:00:00,29,25.6666666666667
09-Apr-2017 05:30:00,29,29.6842105263158
09-Apr-2017 06:00:00,33,29.6842105263158
09-Apr-2017 07:30:00,16,25.6666666666667
09-Apr-2017 08:00:00,9,15
09-Apr-2017 08:30:00,9,13.8571428571429
09-Apr-2017 09:00:00,18,13.8571428571429
09-Apr-2017 09:30:00,18,15
09-Apr-2017 10:00:00,17,15
09-Apr-2017 10:30:00,17,15
09-Apr-2017 11:00:00,10,15
09-Apr-2017 11:30:00,10,13.8571428571429
09-Apr-2017 12:00:00,26,26
09-Apr-2017 12:30:00,26,29.125
09-Apr-2017 13:00:00,34,29.125
09-Apr-2017 13:30:00,34,39.25
09-Apr-2017 14:00:00,46,39.25
09-Apr-2017 14:30:00,46,47.3333333333333
09-Apr-2017 15:00:00,43,47.3333333333333
09-Apr-2017 15:30:00,43,43.7
09-Apr-2017 16:00:00,47,43.7
09-Apr-2017 16:30:00,47,40.5
09-Apr-2017 17:00:00,34,40.5
09-Apr-2017 18:00:00,40,39.25
09-Apr-2017 18:30:00,40,42.375
09-Apr-2017 19:00:00,46,42.375
09-Apr-2017 19:30:00,46,47.3333333333333
09-Apr-2017 20:00:00,51,47.3333333333333
09-Apr-2017 20:30:00,51,50.4285714285714
09-Apr-2017 21:00:00,85,101
09-Apr-2017 21:30:00,85,85.75
09-Apr-2017 22:00:00,98,85.75
09-Apr-2017 22:30:00,98,99.3333333333333
09-Apr-2017 23:00:00,78,78
09-Apr-2017 23:30:00,78,99.5
10-Apr-2017 00:00:00,121,99.5
10-Apr-2017 00:30:00,121,145.25
10-Apr-2017 01:00:00,186,145.25
10-Apr-2017 01:30:00,186,168.875
10-Apr-2017 02:00:00,110,168.875
10-Apr-2017 02:30:00,110,81
10-Apr-2017 03:00:00,52,81
10-Apr-2017 03:30:00,52,47.75
10-Apr-2017 04:00:00,42,47.75
10-Apr-2017 04:30:00,42,38
10-Apr-2017 06:00:00,27,38
10-Apr-2017 07:45:00,34,29.125
10-Apr-2017 08:00:00,37,39.25
10-Apr-2017 08:30:00,37,28.3333333333333
10-Apr-2017 09:00:00,21,28.3333333333333
10-Apr-2017 09:30:00,21,22.3636363636364
10-Apr-2017 10:00:00,31,31
10-Apr-2017 10:30:00,31,31
10-Apr-2017 11:00:00,29,31
10-Apr-2017 11:30:00,29,29.6842105263158
10-Apr-2017 12:00:00,28,29.6842105263158
10-Apr-2017 12:30:00,28,31.3333333333333
10-Apr-2017 13:00:00,40,31.3333333333333
10-Apr-2017 14:30:00,50,42.375
10-Apr-2017 20:00:00,117,101
10-Apr-2017 20:30:00,117,108.4
10-Apr-2017 21:00:00,96,108.4
10-Apr-2017 21:30:00,96,142.75
10-Apr-2017 22:00:00,119,142.75
10-Apr-2017 22:30:00,119,121.428571428571
10-Apr-2017 23:00:00,110,121.428571428571
10-Apr-2017 23:30:00,110,102.5
11-Apr-2017 00:00:00,95,102.5
11-Apr-2017 00:30:00,95,135
11-Apr-2017 01:00:00,175,135
11-Apr-2017 01:30:00,175,204.444444444444
11-Apr-2017 02:00:00,119,204.444444444444
11-Apr-2017 02:30:00,119,121.428571428571
11-Apr-2017 03:00:00,65,65
11-Apr-2017 04:30:00,37,40.5
11-Apr-2017 05:00:00,27,28.3333333333333
11-Apr-2017 05:30:00,27,29.125
11-Apr-2017 06:00:00,29,29.125
11-Apr-2017 06:30:00,29,29.6842105263158
11-Apr-2017 07:00:00,33,29.6842105263158
11-Apr-2017 07:30:00,33,31
11-Apr-2017 08:00:00,33,31
11-Apr-2017 09:00:00,30,31
11-Apr-2017 09:30:00,30,31
11-Apr-2017 10:00:00,45,45
11-Apr-2017 10:30:00,45,48
11-Apr-2017 11:00:00,51,48
11-Apr-2017 11:30:00,51,47.8
11-Apr-2017 12:00:00,43,47.8
11-Apr-2017 13:00:00,47,43.7
11-Apr-2017 21:30:00,67,67
11-Apr-2017 22:00:00,159,159
11-Apr-2017 22:30:00,159,173.555555555556
11-Apr-2017 23:00:00,195,173.555555555556
11-Apr-2017 23:30:00,195,194
12-Apr-2017 17:30:00,172,194
13-Apr-2017 00:30:00,372,204.444444444444
13-Apr-2017 04:00:00,246,270.5
13-Apr-2017 04:15:00,246,252.666666666667
13-Apr-2017 04:30:00,246,252.666666666667
13-Apr-2017 04:45:00,177,177
13-Apr-2017 05:15:00,153,153
13-Apr-2017 05:30:00,153,138
13-Apr-2017 05:45:00,84,138
13-Apr-2017 06:00:00,59,75.6666666666667
13-Apr-2017 06:15:00,59,58.7142857142857
13-Apr-2017 06:30:00,59,58.7142857142857
13-Apr-2017 06:45:00,56,58.7142857142857
13-Apr-2017 07:00:00,55,52.8
13-Apr-2017 07:15:00,55,52.8
13-Apr-2017 07:30:00,55,52.8
13-Apr-2017 07:45:00,45,52.8
13-Apr-2017 08:00:00,41,42.4
13-Apr-2017 08:15:00,41,38
13-Apr-2017 08:30:00,41,38
13-Apr-2017 08:45:00,29,38
13-Apr-2017 09:00:00,25,29.6842105263158
13-Apr-2017 09:15:00,25,29.125
13-Apr-2017 09:30:00,25,29.125
13-Apr-2017 09:45:00,41,37.6666666666667
13-Apr-2017 10:00:00,47,47
13-Apr-2017 10:15:00,47,42.6666666666667
13-Apr-2017 10:30:00,47,42.6666666666667
13-Apr-2017 10:45:00,34,42.6666666666667
13-Apr-2017 11:00:00,29,32.8695652173913
13-Apr-2017 11:15:00,29,29.6842105263158
13-Apr-2017 11:30:00,29,29.6842105263158
13-Apr-2017 11:45:00,33,29.6842105263158
13-Apr-2017 12:00:00,34,32.8695652173913
13-Apr-2017 12:15:00,34,32.8695652173913
13-Apr-2017 12:30:00,34,32.8695652173913
13-Apr-2017 12:45:00,38,32.8695652173913
13-Apr-2017 13:00:00,39,37
13-Apr-2017 13:15:00,39,40.5
13-Apr-2017 13:30:00,39,40.5
13-Apr-2017 13:45:00,72,50.25
13-Apr-2017 14:00:00,84,78.8571428571428
13-Apr-2017 14:15:00,84,75.6666666666667
13-Apr-2017 14:30:00,84,75.6666666666667
13-Apr-2017 14:45:00,119,92.5
13-Apr-2017 15:00:00,131,127.8
13-Apr-2017 15:15:00,131,130.6
13-Apr-2017 15:30:00,131,130.6
13-Apr-2017 15:45:00,133,130.6
13-Apr-2017 16:00:00,133,143.666666666667
13-Apr-2017 16:15:00,133,143.666666666667
13-Apr-2017 16:30:00,133,143.666666666667
13-Apr-2017 16:45:00,162,143.666666666667
13-Apr-2017 17:00:00,172,173.555555555556
13-Apr-2017 17:15:00,172,172.75
13-Apr-2017 17:30:00,190,172.75
13-Apr-2017 18:00:00,215,215
13-Apr-2017 18:15:00,215,220.285714285714
13-Apr-2017 18:30:00,215,220.285714285714
13-Apr-2017 18:45:00,250,220.285714285714
13-Apr-2017 19:00:00,262,252.5
13-Apr-2017 19:15:00,262,264
13-Apr-2017 19:30:00,262,264
13-Apr-2017 19:45:00,271,264
13-Apr-2017 20:00:00,274,264.125
13-Apr-2017 20:15:00,274,268.428571428571
13-Apr-2017 20:30:00,274,268.428571428571
13-Apr-2017 20:45:00,251,268.428571428571
13-Apr-2017 21:00:00,242,252.5
13-Apr-2017 21:15:00,242,225
13-Apr-2017 21:30:00,242,225
13-Apr-2017 21:45:00,191,225
13-Apr-2017 22:00:00,173,175
13-Apr-2017 22:15:00,173,172.75
13-Apr-2017 22:30:00,173,172.75
13-Apr-2017 22:45:00,154,172.75
13-Apr-2017 23:00:00,147,147.5
13-Apr-2017 23:15:00,147,165.5
13-Apr-2017 23:30:00,147,165.5
13-Apr-2017 23:45:00,170,165.5
14-Apr-2017 00:00:00,178,172.75
14-Apr-2017 00:15:00,178,170.333333333333
14-Apr-2017 00:30:00,178,170.333333333333
14-Apr-2017 00:45:00,162,170.333333333333
14-Apr-2017 01:00:00,156,173.555555555556
14-Apr-2017 01:15:00,156,201
14-Apr-2017 01:30:00,156,201
14-Apr-2017 01:45:00,291,201
14-Apr-2017 02:00:00,339,325.25
14-Apr-2017 02:15:00,339,340.444444444444
14-Apr-2017 02:30:00,339,340.444444444444
14-Apr-2017 02:45:00,321,340.444444444444
14-Apr-2017 03:00:00,314,261
14-Apr-2017 03:15:00,314,313
14-Apr-2017 03:30:00,314,313
14-Apr-2017 03:45:00,311,313
14-Apr-2017 04:00:00,310,263.5
14-Apr-2017 04:15:00,310,263.5
14-Apr-2017 04:30:00,310,263.5
14-Apr-2017 05:00:00,124,263.5
14-Apr-2017 05:15:00,124,111.333333333333
14-Apr-2017 05:30:00,124,111.333333333333
14-Apr-2017 05:45:00,86,111.333333333333
14-Apr-2017 06:00:00,72,85.75
14-Apr-2017 06:15:00,72,78.8571428571428
14-Apr-2017 06:30:00,72,78.8571428571428
14-Apr-2017 06:45:00,78,78.8571428571428
14-Apr-2017 07:00:00,80,84.5714285714286
14-Apr-2017 07:15:00,80,84.5714285714286
14-Apr-2017 07:30:00,80,84.5714285714286
14-Apr-2017 07:45:00,76,84.5714285714286
14-Apr-2017 08:00:00,74,62.4
14-Apr-2017 08:15:00,74,62.4
14-Apr-2017 08:30:00,74,62.4
14-Apr-2017 08:45:00,58,62.4
14-Apr-2017 09:00:00,52,55.25
14-Apr-2017 09:15:00,52,54.6666666666667
14-Apr-2017 09:30:00,52,54.6666666666667
14-Apr-2017 09:45:00,59,54.6666666666667
14-Apr-2017 10:00:00,62,58.7142857142857
14-Apr-2017 10:15:00,62,58.7142857142857
14-Apr-2017 10:30:00,62,58.7142857142857
14-Apr-2017 10:45:00,51,58.7142857142857
14-Apr-2017 11:00:00,47,47.8
14-Apr-2017 11:15:00,47,47.4
14-Apr-2017 11:30:00,47,47.4
14-Apr-2017 11:45:00,57,47.4
14-Apr-2017 12:00:00,61,55.25
14-Apr-2017 12:15:00,61,67.5
14-Apr-2017 12:45:00,74,67.5
14-Apr-2017 13:00:00,79,72.75
14-Apr-2017 13:15:00,79,84.5714285714286
14-Apr-2017 13:30:00,79,84.5714285714286
14-Apr-2017 13:45:00,118,84.5714285714286
14-Apr-2017 14:00:00,132,127.8
14-Apr-2017 14:15:00,132,142.555555555556
14-Apr-2017 14:30:00,132,142.555555555556
14-Apr-2017 14:45:00,177,142.555555555556
14-Apr-2017 15:00:00,194,170.333333333333
14-Apr-2017 15:15:00,194,194
14-Apr-2017 15:30:00,194,194
14-Apr-2017 15:45:00,196,194
14-Apr-2017 16:00:00,197,194
14-Apr-2017 16:15:00,197,198.125
14-Apr-2017 16:30:00,197,198.125
14-Apr-2017 16:45:00,192,198.125
14-Apr-2017 17:00:00,190,175
14-Apr-2017 17:15:00,190,175
14-Apr-2017 17:30:00,147,175
14-Apr-2017 17:45:00,198,165.5
14-Apr-2017 18:00:00,201,210.4
14-Apr-2017 18:15:00,201,210.4
14-Apr-2017 18:30:00,201,210.4
14-Apr-2017 18:45:00,236,210.4
14-Apr-2017 19:00:00,249,244.833333333333
14-Apr-2017 19:15:00,249,252.5
14-Apr-2017 19:30:00,249,252.5
14-Apr-2017 19:45:00,301,268.333333333333
14-Apr-2017 20:00:00,320,309
14-Apr-2017 20:15:00,320,353.5
14-Apr-2017 20:30:00,320,353.5
14-Apr-2017 20:45:00,374,353.5
14-Apr-2017 21:00:00,393,380.714285714286
14-Apr-2017 21:15:00,393,380.714285714286
14-Apr-2017 21:30:00,393,380.714285714286
14-Apr-2017 21:45:00,343,380.714285714286
14-Apr-2017 22:00:00,324,340.444444444444
14-Apr-2017 22:15:00,324,313.444444444444
14-Apr-2017 22:30:00,324,313.444444444444
14-Apr-2017 22:45:00,280,313.444444444444
14-Apr-2017 23:00:00,264,274
14-Apr-2017 23:15:00,264,264
14-Apr-2017 23:30:00,264,264
14-Apr-2017 23:45:00,264,264
15-Apr-2017 00:00:00,263,264
15-Apr-2017 00:15:00,263,264
15-Apr-2017 00:30:00,263,264
15-Apr-2017 00:45:00,323,323
15-Apr-2017 01:00:00,343,313.444444444444
15-Apr-2017 01:15:00,343,340.444444444444
15-Apr-2017 01:30:00,343,340.444444444444
15-Apr-2017 01:45:00,371,340.444444444444
15-Apr-2017 02:00:00,381,380.714285714286
15-Apr-2017 02:15:00,381,380.714285714286
15-Apr-2017 02:30:00,381,380.714285714286
15-Apr-2017 02:45:00,425,403
15-Apr-2017 03:00:00,441,417.4
15-Apr-2017 03:15:00,441,417.4
15-Apr-2017 03:30:00,441,417.4
15-Apr-2017 03:45:00,316,316
15-Apr-2017 04:00:00,272,287.75
15-Apr-2017 04:15:00,272,268.428571428571
15-Apr-2017 04:30:00,272,268.428571428571
15-Apr-2017 04:45:00,180,252.857142857143
15-Apr-2017 05:00:00,147,170.333333333333
15-Apr-2017 05:15:00,147,141.142857142857
15-Apr-2017 05:30:00,147,141.142857142857
15-Apr-2017 05:45:00,95,141.142857142857
15-Apr-2017 06:00:00,76,76
15-Apr-2017 06:15:00,76,72.75
15-Apr-2017 06:30:00,76,72.75
15-Apr-2017 06:45:00,60,72.75
15-Apr-2017 07:00:00,54,61.8571428571428
15-Apr-2017 07:15:00,54,57.6666666666667
15-Apr-2017 07:30:00,54,57.6666666666667
15-Apr-2017 07:45:00,48,57.6666666666667
15-Apr-2017 08:00:00,46,47.4
15-Apr-2017 08:30:00,46,47.3333333333333
15-Apr-2017 08:45:00,40,47.3333333333333
15-Apr-2017 09:00:00,38,42.375
15-Apr-2017 09:15:00,38,37
15-Apr-2017 09:30:00,38,37
15-Apr-2017 09:45:00,36,37
15-Apr-2017 10:00:00,35,35.75
15-Apr-2017 10:15:00,35,34.9375
15-Apr-2017 10:30:00,35,34.9375
15-Apr-2017 10:45:00,35,34.9375
15-Apr-2017 11:00:00,35,34.9375
15-Apr-2017 11:15:00,35,34.9375
15-Apr-2017 11:30:00,35,34.9375
15-Apr-2017 11:45:00,29,34.9375
15-Apr-2017 12:00:00,28,29.6842105263158
15-Apr-2017 12:15:00,28,34.8571428571429
15-Apr-2017 12:30:00,28,34.8571428571429
15-Apr-2017 12:45:00,43,34.8571428571429
15-Apr-2017 13:00:00,49,43.7
15-Apr-2017 13:15:00,49,47.8
15-Apr-2017 13:30:00,49,47.8
15-Apr-2017 13:45:00,70,52.1111111111111
15-Apr-2017 14:00:00,77,78.5
15-Apr-2017 14:15:00,77,78.7142857142857
15-Apr-2017 14:30:00,77,78.7142857142857
15-Apr-2017 14:45:00,85,78.7142857142857
15-Apr-2017 15:00:00,88,85.75
15-Apr-2017 15:15:00,88,91.8888888888889
15-Apr-2017 15:30:00,88,91.8888888888889
15-Apr-2017 15:45:00,110,91.8888888888889
15-Apr-2017 16:00:00,118,108.555555555556
15-Apr-2017 16:15:00,118,127.8
15-Apr-2017 16:30:00,118,127.8
15-Apr-2017 16:45:00,140,127.8
15-Apr-2017 17:00:00,147,154.8
15-Apr-2017 17:15:00,147,141.142857142857
15-Apr-2017 17:30:00,184,141.142857142857
15-Apr-2017 17:45:00,159,170.333333333333
15-Apr-2017 18:15:00,163,173.555555555556
15-Apr-2017 18:30:00,163,151.666666666667
15-Apr-2017 18:45:00,200,192.5
15-Apr-2017 19:00:00,213,210.4
15-Apr-2017 19:15:00,213,220.285714285714
15-Apr-2017 19:30:00,213,220.285714285714
15-Apr-2017 19:45:00,325,259.333333333333
15-Apr-2017 20:00:00,364,348.222222222222
15-Apr-2017 20:15:00,364,416.2
15-Apr-2017 20:30:00,364,416.2
15-Apr-2017 20:45:00,397,416.2
15-Apr-2017 21:00:00,408,403
15-Apr-2017 21:15:00,408,405.625
15-Apr-2017 21:30:00,408,405.625
15-Apr-2017 21:45:00,398,405.625
15-Apr-2017 22:00:00,394,403
15-Apr-2017 22:15:00,394,403
15-Apr-2017 22:30:00,394,403
15-Apr-2017 22:45:00,345,352.875
15-Apr-2017 23:00:00,328,289.25
15-Apr-2017 23:15:00,328,328.75
15-Apr-2017 23:30:00,328,328.75
15-Apr-2017 23:45:00,329,328.75
16-Apr-2017 00:00:00,330,328.75
16-Apr-2017 00:15:00,330,303.444444444444
16-Apr-2017 00:30:00,330,303.444444444444
16-Apr-2017 00:45:00,272,303.444444444444
16-Apr-2017 01:00:00,252,252.857142857143
16-Apr-2017 01:15:00,252,268.333333333333
16-Apr-2017 01:30:00,252,268.333333333333
16-Apr-2017 01:45:00,298,298
16-Apr-2017 02:00:00,315,325.25
16-Apr-2017 02:15:00,315,287.75
16-Apr-2017 02:30:00,315,287.75
16-Apr-2017 02:45:00,249,287.75
16-Apr-2017 03:00:00,225,225
16-Apr-2017 03:15:00,225,211
16-Apr-2017 03:30:00,225,211
16-Apr-2017 03:45:00,185,211
16-Apr-2017 04:00:00,171,168.875
16-Apr-2017 04:15:00,171,172.75
16-Apr-2017 04:30:00,171,172.75
16-Apr-2017 04:45:00,212,188.333333333333
16-Apr-2017 05:00:00,227,259.333333333333
16-Apr-2017 05:15:00,227,194.25
16-Apr-2017 05:30:00,227,194.25
16-Apr-2017 05:45:00,238,194.25
16-Apr-2017 06:00:00,242,244.833333333333
16-Apr-2017 06:15:00,242,237
16-Apr-2017 06:30:00,242,237
16-Apr-2017 06:45:00,216,237
16-Apr-2017 07:00:00,207,202.2
16-Apr-2017 07:15:00,207,197.333333333333
16-Apr-2017 07:30:00,207,197.333333333333
16-Apr-2017 07:45:00,178,197.333333333333
16-Apr-2017 08:00:00,167,170.333333333333
16-Apr-2017 08:15:00,167,149
16-Apr-2017 08:30:00,167,149
16-Apr-2017 08:45:00,104,149
16-Apr-2017 09:00:00,82,82
16-Apr-2017 09:15:00,82,75
16-Apr-2017 09:30:00,82,75
16-Apr-2017 09:45:00,61,75
16-Apr-2017 10:00:00,53,60.7777777777778
16-Apr-2017 10:15:00,53,54.6666666666667
16-Apr-2017 10:30:00,53,54.6666666666667
16-Apr-2017 10:45:00,59,54.6666666666667
16-Apr-2017 11:00:00,62,61.8571428571428
16-Apr-2017 11:15:00,62,64
16-Apr-2017 11:30:00,62,64
16-Apr-2017 11:45:00,74,64
16-Apr-2017 12:00:00,78,78.7142857142857
16-Apr-2017 12:15:00,78,79.0526315789474
16-Apr-2017 12:30:00,78,79.0526315789474
16-Apr-2017 12:45:00,80,79.0526315789474
16-Apr-2017 13:00:00,81,79.0526315789474
16-Apr-2017 13:15:00,81,88.3333333333333
16-Apr-2017 13:30:00,81,88.3333333333333
16-Apr-2017 13:45:00,103,88.3333333333333
16-Apr-2017 14:00:00,111,111
16-Apr-2017 14:15:00,111,115.333333333333
16-Apr-2017 14:30:00,111,115.333333333333
16-Apr-2017 14:45:00,141,115.333333333333
16-Apr-2017 15:00:00,152,158.5
16-Apr-2017 15:15:00,152,161.5
16-Apr-2017 15:30:00,152,161.5
16-Apr-2017 15:45:00,168,161.5
16-Apr-2017 16:00:00,174,188.333333333333
16-Apr-2017 16:15:00,174,170.333333333333
16-Apr-2017 16:30:00,174,170.333333333333
16-Apr-2017 16:45:00,181,176
16-Apr-2017 17:00:00,184,185.111111111111
16-Apr-2017 17:15:00,184,185.111111111111
16-Apr-2017 17:30:00,198,185.111111111111
16-Apr-2017 17:45:00,189,177.666666666667
16-Apr-2017 18:00:00,191,192.142857142857
16-Apr-2017 18:15:00,191,192.142857142857
16-Apr-2017 18:30:00,191,192.142857142857
16-Apr-2017 18:45:00,193,192.142857142857
16-Apr-2017 19:00:00,193,192.142857142857
16-Apr-2017 19:15:00,193,192.142857142857
16-Apr-2017 19:30:00,193,192.142857142857
16-Apr-2017 19:45:00,139,176.75
16-Apr-2017 20:00:00,120,120
16-Apr-2017 20:15:00,120,117.8
16-Apr-2017 20:30:00,120,117.8
16-Apr-2017 20:45:00,109,117.8
16-Apr-2017 21:00:00,106,108.555555555556
16-Apr-2017 21:15:00,106,104.25
16-Apr-2017 21:30:00,106,104.25
16-Apr-2017 21:45:00,101,104.25
16-Apr-2017 22:00:00,99,106.428571428571
16-Apr-2017 22:15:00,99,95.4444444444444
16-Apr-2017 22:30:00,99,95.4444444444444
16-Apr-2017 22:45:00,93,95.4444444444444
16-Apr-2017 23:00:00,91,86.125
16-Apr-2017 23:15:00,91,86.125
16-Apr-2017 23:30:00,91,86.125
16-Apr-2017 23:45:00,95,86.125
17-Apr-2017 00:00:00,97,97.1111111111111
17-Apr-2017 00:15:00,97,98.4285714285714
17-Apr-2017 00:30:00,97,98.4285714285714
17-Apr-2017 00:45:00,100,98.4285714285714
17-Apr-2017 01:00:00,101,98.125
17-Apr-2017 01:15:00,101,106.428571428571
17-Apr-2017 01:30:00,101,106.428571428571
17-Apr-2017 01:45:00,163,114.857142857143
17-Apr-2017 02:00:00,185,192.5
17-Apr-2017 02:15:00,185,168.875
17-Apr-2017 02:30:00,185,168.875
17-Apr-2017 02:45:00,215,168.875
17-Apr-2017 03:00:00,226,259.333333333333
17-Apr-2017 03:15:00,226,194.25
17-Apr-2017 03:30:00,226,194.25
17-Apr-2017 03:45:00,146,194.25
17-Apr-2017 04:00:00,117,158.5
17-Apr-2017 04:30:00,117,112.5
17-Apr-2017 04:45:00,108,112.5
17-Apr-2017 05:00:00,105,106.75
17-Apr-2017 05:15:00,105,101.285714285714
17-Apr-2017 05:30:00,105,101.285714285714
17-Apr-2017 05:45:00,103,101.285714285714
17-Apr-2017 06:00:00,103,101.285714285714
17-Apr-2017 06:15:00,103,101.285714285714
17-Apr-2017 06:30:00,103,101.285714285714
17-Apr-2017 06:45:00,87,101.285714285714
17-Apr-2017 07:00:00,82,91.8888888888889
17-Apr-2017 07:15:00,82,81.1111111111111
17-Apr-2017 07:30:00,82,81.1111111111111
17-Apr-2017 07:45:00,81,81.1111111111111
17-Apr-2017 08:00:00,80,81.1111111111111
17-Apr-2017 08:15:00,80,79.0526315789474
17-Apr-2017 08:30:00,80,79.0526315789474
17-Apr-2017 08:45:00,80,79.0526315789474
17-Apr-2017 09:00:00,79,79.0526315789474
17-Apr-2017 09:15:00,79,79.0526315789474
17-Apr-2017 09:30:00,79,79.0526315789474
17-Apr-2017 09:45:00,71,79.0526315789474
17-Apr-2017 10:00:00,67,55
17-Apr-2017 10:15:00,67,67.4
17-Apr-2017 10:30:00,67,67.4
17-Apr-2017 10:45:00,62,67.4
17-Apr-2017 11:00:00,60,64
17-Apr-2017 11:15:00,60,61.8571428571428
17-Apr-2017 11:30:00,60,61.8571428571428
17-Apr-2017 11:45:00,67,61.8571428571428
17-Apr-2017 12:00:00,70,67.4
17-Apr-2017 12:15:00,70,78.5
17-Apr-2017 12:30:00,70,78.5
17-Apr-2017 12:45:00,97,78.5
17-Apr-2017 13:00:00,107,98.4285714285714
17-Apr-2017 13:15:00,107,110.333333333333
17-Apr-2017 13:30:00,107,110.333333333333
17-Apr-2017 13:45:00,117,110.333333333333
17-Apr-2017 14:00:00,120,117
17-Apr-2017 14:15:00,120,117.8
17-Apr-2017 14:30:00,120,117.8
17-Apr-2017 14:45:00,142,124.4
17-Apr-2017 15:00:00,149,158.5
17-Apr-2017 15:15:00,149,152
17-Apr-2017 15:30:00,149,152
17-Apr-2017 15:45:00,171,152
17-Apr-2017 16:00:00,179,188.333333333333
17-Apr-2017 16:15:00,179,185.111111111111
17-Apr-2017 16:30:00,179,185.111111111111
17-Apr-2017 16:45:00,193,185.111111111111
17-Apr-2017 17:00:00,198,176.75
17-Apr-2017 17:15:00,198,177.666666666667
17-Apr-2017 17:30:00,146,177.666666666667
17-Apr-2017 17:45:00,216,158.5
17-Apr-2017 18:00:00,223,215.333333333333
17-Apr-2017 18:15:00,223,211
17-Apr-2017 18:30:00,223,211
17-Apr-2017 18:45:00,199,211
17-Apr-2017 19:00:00,191,202.375
17-Apr-2017 19:15:00,191,176.75
17-Apr-2017 19:30:00,191,176.75
17-Apr-2017 19:45:00,142,176.75
17-Apr-2017 20:00:00,126,127
17-Apr-2017 20:15:00,126,124.058823529412
17-Apr-2017 20:30:00,126,124.058823529412
17-Apr-2017 20:45:00,116,124.058823529412
17-Apr-2017 21:00:00,112,116.285714285714
17-Apr-2017 21:15:00,112,117.25
17-Apr-2017 21:30:00,112,117.25
17-Apr-2017 21:45:00,113,117.25
17-Apr-2017 22:00:00,113,110.666666666667
17-Apr-2017 22:15:00,113,110.666666666667
17-Apr-2017 22:30:00,113,110.666666666667
17-Apr-2017 22:45:00,111,110.666666666667
17-Apr-2017 23:00:00,111,115.333333333333
17-Apr-2017 23:15:00,111,115.333333333333
17-Apr-2017 23:30:00,111,115.333333333333
17-Apr-2017 23:45:00,120,115.333333333333
18-Apr-2017 00:00:00,123,124.4
18-Apr-2017 00:15:00,123,145.25
18-Apr-2017 00:30:00,123,145.25
18-Apr-2017 00:45:00,144,145.25
18-Apr-2017 01:00:00,151,127
18-Apr-2017 01:15:00,151,161.5
18-Apr-2017 01:30:00,151,161.5
18-Apr-2017 01:45:00,195,161.5
18-Apr-2017 02:00:00,210,194
18-Apr-2017 02:15:00,210,215.555555555556
18-Apr-2017 02:30:00,210,215.555555555556
18-Apr-2017 02:45:00,229,215.555555555556
18-Apr-2017 03:00:00,236,231.833333333333
18-Apr-2017 03:15:00,236,244.833333333333
18-Apr-2017 03:45:00,264,244.833333333333
18-Apr-2017 04:00:00,274,274
18-Apr-2017 04:15:00,274,252.857142857143
18-Apr-2017 04:30:00,274,252.857142857143
18-Apr-2017 04:45:00,244,252.857142857143
18-Apr-2017 05:00:00,234,237
18-Apr-2017 05:15:00,234,234
18-Apr-2017 05:30:00,234,234
18-Apr-2017 05:45:00,171,171
18-Apr-2017 06:00:00,149,149
18-Apr-2017 06:15:00,149,142.222222222222
18-Apr-2017 06:30:00,149,142.222222222222
18-Apr-2017 06:45:00,113,142.222222222222
18-Apr-2017 07:00:00,100,104.25
18-Apr-2017 07:15:00,100,98.125
18-Apr-2017 07:30:00,100,98.125
18-Apr-2017 07:45:00,91,98.125
18-Apr-2017 08:00:00,88,86.125
18-Apr-2017 08:15:00,88,91.8888888888889
18-Apr-2017 08:30:00,88,91.8888888888889
18-Apr-2017 08:45:00,64,91.8888888888889
18-Apr-2017 09:00:00,55,55
18-Apr-2017 09:15:00,55,52.8
18-Apr-2017 09:30:00,55,52.8
18-Apr-2017 09:45:00,49,52.8
18-Apr-2017 10:00:00,47,52.1111111111111
18-Apr-2017 10:15:00,47,47.4
18-Apr-2017 10:30:00,47,47.4
18-Apr-2017 10:45:00,44,47.4
18-Apr-2017 11:00:00,43,42.4
18-Apr-2017 11:15:00,43,43.7
18-Apr-2017 11:30:00,43,43.7
18-Apr-2017 11:45:00,41,43.7
18-Apr-2017 12:00:00,40,40.8888888888889
18-Apr-2017 12:15:00,40,42.375
18-Apr-2017 12:30:00,40,42.375
18-Apr-2017 12:45:00,114,68.25
18-Apr-2017 13:00:00,140,126.666666666667
18-Apr-2017 13:15:00,140,154.8
18-Apr-2017 13:30:00,140,154.8
18-Apr-2017 13:45:00,197,154.8
18-Apr-2017 14:00:00,217,198.125
18-Apr-2017 14:15:00,217,217.857142857143
18-Apr-2017 14:30:00,217,217.857142857143
18-Apr-2017 14:45:00,197,217.857142857143
18-Apr-2017 15:00:00,189,198.125
18-Apr-2017 15:15:00,189,176.75
18-Apr-2017 15:30:00,189,176.75
18-Apr-2017 15:45:00,175,176.75
18-Apr-2017 16:00:00,169,176
18-Apr-2017 16:15:00,169,165.777777777778
18-Apr-2017 16:30:00,169,165.777777777778
18-Apr-2017 16:45:00,152,165.777777777778
18-Apr-2017 17:00:00,146,149
18-Apr-2017 17:15:00,146,127
18-Apr-2017 17:30:00,85,127
18-Apr-2017 17:45:00,136,114.25
18-Apr-2017 18:00:00,132,134.454545454545
18-Apr-2017 18:15:00,132,142.555555555556
18-Apr-2017 18:30:00,132,142.555555555556
18-Apr-2017 18:45:00,151,142.555555555556
18-Apr-2017 19:00:00,158,149
18-Apr-2017 19:15:00,158,157
18-Apr-2017 19:30:00,158,157
18-Apr-2017 19:45:00,145,157
18-Apr-2017 20:00:00,141,147.375
18-Apr-2017 20:15:00,141,132.666666666667
18-Apr-2017 20:30:00,141,132.666666666667
18-Apr-2017 20:45:00,165,132.666666666667
18-Apr-2017 21:00:00,174,183
18-Apr-2017 21:15:00,174,176
18-Apr-2017 21:30:00,174,176
18-Apr-2017 21:45:00,196,176
18-Apr-2017 22:00:00,203,216.666666666667
18-Apr-2017 22:15:00,203,205.333333333333
18-Apr-2017 22:30:00,203,205.333333333333
18-Apr-2017 22:45:00,211,205.333333333333
18-Apr-2017 23:00:00,213,213
18-Apr-2017 23:15:00,213,213
18-Apr-2017 23:30:00,213,213
18-Apr-2017 23:45:00,176,200.888888888889
19-Apr-2017 00:00:00,162,176
19-Apr-2017 00:15:00,162,157
19-Apr-2017 00:30:00,162,157
19-Apr-2017 00:45:00,224,186.8
19-Apr-2017 01:00:00,246,246
19-Apr-2017 01:15:00,246,237
19-Apr-2017 01:30:00,246,237
19-Apr-2017 01:45:00,227,237
19-Apr-2017 02:00:00,220,231.833333333333
19-Apr-2017 02:15:00,220,217.857142857143
19-Apr-2017 02:30:00,220,217.857142857143
19-Apr-2017 02:45:00,147,147
19-Apr-2017 03:00:00,121,141.142857142857
19-Apr-2017 03:15:00,121,114.333333333333
19-Apr-2017 03:30:00,121,114.333333333333
19-Apr-2017 03:45:00,101,114.333333333333
19-Apr-2017 04:15:00,94,114.857142857143
19-Apr-2017 04:30:00,94,86.125
19-Apr-2017 05:00:00,56,86.125
19-Apr-2017 05:15:00,56,52.8
19-Apr-2017 05:30:00,56,52.8
19-Apr-2017 05:45:00,47,52.8
19-Apr-2017 06:00:00,43,47.4
19-Apr-2017 06:15:00,43,43.7
19-Apr-2017 06:30:00,43,43.7
19-Apr-2017 06:45:00,38,43.7
19-Apr-2017 07:00:00,36,37
19-Apr-2017 07:15:00,36,35.75
19-Apr-2017 07:30:00,36,35.75
19-Apr-2017 07:45:00,34,35.75
19-Apr-2017 08:00:00,33,32.8695652173913
19-Apr-2017 08:15:00,33,32.8695652173913
19-Apr-2017 08:30:00,33,32.8695652173913
19-Apr-2017 08:45:00,33,32.8695652173913
19-Apr-2017 09:00:00,32,32.8695652173913
19-Apr-2017 09:15:00,32,32.8695652173913
19-Apr-2017 09:30:00,32,32.8695652173913
19-Apr-2017 09:45:00,35,32.8695652173913
19-Apr-2017 10:00:00,35,34.9375
19-Apr-2017 10:15:00,35,34.9375
19-Apr-2017 10:30:00,35,34.9375
19-Apr-2017 10:45:00,36,34.9375
19-Apr-2017 11:00:00,37,35.75
19-Apr-2017 11:15:00,37,37.3333333333333
19-Apr-2017 11:30:00,37,37.3333333333333
19-Apr-2017 11:45:00,36,37.3333333333333
19-Apr-2017 12:00:00,36,35.75
19-Apr-2017 12:15:00,36,35.75
19-Apr-2017 12:30:00,36,35.75
19-Apr-2017 12:45:00,58,40
19-Apr-2017 13:00:00,65,56.7142857142857
19-Apr-2017 13:15:00,65,67.4
19-Apr-2017 13:30:00,65,67.4
19-Apr-2017 13:45:00,70,67.4
19-Apr-2017 14:00:00,72,72.2
19-Apr-2017 14:15:00,72,78.8571428571428
19-Apr-2017 14:30:00,72,78.8571428571428
19-Apr-2017 14:45:00,102,78.8571428571428
19-Apr-2017 15:00:00,113,105.75
19-Apr-2017 15:15:00,113,104.25
19-Apr-2017 15:30:00,113,104.25
19-Apr-2017 15:45:00,91,104.25
19-Apr-2017 16:00:00,83,86.125
19-Apr-2017 16:15:00,83,82.8
19-Apr-2017 16:30:00,83,82.8
19-Apr-2017 16:45:00,84,82.8
19-Apr-2017 17:00:00,85,92.5
19-Apr-2017 17:15:00,85,114.25
19-Apr-2017 17:30:00,146,114.25
19-Apr-2017 17:45:00,161,147.375
19-Apr-2017 18:00:00,189,186.8
19-Apr-2017 18:15:00,189,198.222222222222
19-Apr-2017 18:30:00,189,198.222222222222
19-Apr-2017 18:45:00,226,198.222222222222
19-Apr-2017 19:00:00,240,231.833333333333
19-Apr-2017 19:15:00,240,237
19-Apr-2017 19:30:00,240,237
19-Apr-2017 19:45:00,225,225
19-Apr-2017 20:00:00,219,231
19-Apr-2017 20:15:00,219,202
19-Apr-2017 20:30:00,219,202
19-Apr-2017 20:45:00,198,202
19-Apr-2017 21:00:00,191,202.375
19-Apr-2017 21:15:00,191,198.222222222222
19-Apr-2017 21:30:00,191,198.222222222222
19-Apr-2017 21:45:00,197,198.222222222222
19-Apr-2017 22:00:00,199,198.125
19-Apr-2017 22:15:00,199,202.375
19-Apr-2017 22:30:00,199,202.375
19-Apr-2017 22:45:00,228,202.375
19-Apr-2017 23:00:00,239,231.833333333333
19-Apr-2017 23:15:00,239,244.833333333333
19-Apr-2017 23:30:00,239,244.833333333333
19-Apr-2017 23:45:00,333,279
20-Apr-2017 00:00:00,367,345.5
20-Apr-2017 00:15:00,367,352.875
20-Apr-2017 00:30:00,367,352.875
20-Apr-2017 00:45:00,336,352.875
20-Apr-2017 01:00:00,324,345.5
20-Apr-2017 01:15:00,324,313.444444444444
20-Apr-2017 01:30:00,324,313.444444444444
20-Apr-2017 02:00:00,119,119
20-Apr-2017 02:15:00,119,102
20-Apr-2017 02:30:00,119,102
20-Apr-2017 02:45:00,68,102
20-Apr-2017 03:00:00,50,50
20-Apr-2017 03:15:00,50,52.1111111111111
20-Apr-2017 03:30:00,50,52.1111111111111
20-Apr-2017 03:45:00,53,52.1111111111111
20-Apr-2017 04:00:00,54,58
20-Apr-2017 04:15:00,54,58
20-Apr-2017 04:30:00,54,58
20-Apr-2017 04:45:00,59,58
20-Apr-2017 05:00:00,61,61.8571428571428
20-Apr-2017 05:15:00,61,60.7777777777778
20-Apr-2017 05:30:00,61,60.7777777777778
20-Apr-2017 05:45:00,58,60.7777777777778
20-Apr-2017 06:00:00,57,56.7142857142857
20-Apr-2017 06:15:00,57,56.7142857142857
20-Apr-2017 06:30:00,57,56.7142857142857
20-Apr-2017 06:45:00,49,56.7142857142857
20-Apr-2017 07:00:00,45,52.1111111111111
20-Apr-2017 07:15:00,45,42.4
20-Apr-2017 07:30:00,45,42.4
20-Apr-2017 07:45:00,34,42.4
20-Apr-2017 08:00:00,30,32.8695652173913
20-Apr-2017 08:15:00,30,32.8695652173913
20-Apr-2017 08:30:00,30,32.8695652173913
20-Apr-2017 08:45:00,35,32.8695652173913
20-Apr-2017 09:00:00,36,34.9375
20-Apr-2017 09:30:00,36,40
20-Apr-2017 09:45:00,34,40
20-Apr-2017 10:00:00,34,32.8695652173913
20-Apr-2017 10:15:00,34,32.8695652173913
20-Apr-2017 10:30:00,34,32.8695652173913
20-Apr-2017 10:45:00,35,32.8695652173913
20-Apr-2017 11:00:00,35,34.9375
20-Apr-2017 11:15:00,35,34.9375
20-Apr-2017 11:30:00,35,34.9375
20-Apr-2017 11:45:00,38,34.9375
20-Apr-2017 12:00:00,39,37
20-Apr-2017 12:15:00,39,50.25
20-Apr-2017 12:30:00,39,50.25
20-Apr-2017 12:45:00,51,50.25
20-Apr-2017 13:00:00,56,52.1111111111111
20-Apr-2017 13:15:00,56,56.7142857142857
20-Apr-2017 13:30:00,56,56.7142857142857
20-Apr-2017 13:45:00,78,78
20-Apr-2017 14:00:00,87,79.0526315789474
20-Apr-2017 14:15:00,87,91.8888888888889
20-Apr-2017 15:45:00,132,91.8888888888889
20-Apr-2017 16:00:00,142,142.555555555556
20-Apr-2017 16:15:00,142,141
20-Apr-2017 16:30:00,142,141
20-Apr-2017 16:45:00,145,141
20-Apr-2017 17:00:00,146,147.375
20-Apr-2017 17:15:00,146,147.375
20-Apr-2017 17:30:00,140,147.375
20-Apr-2017 17:45:00,150,154.8
20-Apr-2017 18:00:00,151,148.444444444444
20-Apr-2017 18:15:00,151,149
20-Apr-2017 18:30:00,151,149
20-Apr-2017 18:45:00,139,149
20-Apr-2017 19:00:00,135,134.454545454545
20-Apr-2017 19:15:00,135,134.454545454545
20-Apr-2017 19:30:00,135,134.454545454545
20-Apr-2017 19:45:00,127,134.454545454545
20-Apr-2017 20:00:00,125,124.058823529412
20-Apr-2017 20:15:00,125,124.058823529412
20-Apr-2017 20:30:00,125,124.058823529412
20-Apr-2017 20:45:00,118,124.058823529412
20-Apr-2017 21:00:00,116,117
20-Apr-2017 21:15:00,116,116.285714285714
20-Apr-2017 21:30:00,116,116.285714285714
20-Apr-2017 21:45:00,121,116.285714285714
20-Apr-2017 22:00:00,123,122.066666666667
20-Apr-2017 22:15:00,123,122.066666666667
20-Apr-2017 22:30:00,123,122.066666666667
20-Apr-2017 22:45:00,115,122.066666666667
20-Apr-2017 23:00:00,112,116.333333333333
20-Apr-2017 23:15:00,112,111.5
20-Apr-2017 23:30:00,112,111.5
20-Apr-2017 23:45:00,108,111.5
21-Apr-2017 00:00:00,106,106.75
21-Apr-2017 00:15:00,106,104.25
21-Apr-2017 00:30:00,106,104.25
21-Apr-2017 00:45:00,97,104.25
21-Apr-2017 01:00:00,94,98.4285714285714
21-Apr-2017 01:15:00,94,91.2
21-Apr-2017 01:30:00,94,91.2
21-Apr-2017 02:00:00,87,91.2
21-Apr-2017 04:00:00,66,66
21-Apr-2017 05:00:00,74,67.4
21-Apr-2017 05:15:00,74,78.7142857142857
21-Apr-2017 05:30:00,74,78.7142857142857
21-Apr-2017 05:45:00,86,78.7142857142857
21-Apr-2017 06:00:00,90,114.25
21-Apr-2017 06:15:00,90,95.5
21-Apr-2017 06:30:00,90,95.5
21-Apr-2017 06:45:00,102,95.5
21-Apr-2017 07:00:00,106,105.75
21-Apr-2017 07:15:00,106,104.25
21-Apr-2017 07:30:00,106,104.25
21-Apr-2017 08:00:00,114,110
21-Apr-2017 08:15:00,114,116.333333333333
21-Apr-2017 08:30:00,115,116.333333333333
21-Apr-2017 08:45:00,117,116.333333333333
21-Apr-2017 09:00:00,118,117
21-Apr-2017 09:15:00,118,117
21-Apr-2017 09:30:00,118,117
21-Apr-2017 09:45:00,121,117
21-Apr-2017 10:00:00,122,122.066666666667
21-Apr-2017 10:15:00,122,122.066666666667
21-Apr-2017 10:30:00,122,122.066666666667
21-Apr-2017 10:45:00,123,122.066666666667
21-Apr-2017 11:00:00,123,122.066666666667
21-Apr-2017 11:15:00,123,122.066666666667
21-Apr-2017 11:30:00,123,122.066666666667
21-Apr-2017 11:45:00,125,122.066666666667
21-Apr-2017 12:00:00,126,124.058823529412
21-Apr-2017 12:15:00,126,124.058823529412
21-Apr-2017 12:30:00,126,124.058823529412
21-Apr-2017 12:45:00,125,124.058823529412
21-Apr-2017 13:00:00,124,124.058823529412
21-Apr-2017 13:15:00,124,122.428571428571
21-Apr-2017 14:45:00,144,122.428571428571
21-Apr-2017 15:00:00,153,147.375
21-Apr-2017 15:15:00,153,162
21-Apr-2017 15:30:00,153,162
21-Apr-2017 15:45:00,167,162
21-Apr-2017 16:00:00,171,168.333333333333
21-Apr-2017 16:15:00,171,165.777777777778
21-Apr-2017 16:30:00,171,165.777777777778
21-Apr-2017 16:45:00,148,165.777777777778
21-Apr-2017 17:00:00,140,142.222222222222
21-Apr-2017 17:15:00,140,136.166666666667
21-Apr-2017 17:30:00,96,136.166666666667
21-Apr-2017 17:45:00,136,142.75
21-Apr-2017 18:00:00,134,134.454545454545
21-Apr-2017 18:15:00,134,127.666666666667
21-Apr-2017 18:30:00,134,127.666666666667
21-Apr-2017 18:45:00,115,127.666666666667
21-Apr-2017 19:00:00,108,116.333333333333
21-Apr-2017 19:15:00,108,106.75
21-Apr-2017 19:30:00,108,106.75
21-Apr-2017 19:45:00,93,99.3333333333333
21-Apr-2017 20:00:00,87,91.2
21-Apr-2017 20:15:00,87,86
21-Apr-2017 20:30:00,87,86
21-Apr-2017 20:45:00,83,86
21-Apr-2017 21:00:00,82,82.8
21-Apr-2017 21:15:00,82,81.1111111111111
21-Apr-2017 21:30:00,82,81.1111111111111
21-Apr-2017 21:45:00,79,81.1111111111111
21-Apr-2017 22:00:00,78,79.0526315789474
21-Apr-2017 22:15:00,78,79.0526315789474
21-Apr-2017 22:30:00,78,79.0526315789474
21-Apr-2017 22:45:00,79,79.0526315789474
21-Apr-2017 23:00:00,79,79.0526315789474
21-Apr-2017 23:15:00,79,79.0526315789474
21-Apr-2017 23:30:00,79,79.0526315789474
21-Apr-2017 23:45:00,83,80.6666666666667
22-Apr-2017 00:00:00,84,82.8
22-Apr-2017 00:15:00,84,92.5
22-Apr-2017 00:30:00,84,92.5
22-Apr-2017 00:45:00,114,92.5
22-Apr-2017 01:00:00,125,116.333333333333
22-Apr-2017 01:15:00,125,124.058823529412
22-Apr-2017 01:30:00,125,124.058823529412
22-Apr-2017 01:45:00,121,124.058823529412
22-Apr-2017 02:00:00,120,122.066666666667
22-Apr-2017 02:15:00,120,124.4
22-Apr-2017 02:30:00,120,124.4
22-Apr-2017 02:45:00,117,124.4
22-Apr-2017 03:00:00,116,117
22-Apr-2017 03:15:00,116,116.285714285714
22-Apr-2017 03:30:00,116,116.285714285714
22-Apr-2017 03:45:00,117,116.285714285714
22-Apr-2017 04:00:00,117,117
22-Apr-2017 04:15:00,117,117
22-Apr-2017 04:30:00,117,117
22-Apr-2017 04:45:00,109,117
22-Apr-2017 05:00:00,106,108.555555555556
22-Apr-2017 05:15:00,106,110
05-Feb-2016 14:40:00,195,195
05-Feb-2016 15:05:00,195,216.666666666667
05-Feb-2016 15:20:00,252,216.666666666667
05-Feb-2016 15:40:00,252,279
05-Feb-2016 16:05:00,252,279
06-Feb-2016 06:20:00,124,124
06-Feb-2016 06:40:00,124,122.428571428571
06-Feb-2016 07:00:00,124,122.428571428571
06-Feb-2016 07:20:00,93,122.428571428571
06-Feb-2016 07:45:00,93,91.2
06-Feb-2016 08:05:00,93,91.2
06-Feb-2016 08:20:00,84,91.2
06-Feb-2016 08:40:00,84,92.5
06-Feb-2016 09:05:00,84,92.5
06-Feb-2016 09:15:00,86,92.5
06-Feb-2016 18:05:00,224,224
06-Feb-2016 18:20:00,243,231
06-Feb-2016 18:40:00,243,244.8
06-Feb-2016 19:00:00,243,244.8
06-Feb-2016 19:20:00,252,244.8
06-Feb-2016 19:40:00,252,235
06-Feb-2016 19:55:00,252,235
06-Feb-2016 20:25:00,201,235
06-Feb-2016 20:40:00,201,183.5
06-Feb-2016 21:05:00,201,183.5
06-Feb-2016 21:20:00,193,183.5
06-Feb-2016 21:40:00,193,198.222222222222
06-Feb-2016 22:00:00,193,198.222222222222
06-Feb-2016 22:20:00,215,198.222222222222
06-Feb-2016 22:40:00,215,200.888888888889
06-Feb-2016 23:00:00,215,200.888888888889
06-Feb-2016 23:15:00,179,200.888888888889
06-Feb-2016 23:40:00,179,185.111111111111
07-Feb-2016 00:05:00,179,185.111111111111
07-Feb-2016 00:20:00,191,185.111111111111
07-Feb-2016 00:40:00,191,194.714285714286
07-Feb-2016 01:00:00,191,194.714285714286
07-Feb-2016 01:20:00,196,194.714285714286
07-Feb-2016 01:40:00,196,194.714285714286
07-Feb-2016 02:05:00,196,194.714285714286
07-Feb-2016 02:25:00,195,194.714285714286
07-Feb-2016 02:40:00,195,194.714285714286
07-Feb-2016 03:05:00,195,194.714285714286
07-Feb-2016 03:20:00,204,194.714285714286
07-Feb-2016 03:40:00,204,205.333333333333
07-Feb-2016 04:05:00,204,205.333333333333
07-Feb-2016 04:20:00,207,205.333333333333
07-Feb-2016 04:40:00,207,215.555555555556
07-Feb-2016 05:05:00,207,215.555555555556
07-Feb-2016 05:20:00,231,215.555555555556
07-Feb-2016 05:40:00,231,222.5
07-Feb-2016 06:10:00,231,222.5
07-Feb-2016 06:20:00,213,222.5
07-Feb-2016 06:40:00,213,200.888888888889
07-Feb-2016 07:05:00,213,200.888888888889
07-Feb-2016 07:20:00,167,200.888888888889
07-Feb-2016 07:40:00,167,168.333333333333
07-Feb-2016 08:00:00,167,168.333333333333
07-Feb-2016 08:20:00,117,117
07-Feb-2016 08:40:00,117,117
07-Feb-2016 09:00:00,117,117
07-Feb-2016 09:20:00,148,146.4
07-Feb-2016 09:45:00,148,142.222222222222
07-Feb-2016 10:05:00,148,142.222222222222
07-Feb-2016 10:20:00,135,142.222222222222
07-Feb-2016 10:40:00,135,134.454545454545
07-Feb-2016 11:05:00,135,134.454545454545
07-Feb-2016 11:20:00,137,134.454545454545
07-Feb-2016 11:40:00,137,134.454545454545
07-Feb-2016 12:00:00,137,134.454545454545
07-Feb-2016 12:20:00,101,129.666666666667
07-Feb-2016 12:40:00,101,114.857142857143
07-Feb-2016 13:05:00,101,114.857142857143
07-Feb-2016 13:25:00,143,114.857142857143
07-Feb-2016 13:40:00,143,141
07-Feb-2016 14:05:00,143,141
07-Feb-2016 14:20:00,137,141
07-Feb-2016 14:40:00,137,129.666666666667
07-Feb-2016 15:00:00,137,129.666666666667
07-Feb-2016 15:20:00,134,129.666666666667
07-Feb-2016 15:40:00,134,129.666666666667
07-Feb-2016 16:05:00,134,129.666666666667
07-Feb-2016 16:25:00,122,129.666666666667
07-Feb-2016 16:40:00,122,122.066666666667
07-Feb-2016 17:05:00,122,122.066666666667
07-Feb-2016 17:20:00,109,116
07-Feb-2016 17:40:00,109,108.555555555556
07-Feb-2016 18:05:00,109,108.555555555556
07-Feb-2016 18:20:00,101,108.555555555556
07-Feb-2016 18:40:00,101,114.857142857143
07-Feb-2016 19:05:00,101,114.857142857143
07-Feb-2016 19:20:00,134,134
07-Feb-2016 19:40:00,134,129.666666666667
07-Feb-2016 20:05:00,134,129.666666666667
07-Feb-2016 20:20:00,120,120
07-Feb-2016 20:50:00,120,124.714285714286
07-Feb-2016 21:05:00,120,124.714285714286
07-Feb-2016 21:20:00,106,124.714285714286
07-Feb-2016 21:40:00,106,107
07-Feb-2016 22:05:00,106,107
07-Feb-2016 22:25:00,111,107
07-Feb-2016 22:40:00,111,115.333333333333
07-Feb-2016 23:05:00,111,115.333333333333
07-Feb-2016 23:20:00,151,151
07-Feb-2016 23:45:00,151,162
08-Feb-2016 00:05:00,151,162
08-Feb-2016 00:20:00,197,162
08-Feb-2016 00:40:00,197,198.125
08-Feb-2016 01:05:00,197,198.125
08-Feb-2016 01:20:00,233,209
08-Feb-2016 01:40:00,233,233
08-Feb-2016 02:00:00,233,233
08-Feb-2016 02:20:00,168,168
08-Feb-2016 02:40:00,168,165.777777777778
08-Feb-2016 03:05:00,168,165.777777777778
08-Feb-2016 03:25:00,176,165.777777777778
08-Feb-2016 03:40:00,176,176
08-Feb-2016 04:05:00,176,176
08-Feb-2016 04:25:00,200,194.888888888889
08-Feb-2016 04:40:00,200,183.5
08-Feb-2016 05:05:00,200,183.5
08-Feb-2016 05:20:00,106,183.5
08-Feb-2016 05:40:00,106,107
08-Feb-2016 06:05:00,106,107
08-Feb-2016 06:25:00,67,96.1666666666667
08-Feb-2016 06:45:00,67,67.4
08-Feb-2016 07:05:00,67,67.4
08-Feb-2016 07:25:00,17,50.75
08-Feb-2016 07:45:00,17,15
08-Feb-2016 08:05:00,17,15
08-Feb-2016 08:25:00,54,49
08-Feb-2016 08:45:00,54,58
08-Feb-2016 09:05:00,54,58
08-Feb-2016 09:15:00,85,58
08-Feb-2016 09:45:00,85,83.3333333333333
08-Feb-2016 10:05:00,85,83.3333333333333
08-Feb-2016 10:25:00,73,83.3333333333333
08-Feb-2016 10:45:00,73,73.6363636363636
08-Feb-2016 11:00:00,73,73.6363636363636
08-Feb-2016 11:25:00,75,73.6363636363636
08-Feb-2016 11:45:00,75,75.6
08-Feb-2016 12:05:00,75,75.6
08-Feb-2016 12:25:00,80,75.6
08-Feb-2016 12:45:00,80,80.6666666666667
08-Feb-2016 13:05:00,80,80.6666666666667
08-Feb-2016 13:25:00,81,80.6666666666667
08-Feb-2016 13:45:00,81,81.1111111111111
08-Feb-2016 14:05:00,81,81.1111111111111
08-Feb-2016 14:25:00,102,84.1111111111111
08-Feb-2016 14:45:00,102,105.75
08-Feb-2016 15:05:00,102,105.75
08-Feb-2016 15:25:00,164,125.25
08-Feb-2016 15:45:00,164,186.8
08-Feb-2016 16:05:00,164,186.8
08-Feb-2016 16:25:00,193,186.8
08-Feb-2016 16:35:00,193,194.714285714286
08-Feb-2016 17:05:00,193,194.714285714286
08-Feb-2016 17:25:00,197,194.714285714286
08-Feb-2016 17:45:00,197,209
08-Feb-2016 18:05:00,197,209
08-Feb-2016 18:25:00,249,249
08-Feb-2016 18:35:00,249,252.666666666667
08-Feb-2016 19:05:00,249,252.666666666667
08-Feb-2016 19:25:00,284,252.666666666667
08-Feb-2016 19:45:00,284,274
08-Feb-2016 20:05:00,284,274
08-Feb-2016 20:25:00,236,274
08-Feb-2016 20:45:00,236,226.888888888889
08-Feb-2016 21:05:00,236,226.888888888889
08-Feb-2016 21:25:00,202,226.888888888889
08-Feb-2016 21:45:00,202,198.666666666667
08-Feb-2016 22:05:00,202,198.666666666667
08-Feb-2016 22:25:00,181,198.666666666667
08-Feb-2016 22:45:00,181,194.888888888889
08-Feb-2016 23:25:00,192,194.888888888889
08-Feb-2016 23:45:00,192,194.714285714286
09-Feb-2016 00:05:00,192,194.714285714286
09-Feb-2016 00:25:00,277,209.4
09-Feb-2016 00:45:00,277,284.857142857143
09-Feb-2016 01:05:00,277,284.857142857143
09-Feb-2016 01:25:00,302,284.857142857143
09-Feb-2016 01:45:00,302,309
09-Feb-2016 02:05:00,302,309
09-Feb-2016 02:25:00,328,309
09-Feb-2016 02:45:00,328,324.875
09-Feb-2016 03:05:00,328,324.875
09-Feb-2016 03:25:00,237,324.875
09-Feb-2016 03:40:00,237,226.888888888889
09-Feb-2016 04:05:00,237,226.888888888889
09-Feb-2016 04:25:00,196,226.888888888889
09-Feb-2016 04:45:00,196,209.4
09-Feb-2016 05:00:00,196,209.4
09-Feb-2016 05:25:00,189,209.4
09-Feb-2016 06:05:00,189,209.4
09-Feb-2016 06:25:00,74,74
09-Feb-2016 06:45:00,74,75.6
09-Feb-2016 07:05:00,74,75.6
09-Feb-2016 07:25:00,113,113
09-Feb-2016 07:45:00,113,111.5
09-Feb-2016 08:05:00,113,111.5
09-Feb-2016 08:25:00,110,111.5
09-Feb-2016 08:45:00,110,108.555555555556
09-Feb-2016 09:05:00,110,108.555555555556
09-Feb-2016 10:05:00,108,108.555555555556
09-Feb-2016 10:25:00,91,99.3333333333333
09-Feb-2016 10:45:00,91,91.2
09-Feb-2016 11:05:00,91,91.2
09-Feb-2016 11:25:00,87,91.2
09-Feb-2016 11:45:00,87,86
09-Feb-2016 12:25:00,104,90.5
09-Feb-2016 12:55:00,104,125.25
09-Feb-2016 13:05:00,104,125.25
09-Feb-2016 13:25:00,129,125.25
09-Feb-2016 13:45:00,129,130.6
09-Feb-2016 14:05:00,129,130.6
09-Feb-2016 14:25:00,243,243
09-Feb-2016 14:45:00,243,244.8
09-Feb-2016 15:05:00,243,244.8
09-Feb-2016 15:25:00,198,236.666666666667
09-Feb-2016 15:45:00,198,202.375
09-Feb-2016 16:05:00,198,202.375
09-Feb-2016 16:25:00,215,202.375
09-Feb-2016 16:45:00,215,200.888888888889
09-Feb-2016 17:05:00,215,200.888888888889
09-Feb-2016 17:25:00,240,240
09-Feb-2016 17:45:00,240,251.5
09-Feb-2016 18:25:00,263,251.5
09-Feb-2016 18:45:00,263,264
09-Feb-2016 19:05:00,263,264
09-Feb-2016 19:25:00,268,264
09-Feb-2016 19:45:00,268,264.125
09-Feb-2016 20:05:00,268,264.125
09-Feb-2016 20:25:00,243,264.125
09-Feb-2016 20:45:00,243,236.666666666667
09-Feb-2016 21:05:00,243,236.666666666667
09-Feb-2016 21:25:00,248,236.666666666667
09-Feb-2016 21:45:00,248,252.666666666667
09-Feb-2016 22:05:00,248,252.666666666667
09-Feb-2016 22:25:00,264,252.666666666667
09-Feb-2016 22:45:00,264,267.5
09-Feb-2016 23:05:00,264,267.5
09-Feb-2016 23:25:00,277,267.5
09-Feb-2016 23:45:00,277,275.666666666667
10-Feb-2016 00:05:00,277,275.666666666667
10-Feb-2016 00:25:00,273,275.666666666667
10-Feb-2016 00:45:00,273,252.857142857143
10-Feb-2016 01:05:00,273,252.857142857143
10-Feb-2016 03:25:00,345,297.666666666667
10-Feb-2016 03:45:00,345,324.875
10-Feb-2016 04:05:00,345,324.875
10-Feb-2016 04:25:00,356,324.875
10-Feb-2016 04:45:00,356,238.333333333333
10-Feb-2016 05:05:00,356,238.333333333333
10-Feb-2016 05:25:00,224,238.333333333333
10-Feb-2016 05:45:00,224,221.4
10-Feb-2016 06:45:00,217,221.4
10-Feb-2016 07:55:00,120,120
10-Feb-2016 09:05:00,134,124.714285714286
10-Feb-2016 09:25:00,146,146
10-Feb-2016 09:45:00,146,147.375
10-Feb-2016 10:05:00,146,147.375
10-Feb-2016 10:25:00,132,140.666666666667
10-Feb-2016 10:45:00,132,127
10-Feb-2016 11:05:00,132,127
10-Feb-2016 11:25:00,119,127
10-Feb-2016 11:45:00,119,124.714285714286
10-Feb-2016 12:05:00,119,124.714285714286
10-Feb-2016 12:25:00,155,124.714285714286
10-Feb-2016 12:45:00,155,149.333333333333
10-Feb-2016 13:05:00,155,149.333333333333
10-Feb-2016 13:25:00,133,149.333333333333
10-Feb-2016 13:45:00,133,143.666666666667
10-Feb-2016 14:25:00,168,143.666666666667
10-Feb-2016 14:45:00,168,194.888888888889
10-Feb-2016 15:05:00,168,194.888888888889
10-Feb-2016 17:25:00,274,194.888888888889
10-Feb-2016 17:45:00,274,297.666666666667
10-Feb-2016 18:05:00,274,297.666666666667
10-Feb-2016 18:25:00,208,244.875
10-Feb-2016 18:45:00,208,215.555555555556
10-Feb-2016 19:05:00,208,215.555555555556
10-Feb-2016 19:25:00,230,215.555555555556
10-Feb-2016 19:45:00,230,222.5
10-Feb-2016 20:05:00,230,222.5
10-Feb-2016 20:25:00,200,222.5
10-Feb-2016 20:45:00,200,198.666666666667
10-Feb-2016 21:05:00,200,198.666666666667
10-Feb-2016 21:25:00,207,198.666666666667
10-Feb-2016 21:45:00,207,207
10-Feb-2016 21:50:00,207,207
11-Feb-2016 02:45:00,123,123
11-Feb-2016 03:05:00,123,116
11-Feb-2016 03:25:00,157,140
11-Feb-2016 03:45:00,157,149.333333333333
11-Feb-2016 04:05:00,157,149.333333333333
11-Feb-2016 04:25:00,139,149.333333333333
11-Feb-2016 04:40:00,139,131
11-Feb-2016 05:45:00,123,131
11-Feb-2016 05:50:00,123,140
11-Feb-2016 07:15:00,71,105
11-Feb-2016 08:45:00,43,55
11-Feb-2016 11:05:00,59,48.3333333333333
11-Feb-2016 11:25:00,69,61.8571428571428
11-Feb-2016 11:45:00,69,50.75
11-Feb-2016 12:05:00,69,50.75
11-Feb-2016 12:25:00,48,50.75
11-Feb-2016 12:45:00,48,47.4
11-Feb-2016 13:05:00,48,47.4
11-Feb-2016 13:25:00,117,117
11-Feb-2016 13:45:00,117,146.4
11-Feb-2016 14:05:00,117,146.4
11-Feb-2016 14:25:00,179,146.4
11-Feb-2016 14:45:00,179,194.888888888889
11-Feb-2016 15:05:00,179,194.888888888889
11-Feb-2016 17:25:00,213,194.888888888889
11-Feb-2016 17:45:00,213,192.166666666667
11-Feb-2016 18:05:00,213,192.166666666667
11-Feb-2016 18:25:00,135,192.166666666667
11-Feb-2016 18:45:00,135,135.375
11-Feb-2016 19:05:00,135,135.375
11-Feb-2016 19:25:00,143,135.375
11-Feb-2016 19:45:00,143,141
11-Feb-2016 20:05:00,143,141
11-Feb-2016 20:25:00,131,141
11-Feb-2016 20:45:00,131,127
11-Feb-2016 21:05:00,131,127
11-Feb-2016 21:25:00,119,127
11-Feb-2016 21:45:00,119,117.2
11-Feb-2016 22:05:00,119,117.2
11-Feb-2016 22:25:00,108,117.2
11-Feb-2016 23:05:00,108,99.3333333333333
11-Feb-2016 23:25:00,88,99.3333333333333
11-Feb-2016 23:45:00,88,90.5
12-Feb-2016 00:05:00,88,90.5
12-Feb-2016 00:25:00,89,90.5
12-Feb-2016 00:45:00,89,95.5
12-Feb-2016 01:05:00,89,95.5
12-Feb-2016 01:25:00,124,95.5
12-Feb-2016 01:45:00,124,122.428571428571
12-Feb-2016 02:05:00,124,122.428571428571
12-Feb-2016 03:25:00,214,149.5
12-Feb-2016 03:45:00,214,214.444444444444
12-Feb-2016 04:05:00,214,214.444444444444
12-Feb-2016 04:25:00,188,214.444444444444
12-Feb-2016 04:45:00,188,189.375
12-Feb-2016 05:00:00,188,189.375
12-Feb-2016 05:25:00,174,189.375
12-Feb-2016 05:45:00,174,174.833333333333
12-Feb-2016 06:05:00,174,174.833333333333
12-Feb-2016 06:25:00,141,174.833333333333
12-Feb-2016 06:45:00,141,132.666666666667
12-Feb-2016 07:05:00,141,132.666666666667
12-Feb-2016 07:25:00,67,132.666666666667
12-Feb-2016 07:45:00,67,72.3333333333333
12-Feb-2016 08:05:00,67,72.3333333333333
12-Feb-2016 08:25:00,83,72.3333333333333
12-Feb-2016 08:45:00,83,82.8
12-Feb-2016 09:05:00,83,82.8
12-Feb-2016 09:25:00,80,82.8
12-Feb-2016 09:45:00,80,80.6666666666667
12-Feb-2016 10:05:00,80,80.6666666666667
12-Feb-2016 10:25:00,82,80.6666666666667
12-Feb-2016 10:45:00,82,102
12-Feb-2016 11:05:00,82,102
12-Feb-2016 11:25:00,149,102
12-Feb-2016 11:45:00,149,142.222222222222
12-Feb-2016 12:05:00,149,142.222222222222
12-Feb-2016 12:25:00,100,100
12-Feb-2016 12:45:00,100,98.125
12-Feb-2016 13:05:00,100,98.125
12-Feb-2016 13:25:00,125,125
12-Feb-2016 13:45:00,125,124.058823529412
12-Feb-2016 14:05:00,125,124.058823529412
12-Feb-2016 14:25:00,154,130.333333333333
12-Feb-2016 14:45:00,154,147.5
12-Feb-2016 15:05:00,154,147.5
12-Feb-2016 15:25:00,145,147.5
12-Feb-2016 15:45:00,145,140.666666666667
12-Feb-2016 16:05:00,145,140.666666666667
12-Feb-2016 16:25:00,162,150.666666666667
12-Feb-2016 16:45:00,162,156.857142857143
12-Feb-2016 17:25:00,150,156.857142857143
12-Feb-2016 17:45:00,150,148.444444444444
12-Feb-2016 18:25:00,144,148.444444444444
12-Feb-2016 18:45:00,144,150.666666666667
12-Feb-2016 19:05:00,144,150.666666666667
12-Feb-2016 19:25:00,164,150.666666666667
12-Feb-2016 19:45:00,164,156.857142857143
12-Feb-2016 20:00:00,164,156.857142857143
12-Feb-2016 20:25:00,134,156.857142857143
12-Feb-2016 20:45:00,134,135.375
12-Feb-2016 21:05:00,134,135.375
12-Feb-2016 21:25:00,132,135.375
12-Feb-2016 21:45:00,132,127
12-Feb-2016 22:05:00,132,127
12-Feb-2016 22:25:00,115,127
12-Feb-2016 22:45:00,115,116.333333333333
12-Feb-2016 23:05:00,115,116.333333333333
12-Feb-2016 23:15:00,126,116.333333333333
12-Feb-2016 23:45:00,126,130.333333333333
13-Feb-2016 00:05:00,126,130.333333333333
13-Feb-2016 00:25:00,122,130.333333333333
13-Feb-2016 00:45:00,122,105
13-Feb-2016 01:05:00,122,105
13-Feb-2016 01:25:00,145,145
13-Feb-2016 01:45:00,145,150.666666666667
13-Feb-2016 02:05:00,145,150.666666666667
13-Feb-2016 02:25:00,90,116.5
13-Feb-2016 02:45:00,90,95.5
13-Feb-2016 03:05:00,90,95.5
13-Feb-2016 03:25:00,123,123
13-Feb-2016 03:45:00,123,129.666666666667
13-Feb-2016 04:05:00,123,129.666666666667
13-Feb-2016 04:25:00,143,129.666666666667
13-Feb-2016 05:05:00,143,116.5
13-Feb-2016 05:25:00,637,637
13-Feb-2016 05:45:00,637,457.666666666667
13-Feb-2016 06:05:00,637,457.666666666667
13-Feb-2016 06:25:00,99,457.666666666667
13-Feb-2016 06:45:00,99,95.4444444444444
13-Feb-2016 07:05:00,99,95.4444444444444
13-Feb-2016 07:25:00,80,95.4444444444444
13-Feb-2016 07:45:00,80,80.6666666666667
13-Feb-2016 08:05:00,80,80.6666666666667
13-Feb-2016 08:25:00,97,83.5
13-Feb-2016 08:45:00,97,98.4285714285714
13-Feb-2016 09:05:00,97,98.4285714285714
13-Feb-2016 09:25:00,67,67
13-Feb-2016 09:45:00,67,67.5
13-Feb-2016 10:05:00,67,67.5
13-Feb-2016 10:25:00,65,67.5
13-Feb-2016 10:45:00,65,64.5
13-Feb-2016 11:05:00,65,64.5
13-Feb-2016 11:25:00,75,64.5
13-Feb-2016 11:45:00,75,65.8333333333333
13-Feb-2016 12:05:00,75,65.8333333333333
13-Feb-2016 12:25:00,65,65.8333333333333
13-Feb-2016 12:45:00,65,64.5
13-Feb-2016 13:05:00,65,64.5
13-Feb-2016 13:25:00,49,64.5
13-Feb-2016 13:45:00,49,52.1111111111111
13-Feb-2016 14:05:00,49,52.1111111111111
13-Feb-2016 14:25:00,67,58
13-Feb-2016 14:45:00,67,67.5
13-Feb-2016 15:05:00,67,67.5
13-Feb-2016 15:25:00,69,67.5
13-Feb-2016 15:45:00,69,67.5
13-Feb-2016 16:05:00,69,67.5
13-Feb-2016 16:25:00,98,78.6666666666667
13-Feb-2016 16:45:00,98,95.4444444444444
13-Feb-2016 17:05:00,98,95.4444444444444
13-Feb-2016 17:25:00,94,95.4444444444444
13-Feb-2016 17:45:00,94,91.2
13-Feb-2016 18:05:00,94,91.2
13-Feb-2016 18:25:00,93,91.2
13-Feb-2016 18:45:00,93,91.2
13-Feb-2016 19:05:00,93,91.2
13-Feb-2016 19:25:00,132,132
13-Feb-2016 19:45:00,132,132
13-Feb-2016 20:05:00,132,132
13-Feb-2016 20:25:00,178,170.5
13-Feb-2016 20:45:00,178,174.833333333333
13-Feb-2016 21:05:00,178,174.833333333333
13-Feb-2016 21:25:00,204,174.833333333333
13-Feb-2016 21:45:00,204,201.5
13-Feb-2016 21:55:00,204,201.5
13-Feb-2016 22:25:00,169,201.5
13-Feb-2016 22:45:00,169,167.625
13-Feb-2016 23:05:00,169,167.625
13-Feb-2016 23:25:00,162,167.625
13-Feb-2016 23:45:00,162,156.857142857143
14-Feb-2016 00:05:00,162,156.857142857143
14-Feb-2016 00:25:00,95,144.4
14-Feb-2016 00:45:00,95,97.1111111111111
14-Feb-2016 01:05:00,95,97.1111111111111
14-Feb-2016 01:25:00,99,97.1111111111111
14-Feb-2016 01:45:00,99,103.666666666667
14-Feb-2016 02:05:00,99,103.666666666667
14-Feb-2016 02:25:00,99,103.666666666667
14-Feb-2016 02:45:00,99,103.666666666667
14-Feb-2016 03:05:00,99,103.666666666667
14-Feb-2016 03:25:00,127,103.666666666667
14-Feb-2016 03:45:00,127,130.333333333333
14-Feb-2016 04:05:00,127,130.333333333333
14-Feb-2016 04:25:00,112,112
14-Feb-2016 04:45:00,112,111.5
14-Feb-2016 05:05:00,112,111.5
14-Feb-2016 05:20:00,87,104.333333333333
14-Feb-2016 05:45:00,87,90.5
14-Feb-2016 06:05:00,87,90.5
14-Feb-2016 06:25:00,77,84.3333333333333
14-Feb-2016 06:45:00,77,65.8333333333333
14-Feb-2016 07:05:00,77,65.8333333333333
14-Feb-2016 07:25:00,26,65.8333333333333
14-Feb-2016 07:30:00,26,37.6666666666667
14-Feb-2016 08:25:00,56,37.6666666666667
14-Feb-2016 08:45:00,56,56
14-Feb-2016 09:05:00,56,56
14-Feb-2016 09:25:00,74,67.75
14-Feb-2016 09:45:00,74,78.5
14-Feb-2016 10:05:00,74,78.5
14-Feb-2016 10:25:00,81,78.5
14-Feb-2016 10:45:00,81,84.1111111111111
14-Feb-2016 11:05:00,81,84.1111111111111
14-Feb-2016 11:25:00,83,84.1111111111111
14-Feb-2016 11:45:00,83,82.8
14-Feb-2016 11:55:00,83,82.8
14-Feb-2016 12:25:00,63,79.6666666666667
14-Feb-2016 12:45:00,63,64
14-Feb-2016 13:05:00,63,64
14-Feb-2016 13:25:00,79,70.5
14-Feb-2016 13:45:00,79,83.5
14-Feb-2016 14:05:00,79,83.5
14-Feb-2016 14:20:00,88,83.5
14-Feb-2016 14:45:00,88,84.3333333333333
14-Feb-2016 15:05:00,88,84.3333333333333
14-Feb-2016 15:25:00,113,96.3333333333333
14-Feb-2016 15:45:00,113,104.333333333333
14-Feb-2016 16:05:00,113,104.333333333333
14-Feb-2016 16:20:00,146,146
14-Feb-2016 16:45:00,146,146.125
14-Feb-2016 17:05:00,146,146.125
14-Feb-2016 17:25:00,149,146.125
14-Feb-2016 17:45:00,149,155
14-Feb-2016 18:05:00,149,155
14-Feb-2016 18:25:00,148,155
14-Feb-2016 18:45:00,148,155
14-Feb-2016 19:05:00,148,155
14-Feb-2016 19:25:00,186,155
14-Feb-2016 19:45:00,186,153.555555555556
14-Feb-2016 20:05:00,186,153.555555555556
14-Feb-2016 20:25:00,123,153.555555555556
14-Feb-2016 20:45:00,123,120.571428571429
14-Feb-2016 21:05:00,123,120.571428571429
14-Feb-2016 21:25:00,106,120.571428571429
14-Feb-2016 21:45:00,106,96.1666666666667
14-Feb-2016 22:05:00,106,96.1666666666667
14-Feb-2016 22:25:00,86,96.1666666666667
14-Feb-2016 22:45:00,86,83.3333333333333
14-Feb-2016 23:05:00,86,83.3333333333333
14-Feb-2016 23:25:00,86,83.3333333333333
14-Feb-2016 23:45:00,86,83.3333333333333
15-Feb-2016 00:05:00,86,83.3333333333333
15-Feb-2016 00:25:00,77,83.3333333333333
15-Feb-2016 00:45:00,77,78.5
15-Feb-2016 01:05:00,77,78.5
15-Feb-2016 01:25:00,88,78.5
15-Feb-2016 01:45:00,88,96.3333333333333
15-Feb-2016 02:05:00,88,96.3333333333333
15-Feb-2016 02:25:00,207,207
15-Feb-2016 02:45:00,207,192.166666666667
15-Feb-2016 03:05:00,207,192.166666666667
15-Feb-2016 03:25:00,178,192.166666666667
15-Feb-2016 03:45:00,178,156.666666666667
15-Feb-2016 04:05:00,178,156.666666666667
15-Feb-2016 04:25:00,114,156.666666666667
15-Feb-2016 04:45:00,114,116.375
15-Feb-2016 05:05:00,114,116.375
15-Feb-2016 05:25:00,129,116.375
15-Feb-2016 05:45:00,129,123.714285714286
15-Feb-2016 06:05:00,129,123.714285714286
15-Feb-2016 06:25:00,103,123.714285714286
15-Feb-2016 06:45:00,103,92.6666666666667
15-Feb-2016 07:05:00,103,92.6666666666667
15-Feb-2016 07:25:00,63,92.6666666666667
15-Feb-2016 07:45:00,63,70.5
15-Feb-2016 08:05:00,63,70.5
15-Feb-2016 08:25:00,86,70.5
15-Feb-2016 08:45:00,86,83.8181818181818
15-Feb-2016 09:05:00,86,83.8181818181818
15-Feb-2016 09:25:00,74,83.8181818181818
15-Feb-2016 09:45:00,74,71.2222222222222
15-Feb-2016 10:05:00,74,71.2222222222222
15-Feb-2016 10:25:00,57,71.2222222222222
15-Feb-2016 10:45:00,57,67.75
15-Feb-2016 11:05:00,57,67.75
15-Feb-2016 11:25:00,83,67.75
15-Feb-2016 11:45:00,83,79.6666666666667
15-Feb-2016 12:05:00,83,79.6666666666667
15-Feb-2016 12:25:00,83,79.6666666666667
15-Feb-2016 12:45:00,83,79.6666666666667
15-Feb-2016 13:05:00,83,79.6666666666667
15-Feb-2016 13:25:00,113,93
15-Feb-2016 13:45:00,113,116.375
15-Feb-2016 14:05:00,113,116.375
15-Feb-2016 14:25:00,120,116.375
15-Feb-2016 14:45:00,120,117.2
15-Feb-2016 15:05:00,120,117.2
15-Feb-2016 15:25:00,145,145
15-Feb-2016 15:45:00,145,146.125
15-Feb-2016 16:05:00,145,146.125
15-Feb-2016 16:25:00,150,146.125
15-Feb-2016 16:45:00,150,148.444444444444
15-Feb-2016 17:05:00,150,148.444444444444
15-Feb-2016 17:25:00,143,148.444444444444
15-Feb-2016 17:45:00,143,140.666666666667
15-Feb-2016 18:05:00,143,140.666666666667
15-Feb-2016 18:25:00,135,140.666666666667
15-Feb-2016 18:45:00,135,135.375
15-Feb-2016 19:05:00,135,135.375
15-Feb-2016 19:25:00,173,149
15-Feb-2016 19:45:00,173,167.625
15-Feb-2016 20:05:00,173,167.625
15-Feb-2016 20:25:00,153,167.625
15-Feb-2016 20:45:00,153,152
15-Feb-2016 21:05:00,153,152
15-Feb-2016 21:25:00,143,152
15-Feb-2016 21:45:00,143,140.666666666667
15-Feb-2016 22:05:00,143,140.666666666667
15-Feb-2016 22:25:00,137,140.666666666667
15-Feb-2016 22:45:00,137,149
15-Feb-2016 23:05:00,137,149
15-Feb-2016 23:25:00,121,124.571428571429
15-Feb-2016 23:45:00,121,120.571428571429
16-Feb-2016 00:05:00,121,120.571428571429
16-Feb-2016 00:25:00,127,120.571428571429
16-Feb-2016 00:45:00,127,127
16-Feb-2016 01:05:00,127,127
16-Feb-2016 01:25:00,108,108
16-Feb-2016 01:45:00,108,99.3333333333333
16-Feb-2016 02:05:00,108,99.3333333333333
16-Feb-2016 02:25:00,177,120
16-Feb-2016 02:45:00,177,168.5
16-Feb-2016 03:05:00,177,168.5
16-Feb-2016 03:25:00,165,168.5
16-Feb-2016 03:45:00,165,144.4
16-Feb-2016 04:05:00,165,144.4
16-Feb-2016 04:25:00,133,144.4
16-Feb-2016 04:45:00,133,127.2
16-Feb-2016 05:05:00,133,127.2
16-Feb-2016 05:25:00,104,127.2
16-Feb-2016 05:45:00,104,92.6666666666667
16-Feb-2016 06:05:00,104,92.6666666666667
16-Feb-2016 06:25:00,79,92.6666666666667
16-Feb-2016 06:45:00,79,83.5
16-Feb-2016 07:05:00,79,83.5
16-Feb-2016 07:25:00,51,51
16-Feb-2016 07:45:00,51,58
16-Feb-2016 08:05:00,51,58
16-Feb-2016 08:25:00,63,58
16-Feb-2016 09:05:00,63,70.5
16-Feb-2016 09:25:00,69,70.5
16-Feb-2016 09:45:00,69,78.6666666666667
16-Feb-2016 10:05:00,69,78.6666666666667
16-Feb-2016 10:25:00,61,61
16-Feb-2016 10:45:00,61,60.7777777777778
16-Feb-2016 11:05:00,61,60.7777777777778
16-Feb-2016 11:25:00,70,60.7777777777778
16-Feb-2016 11:45:00,70,72.2
16-Feb-2016 12:05:00,70,72.2
16-Feb-2016 12:25:00,78,72.2
16-Feb-2016 12:45:00,78,79.2
16-Feb-2016 13:05:00,78,79.2
16-Feb-2016 13:25:00,82,79.2
16-Feb-2016 13:45:00,82,102
16-Feb-2016 14:05:00,82,102
16-Feb-2016 14:25:00,135,102
16-Feb-2016 14:45:00,135,124.571428571429
16-Feb-2016 15:05:00,135,124.571428571429
16-Feb-2016 15:25:00,106,124.571428571429
16-Feb-2016 15:45:00,106,96.1666666666667
16-Feb-2016 16:05:00,106,96.1666666666667
16-Feb-2016 16:25:00,148,148
16-Feb-2016 16:45:00,148,155
16-Feb-2016 17:05:00,148,155
16-Feb-2016 17:25:00,171,155
16-Feb-2016 17:45:00,171,167.625
16-Feb-2016 18:05:00,171,167.625
16-Feb-2016 18:25:00,177,178.75
16-Feb-2016 18:45:00,177,168.5
16-Feb-2016 19:05:00,177,168.5
16-Feb-2016 19:25:00,138,168.5
16-Feb-2016 19:45:00,138,124.571428571429
16-Feb-2016 20:05:00,138,124.571428571429
16-Feb-2016 20:25:00,99,124.571428571429
16-Feb-2016 20:45:00,99,99
16-Feb-2016 21:05:00,99,99
16-Feb-2016 21:25:00,99,99
16-Feb-2016 21:45:00,99,99
16-Feb-2016 22:05:00,99,99
16-Feb-2016 22:25:00,90,93.375
16-Feb-2016 22:45:00,90,88.8571428571428
16-Feb-2016 22:55:00,90,88.8571428571428
16-Feb-2016 23:25:00,89,88.8571428571428
16-Feb-2016 23:45:00,89,81.3333333333333
17-Feb-2016 00:05:00,89,81.3333333333333
17-Feb-2016 00:25:00,66,81.3333333333333
17-Feb-2016 00:45:00,66,64.5
17-Feb-2016 01:05:00,66,64.5
17-Feb-2016 01:25:00,114,114
17-Feb-2016 01:45:00,114,116.375
17-Feb-2016 02:05:00,114,116.375
17-Feb-2016 02:25:00,148,123.571428571429
17-Feb-2016 02:45:00,148,147
17-Feb-2016 03:05:00,148,147
17-Feb-2016 03:25:00,138,147
17-Feb-2016 03:45:00,138,134.8
17-Feb-2016 04:05:00,138,134.8
17-Feb-2016 04:25:00,126,134.8
17-Feb-2016 04:45:00,126,121
17-Feb-2016 05:05:00,126,121
17-Feb-2016 05:25:00,124,121
17-Feb-2016 05:45:00,124,149.5
17-Feb-2016 06:05:00,124,149.5
17-Feb-2016 06:25:00,136,149.5
17-Feb-2016 06:45:00,136,134.8
17-Feb-2016 07:05:00,136,134.8
17-Feb-2016 07:25:00,95,95
17-Feb-2016 07:45:00,95,97.1111111111111
17-Feb-2016 08:05:00,95,97.1111111111111
17-Feb-2016 08:25:00,108,97.1111111111111
17-Feb-2016 08:30:00,108,120
17-Feb-2016 09:35:00,113,120
17-Feb-2016 12:25:00,132,123.571428571429
17-Feb-2016 14:35:00,163,170.5
17-Feb-2016 17:15:00,164,144.4
17-Feb-2016 19:45:00,125,125
17-Feb-2016 22:15:00,105,121
18-Feb-2016 00:45:00,102,110
18-Feb-2016 02:55:00,118,110
18-Feb-2016 05:35:00,171,146.4
18-Feb-2016 07:25:00,200,178.75
18-Feb-2016 07:45:00,200,184
18-Feb-2016 08:05:00,200,184
18-Feb-2016 08:25:00,133,184
18-Feb-2016 08:45:00,133,127.2
18-Feb-2016 09:05:00,133,127.2
18-Feb-2016 09:25:00,193,153
18-Feb-2016 09:45:00,193,189.375
18-Feb-2016 10:05:00,193,189.375
18-Feb-2016 10:25:00,193,189.375
18-Feb-2016 10:45:00,193,189.375
18-Feb-2016 11:05:00,193,189.375
18-Feb-2016 11:25:00,164,180
18-Feb-2016 11:45:00,164,160.545454545455
18-Feb-2016 12:05:00,164,160.545454545455
18-Feb-2016 12:25:00,153,160.545454545455
18-Feb-2016 12:45:00,153,152
18-Feb-2016 13:05:00,153,152
18-Feb-2016 13:25:00,155,152
18-Feb-2016 14:05:00,155,168.2
18-Feb-2016 14:25:00,186,168.2
18-Feb-2016 14:45:00,186,153.555555555556
18-Feb-2016 15:05:00,186,153.555555555556
18-Feb-2016 15:25:00,216,153.555555555556
18-Feb-2016 15:45:00,216,215.333333333333
18-Feb-2016 16:05:00,216,215.333333333333
18-Feb-2016 16:25:00,205,215.333333333333
18-Feb-2016 16:45:00,205,222.625
18-Feb-2016 17:05:00,205,222.625
18-Feb-2016 17:20:00,232,222.625
18-Feb-2016 17:45:00,232,232
18-Feb-2016 18:05:00,232,232
18-Feb-2016 18:25:00,148,148
18-Feb-2016 18:45:00,148,147
18-Feb-2016 19:05:00,148,147
18-Feb-2016 19:25:00,151,147
18-Feb-2016 19:45:00,151,146.666666666667
18-Feb-2016 20:05:00,151,146.666666666667
18-Feb-2016 20:25:00,131,146.666666666667
18-Feb-2016 20:45:00,131,127.6
18-Feb-2016 21:05:00,131,127.6
18-Feb-2016 21:25:00,114,127.6
18-Feb-2016 21:45:00,114,123.571428571429
18-Feb-2016 22:05:00,114,123.571428571429
18-Feb-2016 22:25:00,131,123.571428571429
18-Feb-2016 22:45:00,131,127.6
18-Feb-2016 23:05:00,131,127.6
18-Feb-2016 23:25:00,201,201
18-Feb-2016 23:45:00,201,201.5
19-Feb-2016 00:05:00,201,201.5
19-Feb-2016 00:25:00,225,201.5
19-Feb-2016 01:05:00,225,228.2
19-Feb-2016 01:25:00,225,228.2
19-Feb-2016 01:45:00,225,228.2
19-Feb-2016 02:05:00,225,228.2
19-Feb-2016 02:25:00,241,228.2
19-Feb-2016 02:45:00,241,236.666666666667
19-Feb-2016 03:05:00,241,236.666666666667
19-Feb-2016 03:25:00,228,236.666666666667
19-Feb-2016 03:45:00,228,231.833333333333
19-Feb-2016 04:05:00,228,231.833333333333
19-Feb-2016 04:25:00,264,241
19-Feb-2016 04:45:00,264,267.5
19-Feb-2016 05:05:00,264,267.5
19-Feb-2016 05:25:00,272,267.5
19-Feb-2016 05:45:00,272,244.875
19-Feb-2016 06:05:00,272,244.875
19-Feb-2016 06:25:00,167,244.875
19-Feb-2016 06:45:00,167,167
19-Feb-2016 07:05:00,167,167
19-Feb-2016 07:25:00,94,139.5
19-Feb-2016 07:45:00,94,100.428571428571
19-Feb-2016 08:05:00,94,100.428571428571
19-Feb-2016 08:25:00,117,100.428571428571
19-Feb-2016 09:05:00,117,111.555555555556
19-Feb-2016 09:25:00,125,111.555555555556
19-Feb-2016 09:45:00,125,121
19-Feb-2016 10:05:00,125,121
19-Feb-2016 10:25:00,108,121
19-Feb-2016 10:45:00,108,120
19-Feb-2016 11:05:00,108,120
19-Feb-2016 11:45:00,130,120
19-Feb-2016 12:05:00,130,129
19-Feb-2016 12:25:00,125,129
19-Feb-2016 12:45:00,125,121
19-Feb-2016 13:05:00,125,121
19-Feb-2016 13:25:00,158,133.5
19-Feb-2016 13:45:00,158,160.545454545455
19-Feb-2016 14:05:00,158,160.545454545455
19-Feb-2016 14:25:00,156,160.545454545455
19-Feb-2016 14:45:00,156,168.2
19-Feb-2016 15:05:00,156,168.2
19-Feb-2016 15:25:00,188,168.2
19-Feb-2016 15:45:00,188,180
19-Feb-2016 16:05:00,188,180
19-Feb-2016 16:25:00,206,194.5
19-Feb-2016 16:45:00,206,214.6
19-Feb-2016 17:05:00,206,214.6
19-Feb-2016 17:25:00,235,214.6
19-Feb-2016 17:45:00,235,226.888888888889
19-Feb-2016 18:05:00,235,226.888888888889
19-Feb-2016 18:25:00,228,226.888888888889
19-Feb-2016 18:45:00,228,241
19-Feb-2016 19:05:00,228,241
19-Feb-2016 19:25:00,244,241
19-Feb-2016 19:45:00,244,236.666666666667
19-Feb-2016 20:05:00,244,236.666666666667
19-Feb-2016 20:25:00,193,223
19-Feb-2016 20:45:00,193,194.5
19-Feb-2016 21:05:00,193,194.5
19-Feb-2016 21:25:00,197,194.5
19-Feb-2016 21:45:00,197,184
19-Feb-2016 22:05:00,197,184
19-Feb-2016 22:25:00,177,184
19-Feb-2016 22:45:00,177,176.75
19-Feb-2016 22:55:00,177,176.75
19-Feb-2016 23:25:00,179,176.75
19-Feb-2016 23:45:00,179,176.75
20-Feb-2016 00:05:00,179,176.75
20-Feb-2016 00:25:00,169,176.75
20-Feb-2016 00:35:00,169,178.75
20-Feb-2016 01:05:00,169,178.75
20-Feb-2016 01:25:00,128,128
20-Feb-2016 01:45:00,128,133.5
20-Feb-2016 02:05:00,128,133.5
20-Feb-2016 02:25:00,165,133.5
20-Feb-2016 02:45:00,165,160.545454545455
20-Feb-2016 03:05:00,165,160.545454545455
20-Feb-2016 03:25:00,161,160.545454545455
20-Feb-2016 03:45:00,161,160.545454545455
20-Feb-2016 04:05:00,161,160.545454545455
20-Feb-2016 04:25:00,90,83
20-Feb-2016 04:45:00,90,88.8571428571428
20-Feb-2016 05:05:00,90,88.8571428571428
20-Feb-2016 05:25:00,83,88.8571428571428
20-Feb-2016 05:45:00,83,93
20-Feb-2016 06:05:00,83,93
20-Feb-2016 07:25:00,66,79.5
20-Feb-2016 07:45:00,66,64.0909090909091
20-Feb-2016 08:05:00,66,64.0909090909091
20-Feb-2016 08:25:00,54,64.0909090909091
20-Feb-2016 08:45:00,54,58
20-Feb-2016 09:05:00,54,58
20-Feb-2016 10:25:00,17,45.8333333333333
20-Feb-2016 10:30:00,17,49
20-Feb-2016 11:05:00,17,49
20-Feb-2016 11:25:00,108,49
20-Feb-2016 11:45:00,108,120
20-Feb-2016 12:05:00,108,120
20-Feb-2016 12:25:00,69,95
20-Feb-2016 12:45:00,69,68.2727272727273
20-Feb-2016 13:05:00,69,68.2727272727273
20-Feb-2016 13:25:00,69,68.2727272727273
20-Feb-2016 13:45:00,69,68.2727272727273
20-Feb-2016 14:05:00,69,68.2727272727273
20-Feb-2016 14:25:00,71,68.2727272727273
20-Feb-2016 14:45:00,71,74.3333333333333
20-Feb-2016 15:05:00,71,74.3333333333333
20-Feb-2016 15:25:00,81,74.3333333333333
20-Feb-2016 15:30:00,81,84.1111111111111
20-Feb-2016 16:05:00,81,84.1111111111111
20-Feb-2016 16:25:00,86,84.1111111111111
20-Feb-2016 16:45:00,86,83.8181818181818
20-Feb-2016 17:05:00,86,83.8181818181818
20-Feb-2016 17:25:00,79,83.8181818181818
20-Feb-2016 17:45:00,79,79.2
20-Feb-2016 18:05:00,79,79.2
20-Feb-2016 18:25:00,55,55
20-Feb-2016 18:45:00,55,60.3333333333333
20-Feb-2016 19:05:00,55,60.3333333333333
20-Feb-2016 19:25:00,77,60.3333333333333
20-Feb-2016 19:45:00,77,71.2222222222222
20-Feb-2016 20:05:00,77,71.2222222222222
20-Feb-2016 20:25:00,63,71.2222222222222
20-Feb-2016 20:45:00,63,63.125
20-Feb-2016 21:05:00,63,63.125
20-Feb-2016 21:25:00,65,63.125
20-Feb-2016 21:45:00,65,64.0909090909091
20-Feb-2016 22:05:00,65,64.0909090909091
20-Feb-2016 22:25:00,62,64.0909090909091
20-Feb-2016 22:45:00,62,63.125
20-Feb-2016 23:05:00,62,63.125
20-Feb-2016 23:25:00,66,63.125
20-Feb-2016 23:45:00,66,64.0909090909091
21-Feb-2016 00:05:00,66,64.0909090909091
21-Feb-2016 00:25:00,65,64.0909090909091
21-Feb-2016 00:45:00,65,64.0909090909091
21-Feb-2016 01:05:00,65,64.0909090909091
21-Feb-2016 01:20:00,57,57
21-Feb-2016 01:45:00,57,60.3333333333333
21-Feb-2016 02:05:00,57,60.3333333333333
21-Feb-2016 02:25:00,61,60.3333333333333
21-Feb-2016 02:45:00,61,60.7777777777778
21-Feb-2016 03:05:00,61,60.7777777777778
21-Feb-2016 03:25:00,75,68
21-Feb-2016 03:45:00,75,71.2222222222222
21-Feb-2016 04:05:00,75,71.2222222222222
21-Feb-2016 04:25:00,69,71.2222222222222
21-Feb-2016 04:45:00,69,68.2727272727273
21-Feb-2016 05:05:00,69,68.2727272727273
21-Feb-2016 05:25:00,59,68.2727272727273
21-Feb-2016 05:45:00,59,58.375
21-Feb-2016 06:05:00,59,58.375
21-Feb-2016 06:25:00,50,58.375
21-Feb-2016 06:45:00,50,46.25
21-Feb-2016 07:05:00,50,46.25
21-Feb-2016 08:25:00,41,46.25
21-Feb-2016 09:05:00,41,40.8888888888889
21-Feb-2016 09:25:00,38,40.8888888888889
21-Feb-2016 09:45:00,38,37
21-Feb-2016 10:05:00,38,37
21-Feb-2016 10:25:00,28,37
21-Feb-2016 10:45:00,28,34.8571428571429
21-Feb-2016 11:05:00,28,34.8571428571429
21-Feb-2016 11:25:00,49,34.8571428571429
21-Feb-2016 11:45:00,49,48.6
21-Feb-2016 12:05:00,49,48.6
21-Feb-2016 12:25:00,47,48.6
21-Feb-2016 12:45:00,47,46.625
21-Feb-2016 13:05:00,47,46.625
21-Feb-2016 13:25:00,42,46.625
21-Feb-2016 13:45:00,42,42.8888888888889
21-Feb-2016 14:00:00,42,42.8888888888889
21-Feb-2016 14:25:00,54,42.8888888888889
21-Feb-2016 14:45:00,54,45.8333333333333
21-Feb-2016 15:00:00,54,45.8333333333333
21-Feb-2016 15:20:00,46,45.8333333333333
21-Feb-2016 15:40:00,46,47.3333333333333
21-Feb-2016 16:05:00,46,47.3333333333333
21-Feb-2016 16:20:00,62,47.3333333333333
21-Feb-2016 16:40:00,62,63.125
21-Feb-2016 17:05:00,62,63.125
21-Feb-2016 17:25:00,48,57.3333333333333
21-Feb-2016 17:40:00,48,46.625
21-Feb-2016 18:05:00,48,46.625
21-Feb-2016 18:20:00,47,46.625
21-Feb-2016 18:40:00,47,46.625
21-Feb-2016 19:00:00,47,46.625
21-Feb-2016 19:20:00,84,60.5
21-Feb-2016 19:40:00,84,83.8181818181818
21-Feb-2016 20:00:00,84,83.8181818181818
21-Feb-2016 20:25:00,83,83.8181818181818
21-Feb-2016 20:40:00,83,79.5
21-Feb-2016 21:05:00,83,79.5
21-Feb-2016 21:20:00,65,79.5
21-Feb-2016 21:40:00,65,70
21-Feb-2016 22:05:00,65,70
21-Feb-2016 22:20:00,80,70
21-Feb-2016 22:40:00,80,77.375
21-Feb-2016 23:00:00,80,77.375
21-Feb-2016 23:20:00,72,77.375
21-Feb-2016 23:40:00,72,73.6363636363636
22-Feb-2016 00:05:00,72,73.6363636363636
22-Feb-2016 00:20:00,72,73.6363636363636
22-Feb-2016 00:40:00,72,73.6363636363636
22-Feb-2016 01:05:00,72,73.6363636363636
22-Feb-2016 01:20:00,83,73.6363636363636
22-Feb-2016 01:40:00,83,79.5
22-Feb-2016 02:00:00,83,79.5
22-Feb-2016 02:10:00,83,79.5
22-Feb-2016 02:40:00,90,79.5
22-Feb-2016 03:05:00,90,88.8571428571428
22-Feb-2016 03:20:00,134,149.5
22-Feb-2016 03:40:00,134,136
22-Feb-2016 04:05:00,134,136
22-Feb-2016 04:20:00,137,136
22-Feb-2016 08:20:00,137,136
22-Feb-2016 08:40:00,137,136
22-Feb-2016 09:00:00,137,136
22-Feb-2016 09:25:00,65,65
22-Feb-2016 09:40:00,65,63.875
22-Feb-2016 10:00:00,65,63.875
22-Feb-2016 11:20:00,52,63.875
22-Feb-2016 11:40:00,52,45.8333333333333
22-Feb-2016 12:05:00,52,45.8333333333333
22-Feb-2016 12:25:00,69,76.5
22-Feb-2016 12:40:00,69,68.2727272727273
22-Feb-2016 13:05:00,69,68.2727272727273
22-Feb-2016 13:20:00,51,61.4285714285714
22-Feb-2016 13:40:00,51,53
22-Feb-2016 14:05:00,51,53
22-Feb-2016 14:20:00,61,53
22-Feb-2016 14:30:00,61,68
22-Feb-2016 16:45:00,118,76.5
22-Feb-2016 19:05:00,90,111.555555555556
22-Feb-2016 21:35:00,165,149.5
23-Feb-2016 00:05:00,76,83
23-Feb-2016 02:35:00,59,59
23-Feb-2016 05:15:00,67,58.375
23-Feb-2016 06:40:00,66,63.875
23-Feb-2016 07:00:00,66,63.875
23-Feb-2016 07:20:00,69,63.875
23-Feb-2016 07:40:00,69,61.4285714285714
23-Feb-2016 08:05:00,69,61.4285714285714
23-Feb-2016 08:20:00,42,61.4285714285714
23-Feb-2016 08:40:00,42,42.8888888888889
23-Feb-2016 08:45:00,42,42.8888888888889
23-Feb-2016 09:05:00,42,42.8888888888889
23-Feb-2016 09:20:00,38,42.8888888888889
23-Feb-2016 09:40:00,38,37
23-Feb-2016 10:05:00,38,37
23-Feb-2016 10:20:00,41,37
23-Feb-2016 10:40:00,41,40.8888888888889
23-Feb-2016 11:05:00,41,40.8888888888889
23-Feb-2016 11:20:00,49,40.8888888888889
23-Feb-2016 11:40:00,49,48.6
23-Feb-2016 12:05:00,49,48.6
23-Feb-2016 12:20:00,19,43.1428571428571
23-Feb-2016 12:40:00,19,31.3333333333333
23-Feb-2016 13:05:00,19,31.3333333333333
23-Feb-2016 13:20:00,56,31.3333333333333
23-Feb-2016 14:40:00,176,76.5
23-Feb-2016 21:45:00,126,126
23-Feb-2016 22:05:00,126,133.5
23-Feb-2016 22:25:00,113,133.5
23-Feb-2016 22:40:00,113,123.571428571429
23-Feb-2016 23:05:00,113,123.571428571429
23-Feb-2016 23:20:00,104,99.4285714285714
23-Feb-2016 23:40:00,104,103.5
24-Feb-2016 00:00:00,104,103.5
24-Feb-2016 00:25:00,102,103.5
24-Feb-2016 00:40:00,102,103.5
24-Feb-2016 01:05:00,102,103.5
24-Feb-2016 01:25:00,108,103.5
24-Feb-2016 01:40:00,108,95
24-Feb-2016 02:05:00,108,95
24-Feb-2016 04:25:00,249,249
24-Feb-2016 04:45:00,249,252.666666666667
24-Feb-2016 05:05:00,249,252.666666666667
24-Feb-2016 05:20:00,234,252.666666666667
24-Feb-2016 05:40:00,234,234
24-Feb-2016 06:00:00,234,234
24-Feb-2016 06:20:00,138,138
24-Feb-2016 06:40:00,138,149
24-Feb-2016 07:05:00,138,149
24-Feb-2016 07:25:00,171,149
24-Feb-2016 07:40:00,171,160.333333333333
24-Feb-2016 08:05:00,171,160.333333333333
24-Feb-2016 08:20:00,139,160.333333333333
24-Feb-2016 08:40:00,139,128.666666666667
24-Feb-2016 09:05:00,139,128.666666666667
24-Feb-2016 09:20:00,108,128.666666666667
24-Feb-2016 09:40:00,108,146.333333333333
24-Feb-2016 10:00:00,108,146.333333333333
24-Feb-2016 10:40:00,187,146.333333333333
24-Feb-2016 11:05:00,187,153.555555555556
24-Feb-2016 11:20:00,64,153.555555555556
24-Feb-2016 11:40:00,64,63.875
24-Feb-2016 12:05:00,64,63.875
24-Feb-2016 12:20:00,76,69.3333333333333
24-Feb-2016 12:40:00,76,76.2
24-Feb-2016 13:00:00,76,76.2
24-Feb-2016 13:20:00,81,76.2
24-Feb-2016 13:40:00,81,84.1111111111111
24-Feb-2016 14:05:00,81,84.1111111111111
24-Feb-2016 23:25:00,137,137
24-Feb-2016 23:45:00,137,135.909090909091
25-Feb-2016 00:05:00,137,135.909090909091
25-Feb-2016 00:20:00,139,135.909090909091
25-Feb-2016 00:40:00,139,135.909090909091
25-Feb-2016 01:05:00,139,135.909090909091
25-Feb-2016 01:25:00,129,135.909090909091
25-Feb-2016 01:40:00,129,123.714285714286
25-Feb-2016 02:05:00,129,123.714285714286
25-Feb-2016 02:20:00,137,123.714285714286
25-Feb-2016 02:40:00,137,135.909090909091
25-Feb-2016 03:05:00,137,135.909090909091
25-Feb-2016 03:20:00,134,135.909090909091
25-Feb-2016 03:40:00,134,135.909090909091
25-Feb-2016 04:20:00,133,135.909090909091
25-Feb-2016 04:45:00,133,153
25-Feb-2016 05:00:00,133,153
25-Feb-2016 05:20:00,92,127
25-Feb-2016 05:40:00,92,90
25-Feb-2016 06:00:00,92,90
25-Feb-2016 06:20:00,78,90
25-Feb-2016 06:40:00,78,77.375
25-Feb-2016 07:00:00,78,77.375
25-Feb-2016 07:20:00,71,77.375
25-Feb-2016 07:45:00,71,63.3333333333333
25-Feb-2016 08:00:00,71,63.3333333333333
25-Feb-2016 08:20:00,48,63.3333333333333
25-Feb-2016 08:40:00,48,60.5
25-Feb-2016 09:00:00,48,60.5
25-Feb-2016 09:20:00,62,60.5
25-Feb-2016 09:40:00,62,57.3333333333333
25-Feb-2016 10:00:00,62,57.3333333333333
25-Feb-2016 10:20:00,70,65.3333333333333
25-Feb-2016 10:40:00,70,72.2
25-Feb-2016 11:00:00,70,72.2
25-Feb-2016 11:25:00,80,72.2
25-Feb-2016 11:40:00,80,77.375
25-Feb-2016 12:00:00,80,77.375
25-Feb-2016 12:40:00,59,73
25-Feb-2016 13:00:00,59,58.375
25-Feb-2016 13:20:00,55,58.375
25-Feb-2016 13:40:00,55,76.5
25-Feb-2016 14:00:00,55,76.5
25-Feb-2016 14:25:00,80,76.5
25-Feb-2016 14:40:00,80,73
25-Feb-2016 15:05:00,80,73
25-Feb-2016 17:40:00,181,181
25-Feb-2016 18:05:00,181,161.5
25-Feb-2016 19:20:00,142,161.5
25-Feb-2016 20:20:00,129,129
25-Feb-2016 21:20:00,110,123.714285714286
25-Feb-2016 22:10:00,110,99.4285714285714
25-Feb-2016 22:20:00,103,99.4285714285714
25-Feb-2016 22:40:00,103,103.5
25-Feb-2016 23:00:00,103,103.5
25-Feb-2016 23:20:00,140,140
25-Feb-2016 23:40:00,140,136.166666666667
25-Feb-2016 23:55:00,140,136.166666666667
26-Feb-2016 00:20:00,161,136.166666666667
26-Feb-2016 00:45:00,161,160.6
26-Feb-2016 01:00:00,161,160.6
26-Feb-2016 01:25:00,153,160.6
26-Feb-2016 01:40:00,153,152
26-Feb-2016 02:00:00,153,152
26-Feb-2016 03:20:00,189,189
26-Feb-2016 03:40:00,189,194.5
26-Feb-2016 04:05:00,189,194.5
26-Feb-2016 04:25:00,137,180.833333333333
26-Feb-2016 04:40:00,137,127
26-Feb-2016 05:05:00,137,127
26-Feb-2016 05:20:00,110,127
26-Feb-2016 05:40:00,110,99.4285714285714
26-Feb-2016 06:05:00,110,99.4285714285714
26-Feb-2016 06:20:00,87,99.4285714285714
26-Feb-2016 06:40:00,87,83.8181818181818
26-Feb-2016 07:05:00,87,83.8181818181818
26-Feb-2016 07:25:00,74,80
26-Feb-2016 07:40:00,74,76.2
26-Feb-2016 08:05:00,74,76.2
26-Feb-2016 08:20:00,49,49
26-Feb-2016 08:40:00,49,43.1428571428571
26-Feb-2016 09:05:00,49,43.1428571428571
26-Feb-2016 09:20:00,52,43.1428571428571
26-Feb-2016 09:40:00,52,76.5
26-Feb-2016 10:00:00,52,76.5
26-Feb-2016 10:20:00,73,76.5
26-Feb-2016 10:40:00,73,73.6363636363636
26-Feb-2016 11:05:00,73,73.6363636363636
26-Feb-2016 11:20:00,87,87
26-Feb-2016 11:40:00,87,80
26-Feb-2016 12:40:00,79,80
26-Feb-2016 13:20:00,102,82.2222222222222
26-Feb-2016 13:40:00,102,100.4
26-Feb-2016 14:05:00,102,100.4
27-Feb-2016 08:20:00,92,100.4
27-Feb-2016 08:40:00,92,90
27-Feb-2016 09:05:00,92,90
27-Feb-2016 09:20:00,90,90
27-Feb-2016 09:40:00,90,88
27-Feb-2016 10:00:00,90,88
27-Feb-2016 10:20:00,86,88
27-Feb-2016 10:45:00,86,86
27-Feb-2016 11:05:00,86,86
27-Feb-2016 11:20:00,95,89.6666666666667
27-Feb-2016 11:40:00,95,97.1111111111111
27-Feb-2016 12:05:00,95,97.1111111111111
27-Feb-2016 12:20:00,83,89.5714285714286
27-Feb-2016 12:40:00,83,96.3333333333333
27-Feb-2016 13:00:00,83,96.3333333333333
27-Feb-2016 13:20:00,87,96.3333333333333
27-Feb-2016 13:45:00,87,89.6666666666667
27-Feb-2016 14:05:00,87,89.6666666666667
29-Feb-2016 04:25:00,204,127.5
29-Feb-2016 04:45:00,204,201.5
29-Feb-2016 04:55:00,204,201.5
29-Feb-2016 06:15:00,112,112
29-Feb-2016 07:45:00,72,99.4285714285714
29-Feb-2016 08:05:00,72,71.5
29-Feb-2016 08:25:00,64,71.5
29-Feb-2016 08:45:00,64,69.3333333333333
29-Feb-2016 09:05:00,64,69.3333333333333
29-Feb-2016 09:25:00,96,69.3333333333333
29-Feb-2016 09:35:00,96,142.75
01-Mar-2016 02:25:00,291,142.75
01-Mar-2016 02:45:00,291,286.5
01-Mar-2016 03:05:00,291,286.5
01-Mar-2016 03:25:00,263,286.5
01-Mar-2016 03:45:00,263,264
01-Mar-2016 04:05:00,263,264
01-Mar-2016 04:25:00,202,202
01-Mar-2016 04:45:00,202,202
01-Mar-2016 05:05:00,202,202
01-Mar-2016 05:25:00,138,178
01-Mar-2016 05:45:00,138,127
01-Mar-2016 06:05:00,138,127
01-Mar-2016 06:25:00,123,127
01-Mar-2016 06:45:00,123,120.571428571429
01-Mar-2016 07:25:00,93,111.666666666667
01-Mar-2016 09:05:00,120,100.428571428571
01-Mar-2016 09:25:00,98,111.555555555556
01-Mar-2016 09:45:00,98,102.777777777778
01-Mar-2016 10:05:00,98,102.777777777778
01-Mar-2016 10:25:00,121,102.777777777778
01-Mar-2016 10:45:00,121,111.666666666667
01-Mar-2016 11:05:00,121,111.666666666667
01-Mar-2016 11:25:00,177,163.5
01-Mar-2016 11:45:00,177,176.75
01-Mar-2016 12:05:00,177,176.75
01-Mar-2016 12:25:00,114,114
01-Mar-2016 12:45:00,114,115.8
01-Mar-2016 13:05:00,114,115.8
01-Mar-2016 13:20:00,125,115.8
01-Mar-2016 13:45:00,125,133.5
01-Mar-2016 14:05:00,125,133.5
01-Mar-2016 14:25:00,238,148.333333333333
01-Mar-2016 14:45:00,238,223
01-Mar-2016 15:05:00,238,223
01-Mar-2016 15:25:00,292,261.6
01-Mar-2016 15:45:00,292,286.5
01-Mar-2016 16:05:00,292,286.5
01-Mar-2016 16:25:00,279,286.5
01-Mar-2016 16:45:00,279,274
01-Mar-2016 17:05:00,279,274
01-Mar-2016 17:25:00,292,274
01-Mar-2016 17:45:00,292,286.5
01-Mar-2016 18:05:00,292,286.5
01-Mar-2016 18:25:00,254,276.5
01-Mar-2016 18:45:00,254,261.6
01-Mar-2016 19:05:00,254,261.6
01-Mar-2016 19:25:00,259,261.6
01-Mar-2016 19:45:00,259,236.625
01-Mar-2016 20:05:00,259,236.625
01-Mar-2016 20:25:00,203,236.625
01-Mar-2016 20:45:00,203,198
01-Mar-2016 21:05:00,203,198
01-Mar-2016 21:25:00,193,198
01-Mar-2016 21:45:00,193,180.833333333333
01-Mar-2016 22:05:00,193,180.833333333333
01-Mar-2016 22:25:00,182,180.833333333333
01-Mar-2016 22:45:00,182,177
01-Mar-2016 23:05:00,182,177
01-Mar-2016 23:25:00,180,177
01-Mar-2016 23:45:00,180,175.714285714286
02-Mar-2016 00:05:00,180,175.714285714286
02-Mar-2016 00:25:00,164,175.714285714286
02-Mar-2016 00:45:00,164,160.6
02-Mar-2016 01:05:00,164,160.6
02-Mar-2016 01:25:00,216,216
02-Mar-2016 01:45:00,216,215.333333333333
02-Mar-2016 02:05:00,216,215.333333333333
02-Mar-2016 02:25:00,560,341.333333333333
02-Mar-2016 02:45:00,560,450.555555555555
02-Mar-2016 02:50:00,560,450.555555555555
02-Mar-2016 03:25:00,301,450.555555555555
02-Mar-2016 03:45:00,301,309
02-Mar-2016 04:05:00,301,309
02-Mar-2016 04:25:00,218,218
02-Mar-2016 04:45:00,218,202
02-Mar-2016 05:05:00,218,202
02-Mar-2016 05:25:00,144,202
02-Mar-2016 05:45:00,144,146.125
02-Mar-2016 06:05:00,144,146.125
02-Mar-2016 06:25:00,113,112
02-Mar-2016 06:45:00,113,115.8
02-Mar-2016 07:05:00,113,115.8
02-Mar-2016 07:25:00,94,100.5
02-Mar-2016 07:45:00,94,100.428571428571
02-Mar-2016 08:05:00,94,100.428571428571
02-Mar-2016 08:25:00,90,100.428571428571
02-Mar-2016 08:45:00,90,88
02-Mar-2016 09:05:00,90,88
02-Mar-2016 09:25:00,78,88
02-Mar-2016 09:45:00,78,82.2222222222222
02-Mar-2016 10:05:00,78,82.2222222222222
02-Mar-2016 10:25:00,75,82.2222222222222
02-Mar-2016 10:45:00,75,82.3333333333333
02-Mar-2016 11:05:00,75,82.3333333333333
02-Mar-2016 11:25:00,87,82.3333333333333
02-Mar-2016 11:45:00,87,127.5
02-Mar-2016 12:05:00,87,127.5
02-Mar-2016 12:25:00,132,127.5
02-Mar-2016 12:45:00,132,129
02-Mar-2016 13:05:00,132,129
02-Mar-2016 13:25:00,124,129
02-Mar-2016 13:45:00,124,148.333333333333
02-Mar-2016 14:05:00,124,148.333333333333
03-Mar-2016 04:25:00,154,148.333333333333
03-Mar-2016 04:45:00,154,147.5
03-Mar-2016 05:05:00,154,147.5
03-Mar-2016 06:25:00,145,147.5
03-Mar-2016 07:25:00,111,112
03-Mar-2016 07:45:00,111,100.5
03-Mar-2016 08:05:00,111,100.5
03-Mar-2016 08:25:00,86,100.5
03-Mar-2016 08:45:00,86,80.3333333333333
03-Mar-2016 09:05:00,86,80.3333333333333
03-Mar-2016 09:25:00,75,80.3333333333333
03-Mar-2016 09:45:00,75,82.3333333333333
03-Mar-2016 10:05:00,75,82.3333333333333
03-Mar-2016 10:20:00,109,82.3333333333333
03-Mar-2016 10:45:00,109,109.625
03-Mar-2016 11:05:00,109,109.625
03-Mar-2016 11:25:00,110,109.625
03-Mar-2016 11:45:00,110,109.625
03-Mar-2016 12:05:00,110,109.625
03-Mar-2016 12:25:00,103,109.625
03-Mar-2016 12:45:00,103,100.4
03-Mar-2016 13:05:00,103,100.4
03-Mar-2016 13:25:00,134,134
03-Mar-2016 13:45:00,134,127
03-Mar-2016 14:05:00,134,127
03-Mar-2016 14:25:00,153,142.166666666667
03-Mar-2016 14:45:00,153,149.6
03-Mar-2016 15:05:00,153,149.6
03-Mar-2016 15:25:00,138,149.6
03-Mar-2016 15:45:00,138,142.166666666667
03-Mar-2016 16:25:00,143,142.166666666667
03-Mar-2016 16:45:00,143,138.875
03-Mar-2016 17:05:00,143,138.875
03-Mar-2016 17:25:00,130,138.875
03-Mar-2016 17:45:00,130,129
03-Mar-2016 18:05:00,130,129
03-Mar-2016 18:25:00,152,138
03-Mar-2016 18:45:00,152,149.6
03-Mar-2016 19:05:00,152,149.6
03-Mar-2016 19:25:00,174,159
03-Mar-2016 19:45:00,174,169
03-Mar-2016 20:05:00,174,169
03-Mar-2016 20:25:00,163,169
03-Mar-2016 20:45:00,163,171.777777777778
03-Mar-2016 21:05:00,163,171.777777777778
03-Mar-2016 21:25:00,201,171.777777777778
03-Mar-2016 21:45:00,201,178
03-Mar-2016 22:05:00,201,178
03-Mar-2016 22:25:00,125,178
03-Mar-2016 22:45:00,125,148.333333333333
03-Mar-2016 23:05:00,125,148.333333333333
03-Mar-2016 23:25:00,92,96
03-Mar-2016 23:45:00,92,90
04-Mar-2016 00:05:00,92,90
04-Mar-2016 00:25:00,141,107.666666666667
04-Mar-2016 00:45:00,141,138.875
04-Mar-2016 01:05:00,141,138.875
04-Mar-2016 01:25:00,131,138.875
04-Mar-2016 01:45:00,131,138
04-Mar-2016 02:05:00,131,138
04-Mar-2016 02:25:00,221,171.2
04-Mar-2016 02:45:00,221,202
04-Mar-2016 02:55:00,221,202
04-Mar-2016 03:45:00,160,202
04-Mar-2016 04:05:00,160,142.625
04-Mar-2016 04:25:00,101,142.625
04-Mar-2016 04:45:00,101,102.2
04-Mar-2016 05:05:00,101,102.2
04-Mar-2016 05:15:00,107,102.2
04-Mar-2016 07:55:00,102,108.444444444444
04-Mar-2016 09:05:00,64,64
04-Mar-2016 09:25:00,52,69.3333333333333
04-Mar-2016 09:45:00,52,54.375
04-Mar-2016 10:05:00,52,54.375
04-Mar-2016 10:25:00,47,54.375
04-Mar-2016 10:45:00,47,45.9166666666667
04-Mar-2016 11:05:00,47,45.9166666666667
04-Mar-2016 11:25:00,44,45.9166666666667
04-Mar-2016 11:45:00,44,42.4
04-Mar-2016 12:05:00,44,42.4
04-Mar-2016 12:25:00,40,42.4
04-Mar-2016 12:45:00,40,68.25
04-Mar-2016 13:05:00,40,68.25
04-Mar-2016 13:25:00,79,68.25
04-Mar-2016 13:45:00,79,82.2222222222222
04-Mar-2016 14:05:00,79,82.2222222222222
04-Mar-2016 14:25:00,91,82.2222222222222
04-Mar-2016 14:45:00,91,107.666666666667
04-Mar-2016 15:05:00,91,107.666666666667
04-Mar-2016 15:25:00,139,139
04-Mar-2016 15:45:00,139,142.166666666667
04-Mar-2016 16:05:00,139,142.166666666667
04-Mar-2016 16:25:00,141,142.166666666667
04-Mar-2016 16:45:00,141,138.875
04-Mar-2016 17:05:00,141,138.875
04-Mar-2016 17:25:00,41,41
04-Mar-2016 17:45:00,41,40.8888888888889
04-Mar-2016 18:05:00,41,40.8888888888889
04-Mar-2016 18:25:00,36,40.8888888888889
04-Mar-2016 18:45:00,36,40
04-Mar-2016 19:05:00,36,40
04-Mar-2016 19:25:00,51,51
04-Mar-2016 19:45:00,51,53
04-Mar-2016 20:05:00,51,53
04-Mar-2016 20:25:00,53,53
04-Mar-2016 20:45:00,53,54.375
04-Mar-2016 21:05:00,53,54.375
04-Mar-2016 21:25:00,70,54.375
04-Mar-2016 21:45:00,70,72.2
04-Mar-2016 22:05:00,70,72.2
04-Mar-2016 22:25:00,72,72.2
04-Mar-2016 22:45:00,72,71.5
04-Mar-2016 23:05:00,72,71.5
04-Mar-2016 23:35:00,79,71.5
04-Mar-2016 23:45:00,79,82.2222222222222
05-Mar-2016 00:05:00,79,82.2222222222222
05-Mar-2016 00:25:00,127,114.5
05-Mar-2016 00:45:00,127,96
05-Mar-2016 01:05:00,127,96
05-Mar-2016 01:25:00,38,96
05-Mar-2016 01:45:00,38,37
05-Mar-2016 02:05:00,38,37
05-Mar-2016 02:25:00,85,85
05-Mar-2016 02:45:00,85,80.3333333333333
05-Mar-2016 03:05:00,85,80.3333333333333
05-Mar-2016 03:25:00,72,80.3333333333333
05-Mar-2016 03:45:00,72,71.5
05-Mar-2016 04:05:00,72,71.5
05-Mar-2016 04:25:00,68,71.5
05-Mar-2016 04:45:00,68,61.4285714285714
05-Mar-2016 05:05:00,68,61.4285714285714
05-Mar-2016 05:25:00,63,61.4285714285714
05-Mar-2016 05:45:00,63,65.3333333333333
05-Mar-2016 06:05:00,63,65.3333333333333
05-Mar-2016 06:25:00,44,56
05-Mar-2016 06:45:00,44,42.4
05-Mar-2016 07:05:00,44,42.4
05-Mar-2016 07:25:00,54,47.3333333333333
05-Mar-2016 07:45:00,54,54.375
05-Mar-2016 08:05:00,54,54.375
05-Mar-2016 08:25:00,6,6
05-Mar-2016 08:45:00,6,11.3333333333333
05-Mar-2016 09:05:00,6,11.3333333333333
05-Mar-2016 09:25:00,27,11.3333333333333
05-Mar-2016 09:45:00,27,27
05-Mar-2016 10:15:00,27,27
05-Mar-2016 10:25:00,27,27
05-Mar-2016 10:45:00,27,27
05-Mar-2016 11:05:00,27,27
05-Mar-2016 11:25:00,43,30.3333333333333
05-Mar-2016 11:45:00,43,48.3333333333333
05-Mar-2016 12:05:00,43,48.3333333333333
05-Mar-2016 12:25:00,31,37
05-Mar-2016 12:45:00,31,32.8695652173913
05-Mar-2016 12:55:00,31,32.8695652173913
05-Mar-2016 13:25:00,72,72
05-Mar-2016 13:45:00,72,71.5
05-Mar-2016 14:05:00,72,71.5
05-Mar-2016 14:25:00,50,50
05-Mar-2016 14:45:00,50,46.25
05-Mar-2016 15:05:00,50,46.25
05-Mar-2016 15:25:00,29,46.25
05-Mar-2016 15:45:00,29,29.6842105263158
05-Mar-2016 16:05:00,29,29.6842105263158
05-Mar-2016 16:20:00,36,29.6842105263158
05-Mar-2016 16:45:00,36,35.5
05-Mar-2016 17:05:00,36,35.5
05-Mar-2016 17:25:00,29,35.5
05-Mar-2016 17:45:00,29,29.6842105263158
05-Mar-2016 18:05:00,29,29.6842105263158
05-Mar-2016 18:25:00,29,29.6842105263158
05-Mar-2016 18:45:00,29,29.6842105263158
05-Mar-2016 19:05:00,29,29.6842105263158
05-Mar-2016 19:25:00,48,34.3333333333333
05-Mar-2016 19:45:00,48,45.9166666666667
05-Mar-2016 20:05:00,48,45.9166666666667
05-Mar-2016 20:10:00,48,45.9166666666667
05-Mar-2016 20:45:00,35,45.9166666666667
05-Mar-2016 21:05:00,35,34.0769230769231
05-Mar-2016 21:25:00,33,34.0769230769231
05-Mar-2016 21:45:00,33,34.0769230769231
05-Mar-2016 22:05:00,33,34.0769230769231
05-Mar-2016 22:25:00,34,34.0769230769231
05-Mar-2016 22:45:00,34,34.0769230769231
05-Mar-2016 23:05:00,34,34.0769230769231
05-Mar-2016 23:25:00,35,34.0769230769231
05-Mar-2016 23:45:00,35,34.0769230769231
06-Mar-2016 00:05:00,35,34.0769230769231
06-Mar-2016 00:25:00,36,34.0769230769231
06-Mar-2016 00:45:00,36,35.5
06-Mar-2016 01:05:00,36,35.5
06-Mar-2016 01:25:00,39,35.5
06-Mar-2016 01:45:00,39,41.7777777777778
06-Mar-2016 02:05:00,39,41.7777777777778
06-Mar-2016 03:25:00,26,41.7777777777778
06-Mar-2016 03:45:00,26,37.6666666666667
06-Mar-2016 04:05:00,26,37.6666666666667
06-Mar-2016 04:25:00,57,37.6666666666667
06-Mar-2016 04:45:00,57,49
06-Mar-2016 05:00:00,57,49
06-Mar-2016 05:25:00,29,49
06-Mar-2016 05:45:00,29,34.3333333333333
06-Mar-2016 05:55:00,29,34.3333333333333
06-Mar-2016 08:05:00,40,34.3333333333333
06-Mar-2016 08:45:00,43,41.3333333333333
06-Mar-2016 09:00:00,43,37
06-Mar-2016 10:05:00,187,187
06-Mar-2016 10:25:00,48,153.555555555556
06-Mar-2016 10:45:00,48,45.9166666666667
06-Mar-2016 11:05:00,48,45.9166666666667
06-Mar-2016 11:25:00,44,45.9166666666667
06-Mar-2016 11:45:00,44,47.3333333333333
06-Mar-2016 12:05:00,44,47.3333333333333
06-Mar-2016 12:25:00,64,61.5
06-Mar-2016 12:45:00,64,69.3333333333333
06-Mar-2016 13:05:00,64,69.3333333333333
06-Mar-2016 13:25:00,77,69.3333333333333
06-Mar-2016 13:45:00,77,73
06-Mar-2016 14:05:00,77,73
06-Mar-2016 14:20:00,67,73
06-Mar-2016 14:50:00,67,69.3333333333333
06-Mar-2016 15:25:00,59,54
06-Mar-2016 15:30:00,59,58.375
06-Mar-2016 15:50:00,59,58.375
06-Mar-2016 17:00:00,45,52
06-Mar-2016 17:25:00,59,61.5
06-Mar-2016 17:40:00,59,52
06-Mar-2016 18:45:00,68,62
06-Mar-2016 19:05:00,68,79
06-Mar-2016 19:25:00,90,79
06-Mar-2016 19:35:00,90,88
06-Mar-2016 19:50:00,90,88
06-Mar-2016 20:25:00,84,88
06-Mar-2016 20:45:00,84,74
06-Mar-2016 21:00:00,84,74
06-Mar-2016 21:20:00,53,74
06-Mar-2016 21:45:00,53,49
06-Mar-2016 22:05:00,53,49
06-Mar-2016 22:15:00,50,49
06-Mar-2016 22:45:00,50,46.25
06-Mar-2016 22:50:00,50,46.25
06-Mar-2016 23:45:00,65,65
07-Mar-2016 00:05:00,65,61.4
07-Mar-2016 00:15:00,61,61.4
07-Mar-2016 01:05:00,61,76.5
07-Mar-2016 01:25:00,72,76.5
07-Mar-2016 01:40:00,72,73.8333333333333
07-Mar-2016 02:05:00,72,73.8333333333333
07-Mar-2016 02:25:00,83,73.8333333333333
07-Mar-2016 02:45:00,83,96.3333333333333
07-Mar-2016 02:50:00,83,96.3333333333333
07-Mar-2016 04:25:00,159,96.3333333333333
07-Mar-2016 04:45:00,159,142.625
07-Mar-2016 05:05:00,159,142.625
07-Mar-2016 05:25:00,120,142.625
07-Mar-2016 05:45:00,120,111.555555555556
07-Mar-2016 06:05:00,120,111.555555555556
07-Mar-2016 06:25:00,94,111.555555555556
07-Mar-2016 06:45:00,94,87
07-Mar-2016 07:05:00,94,87
07-Mar-2016 07:25:00,75,87
07-Mar-2016 07:45:00,75,82.3333333333333
07-Mar-2016 08:05:00,75,82.3333333333333
07-Mar-2016 08:25:00,95,82.3333333333333
07-Mar-2016 08:45:00,95,89.5714285714286
07-Mar-2016 09:05:00,95,89.5714285714286
07-Mar-2016 09:25:00,75,89.5714285714286
07-Mar-2016 09:45:00,75,75.3333333333333
07-Mar-2016 10:05:00,75,75.3333333333333
07-Mar-2016 10:25:00,76,75.3333333333333
07-Mar-2016 10:45:00,76,73
07-Mar-2016 11:05:00,76,73
07-Mar-2016 11:25:00,62,73
07-Mar-2016 11:45:00,62,56
07-Mar-2016 12:05:00,62,56
07-Mar-2016 12:25:00,63,61
07-Mar-2016 12:45:00,63,66.8
07-Mar-2016 13:20:00,76,66.8
07-Mar-2016 13:35:00,76,73
07-Mar-2016 19:55:00,123,92.3333333333333
08-Mar-2016 02:05:00,150,163.5
08-Mar-2016 02:25:00,148,148.444444444444
08-Mar-2016 02:35:00,148,147
08-Mar-2016 06:00:00,49,49
08-Mar-2016 06:25:00,42,43.1428571428571
08-Mar-2016 06:45:00,42,42.8888888888889
08-Mar-2016 07:05:00,42,42.8888888888889
08-Mar-2016 07:25:00,18,35.6666666666667
08-Mar-2016 07:45:00,18,18.8888888888889
08-Mar-2016 08:05:00,18,18.8888888888889
08-Mar-2016 08:25:00,15,18.8888888888889
08-Mar-2016 08:45:00,15,18.8888888888889
08-Mar-2016 09:05:00,15,18.8888888888889
08-Mar-2016 09:25:00,44,18.8888888888889
08-Mar-2016 10:25:00,15,31.1666666666667
08-Mar-2016 10:45:00,15,18.8888888888889
08-Mar-2016 11:05:00,15,18.8888888888889
08-Mar-2016 11:10:00,15,18.8888888888889
08-Mar-2016 11:30:00,133,80.5
08-Mar-2016 16:05:00,79,126.666666666667
08-Mar-2016 16:20:00,102,114.5
08-Mar-2016 17:05:00,102,105.666666666667
08-Mar-2016 17:25:00,106,105.666666666667
08-Mar-2016 17:30:00,106,108.444444444444
08-Mar-2016 17:55:00,106,108.444444444444
08-Mar-2016 19:05:00,130,108.444444444444
08-Mar-2016 19:15:00,182,171.2
08-Mar-2016 20:25:00,150,177
08-Mar-2016 20:45:00,150,148.444444444444
08-Mar-2016 21:05:00,150,148.444444444444
08-Mar-2016 23:25:00,187,187
08-Mar-2016 23:30:00,187,189.777777777778
09-Mar-2016 01:00:00,230,189.777777777778
09-Mar-2016 01:20:00,312,270.5
09-Mar-2016 01:25:00,312,327
09-Mar-2016 01:45:00,312,327
09-Mar-2016 02:05:00,312,327
09-Mar-2016 02:25:00,355,327
09-Mar-2016 05:45:00,67,238.333333333333
09-Mar-2016 07:25:00,46,54
09-Mar-2016 07:45:00,46,31.1666666666667
09-Mar-2016 08:35:00,23,31.1666666666667
09-Mar-2016 10:55:00,28,80.5
09-Mar-2016 12:05:00,40,34.8571428571429
09-Mar-2016 12:25:00,40,41.3333333333333
09-Mar-2016 12:45:00,40,41.3333333333333
09-Mar-2016 13:05:00,40,41.3333333333333
09-Mar-2016 13:25:00,51,41.3333333333333
09-Mar-2016 13:45:00,51,49.1666666666667
09-Mar-2016 14:05:00,51,49.1666666666667
09-Mar-2016 14:25:00,47,49.1666666666667
09-Mar-2016 14:45:00,47,45.9166666666667
09-Mar-2016 15:05:00,47,45.9166666666667
09-Mar-2016 15:20:00,149,149
09-Mar-2016 15:25:00,149,144.666666666667
09-Mar-2016 15:45:00,149,144.666666666667
09-Mar-2016 16:05:00,149,144.666666666667
09-Mar-2016 16:25:00,146,144.666666666667
09-Mar-2016 16:45:00,146,141.833333333333
09-Mar-2016 17:05:00,146,141.833333333333
09-Mar-2016 17:25:00,136,141.833333333333
09-Mar-2016 17:45:00,136,126.666666666667
09-Mar-2016 18:05:00,136,126.666666666667
09-Mar-2016 18:20:00,141,126.666666666667
09-Mar-2016 18:25:00,141,141.833333333333
09-Mar-2016 18:45:00,141,141.833333333333
09-Mar-2016 19:05:00,141,141.833333333333
09-Mar-2016 19:25:00,175,159.5
09-Mar-2016 19:45:00,175,169
09-Mar-2016 20:05:00,175,169
09-Mar-2016 20:25:00,153,169
09-Mar-2016 20:45:00,153,159
09-Mar-2016 21:05:00,153,159
09-Mar-2016 21:25:00,187,159
09-Mar-2016 21:45:00,187,189.777777777778
09-Mar-2016 22:05:00,187,189.777777777778
09-Mar-2016 22:25:00,205,189.777777777778
09-Mar-2016 22:45:00,205,222.625
09-Mar-2016 23:05:00,205,222.625
09-Mar-2016 23:25:00,190,222.625
09-Mar-2016 23:45:00,190,180.833333333333
10-Mar-2016 00:05:00,190,180.833333333333
10-Mar-2016 00:25:00,269,269
10-Mar-2016 00:45:00,269,264.125
10-Mar-2016 01:05:00,269,264.125
10-Mar-2016 01:25:00,413,341
10-Mar-2016 01:35:00,413,405.625
10-Mar-2016 01:45:00,413,405.625
10-Mar-2016 02:05:00,413,405.625
10-Mar-2016 02:25:00,365,405.625
10-Mar-2016 02:35:00,365,352.875
10-Mar-2016 02:45:00,365,352.875
10-Mar-2016 03:05:00,365,352.875
10-Mar-2016 03:25:00,313,352.875
10-Mar-2016 03:35:00,313,313
10-Mar-2016 03:45:00,313,313
10-Mar-2016 04:05:00,313,313
10-Mar-2016 04:25:00,144,247
10-Mar-2016 04:55:00,144,159.5
10-Mar-2016 06:05:00,79,79
10-Mar-2016 06:25:00,72,72.5
10-Mar-2016 06:45:00,72,73.8333333333333
10-Mar-2016 07:05:00,72,73.8333333333333
10-Mar-2016 07:10:00,72,73.8333333333333
10-Mar-2016 07:25:00,53,65.6666666666667
10-Mar-2016 07:45:00,53,49
10-Mar-2016 08:05:00,53,49
10-Mar-2016 08:25:00,36,49
10-Mar-2016 08:45:00,36,35.5
10-Mar-2016 09:05:00,36,35.5
10-Mar-2016 09:25:00,113,113
10-Mar-2016 09:45:00,113,109.625
10-Mar-2016 10:05:00,113,109.625
10-Mar-2016 10:25:00,33,33
10-Mar-2016 10:45:00,33,34.0769230769231
10-Mar-2016 11:05:00,33,34.0769230769231
10-Mar-2016 11:25:00,63,63
10-Mar-2016 11:45:00,63,66.8
10-Mar-2016 12:05:00,63,66.8
10-Mar-2016 12:25:00,69,66.8
10-Mar-2016 12:45:00,69,69.875
10-Mar-2016 13:05:00,69,69.875
10-Mar-2016 13:25:00,59,69.875
10-Mar-2016 13:45:00,59,62
10-Mar-2016 14:05:00,59,62
10-Mar-2016 14:25:00,82,67
10-Mar-2016 14:45:00,82,88.3333333333333
10-Mar-2016 15:05:00,82,88.3333333333333
10-Mar-2016 15:25:00,101,88.3333333333333
10-Mar-2016 15:45:00,101,102.2
10-Mar-2016 16:05:00,101,102.2
10-Mar-2016 16:25:00,130,130
10-Mar-2016 16:45:00,130,171.2
10-Mar-2016 17:05:00,130,171.2
10-Mar-2016 17:25:00,193,171.2
10-Mar-2016 17:45:00,193,191.111111111111
10-Mar-2016 18:25:00,187,191.111111111111
10-Mar-2016 18:35:00,187,189.777777777778
10-Mar-2016 18:55:00,187,189.777777777778
10-Mar-2016 19:15:00,204,189.777777777778
10-Mar-2016 19:35:00,204,198
10-Mar-2016 19:45:00,204,198
10-Mar-2016 20:05:00,204,198
10-Mar-2016 20:25:00,177,198
10-Mar-2016 20:45:00,177,175.714285714286
10-Mar-2016 21:05:00,177,175.714285714286
10-Mar-2016 21:25:00,175,175.714285714286
10-Mar-2016 21:55:00,175,173.8
10-Mar-2016 22:05:00,175,173.8
10-Mar-2016 22:35:00,169,173.8
10-Mar-2016 22:45:00,169,168.1
10-Mar-2016 23:15:00,168,168.1
10-Mar-2016 23:25:00,168,168.1
10-Mar-2016 23:45:00,168,168.1
11-Mar-2016 00:05:00,168,168.1
11-Mar-2016 00:25:00,168,168.1
11-Mar-2016 00:45:00,168,168.1
11-Mar-2016 01:15:00,168,168.1
11-Mar-2016 01:25:00,168,168.1
11-Mar-2016 01:45:00,168,168.1
11-Mar-2016 02:15:00,222,177.625
11-Mar-2016 02:25:00,222,221.4
11-Mar-2016 02:45:00,222,221.4
11-Mar-2016 03:05:00,222,221.4
11-Mar-2016 03:55:00,186,186
11-Mar-2016 04:15:00,134,189.777777777778
11-Mar-2016 04:35:00,134,126.666666666667
11-Mar-2016 04:55:00,134,126.666666666667
11-Mar-2016 05:15:00,90,90
11-Mar-2016 05:35:00,90,88
11-Mar-2016 05:55:00,90,88
11-Mar-2016 06:15:00,66,81.3333333333333
11-Mar-2016 06:35:00,66,54
11-Mar-2016 06:55:00,66,54
11-Mar-2016 07:15:00,33,54
11-Mar-2016 07:35:00,33,31.2
11-Mar-2016 07:55:00,33,31.2
11-Mar-2016 08:15:00,30,31.2
11-Mar-2016 08:35:00,30,31.2
11-Mar-2016 08:55:00,30,31.2
11-Mar-2016 09:25:00,50,38.7777777777778
11-Mar-2016 09:35:00,50,53.8
11-Mar-2016 09:55:00,50,53.8
11-Mar-2016 10:15:00,69,53.8
11-Mar-2016 10:35:00,69,69.875
11-Mar-2016 10:55:00,69,69.875
11-Mar-2016 11:15:00,86,69.875
11-Mar-2016 11:35:00,86,80.3333333333333
11-Mar-2016 11:55:00,86,80.3333333333333
11-Mar-2016 12:15:00,62,80.3333333333333
11-Mar-2016 12:35:00,62,61
11-Mar-2016 12:55:00,62,61
11-Mar-2016 13:15:00,55,61
11-Mar-2016 13:35:00,55,69
11-Mar-2016 13:55:00,55,69
11-Mar-2016 14:15:00,97,69
11-Mar-2016 14:35:00,97,89.875
11-Mar-2016 14:55:00,97,89.875
11-Mar-2016 15:15:00,81,89.875
11-Mar-2016 15:35:00,81,81.875
11-Mar-2016 15:55:00,81,81.875
11-Mar-2016 16:15:00,86,81.875
11-Mar-2016 16:35:00,86,93
11-Mar-2016 16:55:00,86,93
11-Mar-2016 17:15:00,94,93
11-Mar-2016 17:35:00,94,87
11-Mar-2016 17:55:00,94,87
11-Mar-2016 18:15:00,71,87
11-Mar-2016 18:35:00,71,72.5714285714286
11-Mar-2016 18:55:00,71,72.5714285714286
11-Mar-2016 19:15:00,77,72.5714285714286
11-Mar-2016 19:35:00,77,92.3333333333333
11-Mar-2016 19:55:00,77,92.3333333333333
11-Mar-2016 20:55:00,37,64
11-Mar-2016 21:15:00,36,37.3333333333333
11-Mar-2016 21:35:00,36,35.8
11-Mar-2016 21:55:00,36,35.8
11-Mar-2016 22:15:00,35,35.8
11-Mar-2016 22:35:00,35,38.7777777777778
11-Mar-2016 22:55:00,35,38.7777777777778
11-Mar-2016 23:15:00,56,38.7777777777778
11-Mar-2016 23:35:00,56,58.8333333333333
11-Mar-2016 23:55:00,56,58.8333333333333
12-Mar-2016 00:15:00,62,58.8333333333333
12-Mar-2016 00:35:00,62,61
12-Mar-2016 00:55:00,62,61
12-Mar-2016 01:15:00,39,54.3333333333333
12-Mar-2016 01:35:00,39,41.7777777777778
12-Mar-2016 01:55:00,39,41.7777777777778
12-Mar-2016 02:15:00,71,41.7777777777778
12-Mar-2016 02:35:00,71,72.5714285714286
12-Mar-2016 02:55:00,71,72.5714285714286
12-Mar-2016 03:15:00,76,72.5714285714286
12-Mar-2016 03:35:00,76,64
12-Mar-2016 03:55:00,76,64
12-Mar-2016 04:15:00,54,64
12-Mar-2016 04:35:00,54,58.8333333333333
12-Mar-2016 04:55:00,54,58.8333333333333
12-Mar-2016 05:15:00,71,58.8333333333333
12-Mar-2016 05:55:00,71,72.5714285714286
12-Mar-2016 06:15:00,36,62
12-Mar-2016 06:35:00,36,35.8
12-Mar-2016 06:55:00,36,35.8
12-Mar-2016 07:15:00,16,31.4
12-Mar-2016 07:35:00,16,15.0714285714286
12-Mar-2016 07:55:00,16,15.0714285714286
12-Mar-2016 08:15:00,13,15.0714285714286
12-Mar-2016 08:35:00,13,17
12-Mar-2016 08:55:00,13,17
12-Mar-2016 09:15:00,24,17
12-Mar-2016 09:35:00,24,25
12-Mar-2016 09:55:00,24,25
12-Mar-2016 10:15:00,32,25
12-Mar-2016 10:35:00,32,38.7777777777778
12-Mar-2016 10:55:00,32,38.7777777777778
12-Mar-2016 11:15:00,47,38.7777777777778
12-Mar-2016 11:35:00,47,43.5
12-Mar-2016 11:55:00,47,43.5
12-Mar-2016 12:15:00,31,43.5
12-Mar-2016 12:35:00,31,38.7777777777778
12-Mar-2016 12:55:00,31,38.7777777777778
12-Mar-2016 13:15:00,55,55
12-Mar-2016 13:35:00,55,51.75
12-Mar-2016 13:55:00,55,51.75
12-Mar-2016 14:15:00,42,51.75
12-Mar-2016 14:35:00,42,35.6666666666667
12-Mar-2016 14:55:00,42,35.6666666666667
12-Mar-2016 15:15:00,28,35.6666666666667
12-Mar-2016 15:35:00,28,29.375
12-Mar-2016 15:55:00,28,29.375
12-Mar-2016 16:15:00,30,29.375
12-Mar-2016 16:35:00,30,30.6
12-Mar-2016 16:55:00,30,30.6
12-Mar-2016 17:15:00,31,30.6
12-Mar-2016 17:35:00,31,30.6
12-Mar-2016 17:55:00,31,30.6
12-Mar-2016 18:15:00,51,51
12-Mar-2016 18:35:00,51,49.1666666666667
12-Mar-2016 18:55:00,51,49.1666666666667
12-Mar-2016 19:15:00,44,49.1666666666667
12-Mar-2016 19:35:00,44,31.1666666666667
12-Mar-2016 19:55:00,44,31.1666666666667
12-Mar-2016 20:15:00,15,31.1666666666667
12-Mar-2016 20:35:00,15,15.0714285714286
12-Mar-2016 20:55:00,15,15.0714285714286
12-Mar-2016 21:15:00,12,15.0714285714286
12-Mar-2016 21:35:00,12,13.8
12-Mar-2016 21:55:00,12,13.8
12-Mar-2016 22:15:00,16,13.8
12-Mar-2016 22:35:00,16,15.0714285714286
12-Mar-2016 22:55:00,16,15.0714285714286
12-Mar-2016 23:15:00,16,15.0714285714286
12-Mar-2016 23:35:00,16,15.0714285714286
12-Mar-2016 23:55:00,16,15.0714285714286
13-Mar-2016 00:15:00,14,15.0714285714286
13-Mar-2016 00:35:00,14,17
13-Mar-2016 00:55:00,14,17
13-Mar-2016 01:15:00,24,17
13-Mar-2016 01:35:00,24,25
13-Mar-2016 01:55:00,24,25
13-Mar-2016 02:15:00,36,25
13-Mar-2016 02:35:00,36,31.4
13-Mar-2016 02:55:00,36,31.4
13-Mar-2016 03:15:00,33,31.4
13-Mar-2016 03:35:00,33,33.1428571428571
13-Mar-2016 03:55:00,33,33.1428571428571
13-Mar-2016 04:15:00,31,33.1428571428571
13-Mar-2016 04:35:00,31,33.1428571428571
13-Mar-2016 04:55:00,31,33.1428571428571
13-Mar-2016 05:15:00,37,33.1428571428571
13-Mar-2016 05:35:00,37,37.3333333333333
13-Mar-2016 05:55:00,37,37.3333333333333
13-Mar-2016 06:15:00,42,37.3333333333333
13-Mar-2016 06:35:00,42,35.6666666666667
13-Mar-2016 06:55:00,42,35.6666666666667
13-Mar-2016 07:15:00,7,7
13-Mar-2016 07:35:00,7,11.3333333333333
13-Mar-2016 07:55:00,7,11.3333333333333
13-Mar-2016 08:15:00,15,11.3333333333333
13-Mar-2016 08:35:00,15,15.0714285714286
13-Mar-2016 08:55:00,15,15.0714285714286
13-Mar-2016 09:15:00,34,34
13-Mar-2016 09:35:00,34,33.1428571428571
13-Mar-2016 09:55:00,34,33.1428571428571
13-Mar-2016 10:15:00,26,33.1428571428571
13-Mar-2016 10:35:00,26,37.6666666666667
13-Mar-2016 10:55:00,26,37.6666666666667
13-Mar-2016 11:15:00,55,37.6666666666667
13-Mar-2016 11:35:00,55,51.75
13-Mar-2016 11:55:00,55,51.75
13-Mar-2016 12:15:00,46,51.75
13-Mar-2016 12:35:00,46,46.75
13-Mar-2016 12:55:00,46,46.75
13-Mar-2016 13:15:00,45,46.75
13-Mar-2016 13:35:00,45,46.75
13-Mar-2016 13:55:00,45,46.75
13-Mar-2016 14:15:00,57,46.75
13-Mar-2016 14:35:00,57,57.25
13-Mar-2016 14:55:00,57,57.25
13-Mar-2016 15:05:00,57,57.25
14-Mar-2016 08:15:00,58,57.25
14-Mar-2016 08:35:00,58,53.8
14-Mar-2016 08:55:00,58,53.8
14-Mar-2016 09:15:00,37,53.8
14-Mar-2016 09:35:00,37,37.3333333333333
14-Mar-2016 09:55:00,37,37.3333333333333
14-Mar-2016 10:15:00,18,30.6666666666667
14-Mar-2016 10:35:00,18,25
14-Mar-2016 10:55:00,18,25
14-Mar-2016 11:15:00,39,28.5
14-Mar-2016 11:35:00,39,41.7777777777778
14-Mar-2016 11:55:00,39,41.7777777777778
14-Mar-2016 12:15:00,45,41.7777777777778
14-Mar-2016 12:35:00,45,46.75
14-Mar-2016 12:55:00,45,46.75
14-Mar-2016 13:35:00,36,42
14-Mar-2016 13:55:00,36,31.4
14-Mar-2016 14:35:00,77,77
14-Mar-2016 14:55:00,77,64
14-Mar-2016 15:35:00,121,121
14-Mar-2016 15:55:00,121,121.555555555556
14-Mar-2016 16:15:00,121,121.555555555556
14-Mar-2016 16:35:00,125,121.555555555556
14-Mar-2016 16:55:00,125,121.571428571429
14-Mar-2016 17:15:00,125,121.571428571429
14-Mar-2016 17:35:00,137,121.571428571429
14-Mar-2016 17:55:00,137,141.625
14-Mar-2016 18:15:00,137,141.625
14-Mar-2016 18:35:00,148,141.625
14-Mar-2016 18:55:00,148,144.666666666667
14-Mar-2016 20:15:00,130,144.666666666667
14-Mar-2016 20:35:00,130,124.333333333333
14-Mar-2016 20:55:00,130,124.333333333333
14-Mar-2016 21:15:00,107,124.333333333333
14-Mar-2016 21:35:00,107,108.444444444444
14-Mar-2016 21:55:00,107,108.444444444444
14-Mar-2016 22:15:00,104,108.444444444444
14-Mar-2016 22:35:00,104,97
14-Mar-2016 22:55:00,104,97
14-Mar-2016 23:15:00,100,97
14-Mar-2016 23:35:00,100,97.6
14-Mar-2016 23:55:00,100,97.6
15-Mar-2016 00:15:00,86,97.6
15-Mar-2016 00:35:00,86,93
15-Mar-2016 00:55:00,86,93
15-Mar-2016 01:15:00,120,93
15-Mar-2016 01:35:00,120,111.555555555556
15-Mar-2016 01:55:00,120,111.555555555556
15-Mar-2016 02:15:00,184,134.5
15-Mar-2016 02:25:00,184,177
15-Mar-2016 02:55:00,184,177
15-Mar-2016 03:15:00,126,129.25
15-Mar-2016 03:35:00,126,121.571428571429
15-Mar-2016 03:55:00,126,121.571428571429
15-Mar-2016 04:15:00,85,121.571428571429
15-Mar-2016 04:35:00,85,85.2727272727273
15-Mar-2016 04:55:00,85,85.2727272727273
15-Mar-2016 05:15:00,89,85.2727272727273
15-Mar-2016 05:35:00,89,81.3333333333333
15-Mar-2016 05:55:00,89,81.3333333333333
15-Mar-2016 06:15:00,115,115
15-Mar-2016 06:35:00,115,86.3333333333333
15-Mar-2016 06:55:00,115,86.3333333333333
15-Mar-2016 07:15:00,29,86.3333333333333
15-Mar-2016 07:35:00,29,34.3333333333333
15-Mar-2016 07:55:00,29,34.3333333333333
15-Mar-2016 08:15:00,47,34.3333333333333
15-Mar-2016 08:35:00,47,43.5
15-Mar-2016 08:55:00,47,43.5
15-Mar-2016 09:15:00,42,43.5
15-Mar-2016 09:35:00,42,52.6666666666667
15-Mar-2016 09:40:00,42,52.6666666666667
16-Mar-2016 07:15:00,74,52.6666666666667
16-Mar-2016 07:35:00,74,84.6666666666667
16-Mar-2016 07:55:00,74,84.6666666666667
16-Mar-2016 08:15:00,107,84.6666666666667
16-Mar-2016 08:35:00,107,108.444444444444
16-Mar-2016 08:55:00,107,108.444444444444
16-Mar-2016 09:15:00,53,97.25
16-Mar-2016 09:35:00,53,51.75
16-Mar-2016 09:55:00,53,51.75
16-Mar-2016 10:15:00,26,47.3333333333333
16-Mar-2016 10:35:00,26,26
16-Mar-2016 10:55:00,26,26
16-Mar-2016 11:15:00,56,41.6666666666667
16-Mar-2016 11:35:00,56,47.3333333333333
16-Mar-2016 11:55:00,56,47.3333333333333
16-Mar-2016 12:15:00,42,47.3333333333333
16-Mar-2016 12:35:00,42,42.3636363636364
16-Mar-2016 12:55:00,42,42.3636363636364
16-Mar-2016 13:15:00,52,42.3636363636364
16-Mar-2016 13:35:00,52,47.3333333333333
16-Mar-2016 13:55:00,52,47.3333333333333
16-Mar-2016 14:15:00,54,64.75
16-Mar-2016 14:35:00,54,64.75
16-Mar-2016 14:55:00,54,64.75
16-Mar-2016 15:15:00,97,64.75
16-Mar-2016 15:35:00,97,89.875
16-Mar-2016 15:55:00,97,89.875
16-Mar-2016 16:15:00,69,89.875
16-Mar-2016 16:35:00,69,69.875
16-Mar-2016 16:55:00,69,69.875
16-Mar-2016 17:15:00,48,65.3333333333333
16-Mar-2016 17:35:00,48,59.6666666666667
16-Mar-2016 17:55:00,48,59.6666666666667
16-Mar-2016 18:15:00,83,59.6666666666667
16-Mar-2016 18:35:00,83,89.6666666666667
16-Mar-2016 18:55:00,83,89.6666666666667
16-Mar-2016 19:15:00,103,89.6666666666667
16-Mar-2016 19:35:00,103,97
16-Mar-2016 19:55:00,103,97
16-Mar-2016 20:15:00,68,97
16-Mar-2016 20:35:00,68,65.3333333333333
16-Mar-2016 20:55:00,68,65.3333333333333
16-Mar-2016 21:15:00,70,65.3333333333333
16-Mar-2016 21:35:00,70,62
16-Mar-2016 21:55:00,70,62
16-Mar-2016 22:15:00,64,62
16-Mar-2016 22:35:00,64,61.4
16-Mar-2016 22:55:00,64,61.4
16-Mar-2016 23:15:00,53,61.4
16-Mar-2016 23:35:00,53,58.3333333333333
16-Mar-2016 23:55:00,53,58.3333333333333
17-Mar-2016 00:15:00,69,58.3333333333333
17-Mar-2016 00:35:00,69,65.3333333333333
17-Mar-2016 00:55:00,69,65.3333333333333
17-Mar-2016 09:15:00,54,54
17-Mar-2016 09:45:00,54,52.25
17-Mar-2016 09:55:00,54,52.25
17-Mar-2016 10:25:00,40,52.25
17-Mar-2016 10:35:00,40,41.3333333333333
17-Mar-2016 10:55:00,40,41.3333333333333
17-Mar-2016 11:15:00,43,41.3333333333333
17-Mar-2016 11:35:00,43,43.4
17-Mar-2016 11:55:00,43,43.4
17-Mar-2016 12:15:00,45,43.4
17-Mar-2016 12:35:00,45,42
17-Mar-2016 12:55:00,45,42
17-Mar-2016 13:15:00,61,61
17-Mar-2016 13:35:00,61,76.5
17-Mar-2016 13:55:00,61,76.5
17-Mar-2016 14:15:00,86,76.5
17-Mar-2016 14:35:00,86,85.2727272727273
17-Mar-2016 14:55:00,86,85.2727272727273
17-Mar-2016 15:15:00,85,85.2727272727273
17-Mar-2016 15:35:00,85,85.2727272727273
17-Mar-2016 15:55:00,85,85.2727272727273
17-Mar-2016 16:15:00,82,85.2727272727273
17-Mar-2016 16:35:00,82,81.875
17-Mar-2016 16:55:00,82,81.875
17-Mar-2016 17:15:00,81,81.875
17-Mar-2016 17:35:00,81,81.875
17-Mar-2016 17:55:00,81,81.875
17-Mar-2016 18:15:00,94,84.6
17-Mar-2016 18:35:00,94,97.2
17-Mar-2016 18:55:00,94,97.2
17-Mar-2016 19:15:00,114,97.2
17-Mar-2016 19:35:00,114,107.625
17-Mar-2016 19:55:00,114,107.625
17-Mar-2016 20:15:00,79,107.625
17-Mar-2016 20:35:00,79,72.5
17-Mar-2016 20:55:00,79,72.5
17-Mar-2016 21:15:00,60,72.5
17-Mar-2016 21:35:00,60,67
17-Mar-2016 21:55:00,60,67
17-Mar-2016 22:15:00,66,67
17-Mar-2016 22:35:00,66,69
17-Mar-2016 22:55:00,66,69
17-Mar-2016 23:15:00,81,69
17-Mar-2016 23:35:00,81,84.6
17-Mar-2016 23:55:00,81,84.6
18-Mar-2016 00:15:00,85,84.6
18-Mar-2016 00:35:00,85,85.2727272727273
18-Mar-2016 00:55:00,85,85.2727272727273
18-Mar-2016 01:15:00,102,90.5
18-Mar-2016 01:35:00,102,105.666666666667
18-Mar-2016 01:55:00,102,105.666666666667
18-Mar-2016 02:15:00,120,105.666666666667
18-Mar-2016 02:35:00,120,134.5
18-Mar-2016 02:55:00,120,134.5
18-Mar-2016 03:15:00,114,134.5
18-Mar-2016 03:35:00,114,107.625
18-Mar-2016 03:55:00,114,107.625
18-Mar-2016 04:15:00,98,107.625
18-Mar-2016 04:35:00,98,102.777777777778
18-Mar-2016 04:55:00,98,102.777777777778
18-Mar-2016 05:15:00,102,102.777777777778
18-Mar-2016 05:35:00,102,105.666666666667
18-Mar-2016 07:35:00,38,82
18-Mar-2016 07:55:00,38,38.4166666666667
18-Mar-2016 08:15:00,34,38.4166666666667
18-Mar-2016 08:35:00,34,33.1428571428571
18-Mar-2016 08:55:00,34,33.1428571428571
18-Mar-2016 09:15:00,36,33.1428571428571
18-Mar-2016 09:35:00,36,34.4
18-Mar-2016 09:55:00,36,34.4
18-Mar-2016 10:15:00,28,34.4
18-Mar-2016 10:35:00,28,29.375
18-Mar-2016 10:55:00,28,29.375
18-Mar-2016 11:15:00,37,29.375
18-Mar-2016 11:35:00,37,30.6666666666667
18-Mar-2016 11:55:00,37,30.6666666666667
18-Mar-2016 12:15:00,42,39.8571428571428
18-Mar-2016 12:35:00,42,42.3636363636364
18-Mar-2016 12:55:00,42,42.3636363636364
18-Mar-2016 13:15:00,43,42.3636363636364
18-Mar-2016 13:35:00,43,43.4
18-Mar-2016 13:55:00,43,43.4
18-Mar-2016 14:15:00,104,67.3333333333333
18-Mar-2016 14:35:00,104,82
18-Mar-2016 14:55:00,104,82
18-Mar-2016 15:35:00,177,114.666666666667
18-Mar-2016 15:55:00,177,175.714285714286
18-Mar-2016 16:15:00,195,195
18-Mar-2016 16:35:00,195,191.111111111111
18-Mar-2016 16:55:00,195,191.111111111111
18-Mar-2016 17:15:00,213,191.111111111111
18-Mar-2016 17:35:00,213,214.6
18-Mar-2016 17:55:00,213,214.6
18-Mar-2016 18:15:00,168,171
18-Mar-2016 18:35:00,168,177.625
18-Mar-2016 18:55:00,168,177.625
18-Mar-2016 19:15:00,191,177.625
18-Mar-2016 19:35:00,191,191.111111111111
18-Mar-2016 19:55:00,191,191.111111111111
18-Mar-2016 20:15:00,163,191.111111111111
18-Mar-2016 20:35:00,163,171.777777777778
18-Mar-2016 20:55:00,163,171.777777777778
18-Mar-2016 21:15:00,175,171.777777777778
18-Mar-2016 21:35:00,175,173.8
18-Mar-2016 21:55:00,175,173.8
18-Mar-2016 22:15:00,151,165
18-Mar-2016 22:35:00,151,146.666666666667
18-Mar-2016 22:55:00,151,146.666666666667
18-Mar-2016 23:15:00,145,146.666666666667
18-Mar-2016 23:35:00,145,159.8
18-Mar-2016 23:55:00,145,159.8
19-Mar-2016 00:15:00,141,159.8
19-Mar-2016 00:35:00,141,168.714285714286
19-Mar-2016 00:55:00,141,168.714285714286
19-Mar-2016 01:15:00,233,168.714285714286
19-Mar-2016 01:35:00,233,224
19-Mar-2016 01:55:00,233,224
19-Mar-2016 02:15:00,161,224
19-Mar-2016 02:35:00,161,171.777777777778
19-Mar-2016 02:55:00,161,171.777777777778
19-Mar-2016 03:15:00,196,171.777777777778
19-Mar-2016 03:35:00,196,168.666666666667
19-Mar-2016 03:55:00,196,168.666666666667
19-Mar-2016 04:15:00,114,168.666666666667
19-Mar-2016 04:35:00,114,107.625
19-Mar-2016 04:55:00,114,107.625
19-Mar-2016 05:15:00,74,74
19-Mar-2016 05:35:00,74,84.6666666666667
19-Mar-2016 05:55:00,74,84.6666666666667
19-Mar-2016 06:15:00,101,84.6666666666667
19-Mar-2016 06:35:00,101,97.6
19-Mar-2016 06:55:00,101,97.6
19-Mar-2016 07:15:00,72,72
19-Mar-2016 07:35:00,72,65.6666666666667
19-Mar-2016 07:55:00,72,65.6666666666667
19-Mar-2016 08:15:00,99,99
19-Mar-2016 08:35:00,99,93.375
19-Mar-2016 08:55:00,99,93.375
19-Mar-2016 09:15:00,99,93.375
19-Mar-2016 09:35:00,82,93.375
19-Mar-2016 09:55:00,82,84.6
19-Mar-2016 10:15:00,57,70
19-Mar-2016 10:35:00,57,52.25
19-Mar-2016 10:55:00,57,52.25
19-Mar-2016 11:15:00,50,52.25
19-Mar-2016 11:35:00,50,53.8
19-Mar-2016 11:45:00,50,53.8
19-Mar-2016 12:30:00,37,43
19-Mar-2016 12:55:00,37,39.8571428571428
19-Mar-2016 13:15:00,44,39.8571428571428
19-Mar-2016 13:35:00,44,53.6
19-Mar-2016 13:55:00,44,53.6
19-Mar-2016 14:15:00,79,53.6
19-Mar-2016 14:35:00,79,80.7142857142857
19-Mar-2016 14:55:00,79,80.7142857142857
19-Mar-2016 15:15:00,92,80.7142857142857
19-Mar-2016 15:35:00,92,97.2
19-Mar-2016 15:55:00,92,97.2
19-Mar-2016 16:15:00,152,109.25
19-Mar-2016 16:35:00,152,159
19-Mar-2016 16:55:00,152,159
19-Mar-2016 17:15:00,149,159
19-Mar-2016 17:35:00,149,144.666666666667
19-Mar-2016 17:55:00,149,144.666666666667
19-Mar-2016 18:15:00,133,144.666666666667
19-Mar-2016 18:35:00,133,141.625
19-Mar-2016 18:55:00,133,141.625
19-Mar-2016 19:15:00,169,141.625
19-Mar-2016 19:35:00,169,177.625
19-Mar-2016 19:55:00,169,177.625
19-Mar-2016 20:15:00,166,177.625
19-Mar-2016 20:35:00,166,139.5
19-Mar-2016 20:55:00,166,139.5
19-Mar-2016 21:15:00,132,139.5
19-Mar-2016 21:35:00,132,124.333333333333
19-Mar-2016 21:55:00,132,124.333333333333
19-Mar-2016 22:15:00,115,124.333333333333
19-Mar-2016 22:35:00,115,111.4
19-Mar-2016 22:55:00,115,111.4
19-Mar-2016 23:15:00,109,111.4
19-Mar-2016 23:35:00,109,111.4
19-Mar-2016 23:55:00,109,111.4
20-Mar-2016 00:15:00,123,121.6
20-Mar-2016 00:35:00,123,121.555555555556
20-Mar-2016 00:55:00,123,121.555555555556
20-Mar-2016 01:05:00,123,121.555555555556
20-Mar-2016 01:35:00,114,121.555555555556
20-Mar-2016 01:55:00,114,121.6
20-Mar-2016 02:15:00,143,121.6
20-Mar-2016 02:35:00,143,134.857142857143
20-Mar-2016 02:55:00,143,134.857142857143
20-Mar-2016 03:15:00,138,134.857142857143
20-Mar-2016 03:35:00,138,141.625
20-Mar-2016 03:55:00,138,141.625
20-Mar-2016 04:15:00,122,130
20-Mar-2016 04:35:00,122,121.555555555556
20-Mar-2016 04:55:00,122,121.555555555556
20-Mar-2016 05:15:00,89,104.285714285714
20-Mar-2016 05:35:00,89,91.6666666666666
20-Mar-2016 05:55:00,89,91.6666666666666
20-Mar-2016 06:15:00,95,91.6666666666666
20-Mar-2016 06:35:00,95,89.5714285714286
20-Mar-2016 06:55:00,95,89.5714285714286
20-Mar-2016 07:15:00,89,89.5714285714286
20-Mar-2016 07:35:00,89,91.6666666666666
20-Mar-2016 07:55:00,89,91.6666666666666
20-Mar-2016 08:15:00,96,91.6666666666666
20-Mar-2016 08:35:00,96,108.375
20-Mar-2016 08:55:00,96,108.375
20-Mar-2016 09:15:00,107,108.375
20-Mar-2016 09:35:00,107,97.25
20-Mar-2016 09:55:00,107,97.25
20-Mar-2016 10:15:00,103,97.25
20-Mar-2016 10:35:00,103,114.666666666667
20-Mar-2016 10:55:00,103,114.666666666667
20-Mar-2016 11:15:00,99,114.666666666667
20-Mar-2016 11:35:00,99,93.375
20-Mar-2016 11:55:00,99,93.375
20-Mar-2016 12:15:00,80,93.375
20-Mar-2016 12:35:00,80,80.7142857142857
20-Mar-2016 12:55:00,80,80.7142857142857
20-Mar-2016 13:15:00,76,80.7142857142857
20-Mar-2016 13:35:00,76,84.6666666666667
20-Mar-2016 13:55:00,76,84.6666666666667
20-Mar-2016 14:15:00,106,84.6666666666667
20-Mar-2016 14:35:00,106,97.25
20-Mar-2016 14:55:00,106,97.25
20-Mar-2016 15:15:00,90,97.25
20-Mar-2016 15:35:00,90,91.6666666666666
20-Mar-2016 15:55:00,90,91.6666666666666
20-Mar-2016 16:15:00,98,91.6666666666666
20-Mar-2016 16:35:00,98,102.777777777778
20-Mar-2016 16:55:00,98,102.777777777778
20-Mar-2016 17:15:00,114,102.777777777778
20-Mar-2016 17:35:00,114,121.6
20-Mar-2016 17:55:00,114,121.6
20-Mar-2016 18:15:00,91,109
20-Mar-2016 18:35:00,91,109.25
20-Mar-2016 18:55:00,91,109.25
20-Mar-2016 19:15:00,103,109.25
20-Mar-2016 19:35:00,103,114.666666666667
20-Mar-2016 19:55:00,103,114.666666666667
20-Mar-2016 20:15:00,36,36
20-Mar-2016 20:35:00,36,34.4
20-Mar-2016 20:55:00,36,34.4
20-Mar-2016 21:15:00,47,45
20-Mar-2016 21:35:00,47,48.3846153846154
20-Mar-2016 21:55:00,47,48.3846153846154
20-Mar-2016 22:15:00,46,48.3846153846154
20-Mar-2016 22:35:00,46,46.0909090909091
20-Mar-2016 22:55:00,46,46.0909090909091
20-Mar-2016 23:15:00,45,46.0909090909091
20-Mar-2016 23:35:00,45,46.0909090909091
20-Mar-2016 23:55:00,45,46.0909090909091
21-Mar-2016 00:15:00,45,46.0909090909091
21-Mar-2016 00:35:00,45,46.0909090909091
21-Mar-2016 00:55:00,45,46.0909090909091
21-Mar-2016 01:15:00,53,46.0909090909091
21-Mar-2016 01:35:00,53,52.25
21-Mar-2016 01:55:00,53,52.25
21-Mar-2016 02:15:00,66,65.3333333333333
21-Mar-2016 02:35:00,66,69
21-Mar-2016 02:55:00,66,69
21-Mar-2016 03:15:00,118,85.3333333333333
21-Mar-2016 03:35:00,118,104.285714285714
21-Mar-2016 03:55:00,118,104.285714285714
21-Mar-2016 04:15:00,99,104.285714285714
21-Mar-2016 04:35:00,99,99
21-Mar-2016 04:55:00,99,99
21-Mar-2016 05:15:00,69,89.5
21-Mar-2016 05:35:00,69,85.3333333333333
21-Mar-2016 05:55:00,69,85.3333333333333
21-Mar-2016 06:15:00,35,35
21-Mar-2016 06:35:00,35,33.1428571428571
21-Mar-2016 06:55:00,35,33.1428571428571
21-Mar-2016 07:15:00,16,26
21-Mar-2016 07:35:00,16,18
21-Mar-2016 07:55:00,16,18
21-Mar-2016 08:15:00,17,18
21-Mar-2016 08:35:00,17,18
21-Mar-2016 08:55:00,17,18
21-Mar-2016 09:15:00,22,18
21-Mar-2016 09:35:00,22,28.5
21-Mar-2016 09:55:00,22,28.5
21-Mar-2016 10:15:00,31,28.5
21-Mar-2016 10:35:00,31,26
21-Mar-2016 10:55:00,31,26
21-Mar-2016 11:15:00,58,58
21-Mar-2016 11:35:00,58,53.8
21-Mar-2016 11:55:00,58,53.8
21-Mar-2016 12:15:00,27,41.2
21-Mar-2016 12:35:00,27,30.3333333333333
21-Mar-2016 12:55:00,27,30.3333333333333
21-Mar-2016 13:15:00,28,30.3333333333333
21-Mar-2016 13:35:00,28,29.375
21-Mar-2016 13:55:00,28,29.375
21-Mar-2016 14:15:00,42,35
21-Mar-2016 14:35:00,42,42.3636363636364
21-Mar-2016 14:55:00,42,42.3636363636364
21-Mar-2016 15:15:00,35,42.3636363636364
21-Mar-2016 15:35:00,35,36.8333333333333
21-Mar-2016 15:55:00,35,36.8333333333333
21-Mar-2016 16:15:00,35,36.8333333333333
21-Mar-2016 16:35:00,35,36.8333333333333
21-Mar-2016 16:55:00,35,36.8333333333333
21-Mar-2016 17:15:00,46,36.8333333333333
21-Mar-2016 17:35:00,46,46.0909090909091
21-Mar-2016 17:55:00,46,46.0909090909091
21-Mar-2016 18:15:00,42,42
21-Mar-2016 18:35:00,42,42.3636363636364
21-Mar-2016 18:55:00,42,42.3636363636364
21-Mar-2016 19:15:00,62,62
21-Mar-2016 19:35:00,62,54.3333333333333
21-Mar-2016 19:55:00,62,54.3333333333333
21-Mar-2016 20:15:00,39,39
21-Mar-2016 20:35:00,39,38.4166666666667
21-Mar-2016 20:50:00,39,38.4166666666667
21-Mar-2016 21:15:00,35,38.4166666666667
21-Mar-2016 21:35:00,35,32.7
21-Mar-2016 21:55:00,35,32.7
21-Mar-2016 22:15:00,29,32.7
21-Mar-2016 22:25:00,29,34.3333333333333
21-Mar-2016 22:55:00,29,34.3333333333333
21-Mar-2016 23:15:00,17,19
21-Mar-2016 23:35:00,17,18
21-Mar-2016 23:40:00,17,18
21-Mar-2016 23:55:00,17,18
22-Mar-2016 00:05:00,17,18
22-Mar-2016 00:40:00,25,18
22-Mar-2016 01:10:00,25,41.6666666666667
22-Mar-2016 01:40:00,44,41.6666666666667
22-Mar-2016 02:10:00,44,53.6
22-Mar-2016 02:40:00,57,53.6
22-Mar-2016 03:10:00,57,65.3333333333333
22-Mar-2016 04:10:00,73,65.3333333333333
22-Mar-2016 04:40:00,51,51
22-Mar-2016 05:40:00,42,43
22-Mar-2016 06:40:00,29,29
22-Mar-2016 07:10:00,29,19
22-Mar-2016 07:40:00,11,19
22-Mar-2016 08:10:00,11,13.8
22-Mar-2016 09:40:00,18,13.8
22-Mar-2016 10:10:00,18,20.6666666666667
22-Mar-2016 10:35:00,22,20.6666666666667
22-Mar-2016 11:10:00,22,20.6666666666667
22-Mar-2016 11:40:00,45,30.2
22-Mar-2016 12:10:00,45,38.6666666666667
22-Mar-2016 13:35:00,24,38.6666666666667
22-Mar-2016 14:05:00,24,30.2
22-Mar-2016 14:25:00,32,30.2
22-Mar-2016 15:40:00,38,37.6666666666667
22-Mar-2016 16:10:00,38,38.4166666666667
22-Mar-2016 16:40:00,44,38.4166666666667
22-Mar-2016 17:10:00,44,38.6666666666667
22-Mar-2016 17:35:00,41,38.6666666666667
22-Mar-2016 18:10:00,41,44
22-Mar-2016 18:40:00,41,44
22-Mar-2016 19:10:00,41,44
22-Mar-2016 19:40:00,53,44
22-Mar-2016 20:05:00,53,50.4285714285714
22-Mar-2016 20:40:00,37,50.4285714285714
22-Mar-2016 21:05:00,37,39.8571428571428
22-Mar-2016 21:30:00,40,39.8571428571428
22-Mar-2016 22:10:00,40,41.3333333333333
22-Mar-2016 22:40:00,43,41.3333333333333
22-Mar-2016 23:10:00,43,67.3333333333333
22-Mar-2016 23:40:00,115,67.3333333333333
23-Mar-2016 00:10:00,115,109
23-Mar-2016 00:40:00,115,109
23-Mar-2016 01:10:00,115,109
23-Mar-2016 01:40:00,138,123.5
23-Mar-2016 02:10:00,138,130
23-Mar-2016 02:40:00,109,117
23-Mar-2016 03:10:00,109,123.5
23-Mar-2016 03:40:00,70,95.8
23-Mar-2016 04:10:00,70,62
23-Mar-2016 04:40:00,89,93.8333333333333
23-Mar-2016 05:10:00,89,85.8571428571428
23-Mar-2016 05:35:00,79,85.8571428571428
23-Mar-2016 06:10:00,79,80.7142857142857
23-Mar-2016 06:40:00,41,41
23-Mar-2016 07:05:00,41,37.4
23-Mar-2016 07:40:00,35,37.4
23-Mar-2016 08:10:00,35,32.7
23-Mar-2016 08:40:00,23,32.7
23-Mar-2016 09:10:00,23,30.2
23-Mar-2016 09:40:00,27,30.2
23-Mar-2016 10:10:00,27,30.3333333333333
23-Mar-2016 10:40:00,30,30.3333333333333
23-Mar-2016 11:10:00,30,37.6666666666667
23-Mar-2016 11:30:00,45,37.6666666666667
23-Mar-2016 12:10:00,45,38.6666666666667
23-Mar-2016 12:40:00,33,38.6666666666667
23-Mar-2016 13:10:00,33,32.7
23-Mar-2016 13:35:00,36,32.7
23-Mar-2016 14:10:00,36,45
23-Mar-2016 14:40:00,83,45
23-Mar-2016 15:10:00,83,70
23-Mar-2016 15:40:00,205,110.4
23-Mar-2016 16:10:00,205,222.625
23-Mar-2016 17:10:00,334,222.625
23-Mar-2016 17:35:00,311,324.875
23-Mar-2016 18:05:00,311,327
23-Mar-2016 18:35:00,404,327
23-Mar-2016 19:10:00,404,495
23-Mar-2016 19:40:00,586,495
23-Mar-2016 20:10:00,586,455.666666666667
23-Mar-2016 20:40:00,427,455.666666666667
23-Mar-2016 21:05:00,427,405.625
23-Mar-2016 21:40:00,316,372
23-Mar-2016 22:10:00,316,247
23-Mar-2016 22:40:00,269,247
23-Mar-2016 23:10:00,269,341
23-Mar-2016 23:40:00,249,252.75
24-Mar-2016 00:05:00,249,261.6
24-Mar-2016 00:40:00,192,192
24-Mar-2016 01:10:00,192,191.111111111111
24-Mar-2016 01:40:00,234,212
24-Mar-2016 02:10:00,234,224
24-Mar-2016 02:40:00,251,224
24-Mar-2016 03:10:00,251,251
24-Mar-2016 03:40:00,209,219.666666666667
24-Mar-2016 04:05:00,209,171
24-Mar-2016 04:40:00,136,171
24-Mar-2016 05:10:00,136,117
24-Mar-2016 05:40:00,73,117
24-Mar-2016 06:05:00,73,93.8333333333333
24-Mar-2016 06:40:00,58,93.8333333333333
24-Mar-2016 07:10:00,58,41.2
24-Mar-2016 07:40:00,25,41.2
24-Mar-2016 08:05:00,25,26.3333333333333
24-Mar-2016 08:40:00,28,26.3333333333333
24-Mar-2016 09:10:00,28,35
24-Mar-2016 09:40:00,35,35
24-Mar-2016 10:05:00,35,32.7
24-Mar-2016 10:40:00,33,32.7
24-Mar-2016 11:10:00,33,32.7
24-Mar-2016 11:35:00,47,40
24-Mar-2016 12:10:00,47,48.3846153846154
24-Mar-2016 12:35:00,50,48.3846153846154
24-Mar-2016 13:10:00,50,43
24-Mar-2016 13:40:00,72,56.25
24-Mar-2016 14:05:00,72,93.8333333333333
24-Mar-2016 14:40:00,176,93.8333333333333
24-Mar-2016 15:05:00,176,177.777777777778
24-Mar-2016 15:40:00,191,177.777777777778
24-Mar-2016 16:40:00,214,212
24-Mar-2016 17:10:00,214,214.444444444444
24-Mar-2016 17:40:00,211,214.444444444444
24-Mar-2016 18:10:00,211,197.5
24-Mar-2016 18:35:00,229,197.5
24-Mar-2016 19:10:00,229,270.5
24-Mar-2016 19:40:00,206,198.6
24-Mar-2016 20:10:00,206,197.5
24-Mar-2016 20:40:00,168,197.5
24-Mar-2016 21:10:00,168,177.625
24-Mar-2016 21:40:00,134,122.5
24-Mar-2016 22:10:00,134,117
24-Mar-2016 22:40:00,117,117
24-Mar-2016 23:10:00,117,104.285714285714
24-Mar-2016 23:40:00,110,104.285714285714
25-Mar-2016 00:10:00,110,95.8
25-Mar-2016 00:40:00,127,95.8
25-Mar-2016 01:10:00,127,121.571428571429
25-Mar-2016 01:40:00,152,144.222222222222
25-Mar-2016 02:10:00,152,159
25-Mar-2016 02:40:00,246,246
25-Mar-2016 03:05:00,246,219.666666666667
25-Mar-2016 03:40:00,188,219.666666666667
25-Mar-2016 04:05:00,188,212
25-Mar-2016 04:40:00,156,103
25-Mar-2016 05:00:00,156,142.625
25-Mar-2016 05:35:00,128,142.625
25-Mar-2016 06:05:00,128,122.571428571429
25-Mar-2016 06:35:00,135,122.571428571429
25-Mar-2016 07:10:00,135,117
25-Mar-2016 07:35:00,101,117
25-Mar-2016 08:05:00,101,92.2222222222222
25-Mar-2016 08:40:00,89,92.2222222222222
25-Mar-2016 09:10:00,89,85.8571428571428
25-Mar-2016 09:40:00,75,85.8571428571428
25-Mar-2016 10:10:00,75,78.1428571428571
25-Mar-2016 10:25:00,75,78.1428571428571
25-Mar-2016 11:00:00,75,78.1428571428571
25-Mar-2016 11:15:00,73,78.1428571428571
25-Mar-2016 13:10:00,95,93.8333333333333
25-Mar-2016 13:15:00,106,106.888888888889
25-Mar-2016 14:10:00,106,97.25
25-Mar-2016 14:40:00,149,116.5
25-Mar-2016 15:05:00,149,196.75
25-Mar-2016 15:40:00,214,196.75
25-Mar-2016 16:10:00,214,214.444444444444
25-Mar-2016 16:40:00,272,214.444444444444
25-Mar-2016 17:05:00,272,244.875
25-Mar-2016 17:40:00,250,244.875
25-Mar-2016 18:10:00,250,219.666666666667
25-Mar-2016 18:35:00,209,219.666666666667
25-Mar-2016 19:10:00,209,197.5
25-Mar-2016 20:40:00,158,197.5
25-Mar-2016 21:10:00,158,142.625
25-Mar-2016 21:40:00,60,107
25-Mar-2016 22:10:00,60,59.6666666666667
25-Mar-2016 22:40:00,58,59.6666666666667
25-Mar-2016 23:10:00,58,41.2
25-Mar-2016 23:35:00,38,41.2
26-Mar-2016 00:10:00,38,38.4166666666667
26-Mar-2016 00:40:00,39,38.4166666666667
26-Mar-2016 01:10:00,39,38.4166666666667
26-Mar-2016 01:40:00,39,38.4166666666667
26-Mar-2016 02:10:00,39,38.4166666666667
26-Mar-2016 02:40:00,26,32
26-Mar-2016 03:10:00,26,26.3333333333333
26-Mar-2016 03:40:00,46,46
26-Mar-2016 04:00:00,46,50.5
26-Mar-2016 04:40:00,55,50.5
26-Mar-2016 05:10:00,55,50.4285714285714
26-Mar-2016 06:10:00,42,50.4285714285714
26-Mar-2016 06:40:00,33,37.4
26-Mar-2016 07:05:00,33,40
26-Mar-2016 07:40:00,14,30
26-Mar-2016 08:10:00,14,26
26-Mar-2016 08:35:00,35,26
26-Mar-2016 09:10:00,35,30
26-Mar-2016 09:40:00,38,30
26-Mar-2016 10:10:00,38,32
26-Mar-2016 10:40:00,43,40.5
26-Mar-2016 11:10:00,43,67.3333333333333
26-Mar-2016 11:40:00,73,67.3333333333333
26-Mar-2016 12:10:00,73,61.8
26-Mar-2016 12:40:00,60,61.8
26-Mar-2016 13:10:00,60,59.6666666666667
26-Mar-2016 13:40:00,84,59.6666666666667
26-Mar-2016 14:05:00,84,74
26-Mar-2016 14:40:00,88,74
26-Mar-2016 15:05:00,88,90.5
26-Mar-2016 15:40:00,92,90.5
26-Mar-2016 16:05:00,92,85.8571428571428
26-Mar-2016 16:40:00,85,85.8571428571428
26-Mar-2016 17:10:00,85,90.5
26-Mar-2016 17:40:00,88,90.5
26-Mar-2016 18:05:00,88,90.5
26-Mar-2016 18:40:00,77,81.5
26-Mar-2016 19:10:00,77,69.75
26-Mar-2016 19:35:00,77,69.75
26-Mar-2016 20:10:00,77,69.75
26-Mar-2016 20:40:00,48,69.75
26-Mar-2016 21:05:00,48,47.625
26-Mar-2016 21:40:00,41,47.625
26-Mar-2016 22:10:00,41,37.4
26-Mar-2016 22:35:00,37,37.4
26-Mar-2016 23:10:00,37,39.8571428571428
26-Mar-2016 23:40:00,42,39.8571428571428
27-Mar-2016 00:05:00,42,41.6
27-Mar-2016 00:40:00,49,41.6
27-Mar-2016 01:10:00,49,43.1428571428571
27-Mar-2016 01:35:00,42,43.1428571428571
27-Mar-2016 02:10:00,42,41.6
27-Mar-2016 02:40:00,33,41.6
27-Mar-2016 03:05:00,33,30
27-Mar-2016 03:40:00,72,72
27-Mar-2016 04:10:00,72,84.75
27-Mar-2016 04:40:00,73,84.75
27-Mar-2016 05:10:00,73,61.8
27-Mar-2016 05:40:00,54,61.8
27-Mar-2016 06:10:00,54,50.4285714285714
27-Mar-2016 06:40:00,56,50.4285714285714
27-Mar-2016 07:10:00,56,50.4285714285714
27-Mar-2016 07:40:00,15,34
27-Mar-2016 08:10:00,15,26
27-Mar-2016 08:40:00,40,26
27-Mar-2016 09:10:00,40,41.3333333333333
27-Mar-2016 09:40:00,36,41.3333333333333
27-Mar-2016 10:10:00,36,45
27-Mar-2016 10:40:00,32,45
27-Mar-2016 11:10:00,32,35.6666666666667
27-Mar-2016 11:40:00,59,35.6666666666667
27-Mar-2016 11:55:00,59,59.6666666666667
27-Mar-2016 12:25:00,38,59.6666666666667
27-Mar-2016 13:10:00,38,40.5
27-Mar-2016 13:40:00,42,40.5
27-Mar-2016 14:10:00,42,41.6
27-Mar-2016 14:40:00,50,46
27-Mar-2016 15:05:00,50,56.25
27-Mar-2016 15:40:00,53,56.25
27-Mar-2016 16:10:00,53,34
27-Mar-2016 16:40:00,79,79
27-Mar-2016 17:10:00,79,82.2
27-Mar-2016 17:40:00,104,82.2
27-Mar-2016 18:10:00,104,85
27-Mar-2016 18:40:00,86,85
27-Mar-2016 19:10:00,86,81.5
27-Mar-2016 19:40:00,131,131
27-Mar-2016 20:10:00,131,117
27-Mar-2016 20:40:00,85,90
27-Mar-2016 20:45:00,85,81.7142857142857
27-Mar-2016 21:35:00,81,81.7142857142857
27-Mar-2016 22:10:00,81,110.4
27-Mar-2016 22:40:00,92,110.4
27-Mar-2016 23:05:00,92,85.8571428571428
27-Mar-2016 23:40:00,79,78.25
28-Mar-2016 00:10:00,79,82.2
28-Mar-2016 00:35:00,70,82.2
28-Mar-2016 01:10:00,70,84.75
28-Mar-2016 01:40:00,124,84.75
28-Mar-2016 02:10:00,124,144.222222222222
28-Mar-2016 02:40:00,197,144.222222222222
28-Mar-2016 03:10:00,197,178
28-Mar-2016 03:40:00,171,178
28-Mar-2016 04:40:00,111,122.5
28-Mar-2016 07:10:00,60,95.8
28-Mar-2016 21:40:00,76,59.6666666666667
28-Mar-2016 22:05:00,76,78.1428571428571
28-Mar-2016 22:40:00,97,78.1428571428571
28-Mar-2016 23:10:00,97,89.875
28-Mar-2016 23:35:00,84,89.875
31-Mar-2016 06:05:00,57,74
31-Mar-2016 06:35:00,59,61.3333333333333
31-Mar-2016 07:35:00,42,59.6666666666667
31-Mar-2016 08:05:00,42,46
31-Mar-2016 08:35:00,60,60
31-Mar-2016 09:05:00,60,59.6666666666667
04-Apr-2016 07:15:00,152,152
04-Apr-2016 07:45:00,152,109.5
04-Apr-2016 08:15:00,67,109.5
04-Apr-2016 08:45:00,67,61.8333333333333
04-Apr-2016 09:15:00,70,61.8333333333333
06-Apr-2016 11:15:00,51,59.6666666666667
06-Apr-2016 18:15:00,50,56.25
06-Apr-2016 20:15:00,174,174
06-Apr-2016 20:45:00,174,165
07-Apr-2016 06:40:00,154,165
07-Apr-2016 07:15:00,99,129.833333333333
07-Apr-2016 07:45:00,99,89.5
07-Apr-2016 08:45:00,91,89.5
07-Apr-2016 09:15:00,73,78.25
07-Apr-2016 10:20:00,49,61.8
07-Apr-2016 10:45:00,49,54.4444444444444
07-Apr-2016 11:50:00,56,54.4444444444444
07-Apr-2016 12:15:00,55,50.7777777777778
07-Apr-2016 13:15:00,57,50.7777777777778
07-Apr-2016 13:45:00,57,61.3333333333333
07-Apr-2016 14:20:00,62,61.3333333333333
07-Apr-2016 14:50:00,62,61.8333333333333
07-Apr-2016 15:15:00,64,61.8333333333333
07-Apr-2016 16:15:00,49,61.8333333333333
07-Apr-2016 16:45:00,49,54.4444444444444
07-Apr-2016 17:15:00,59,54.4444444444444
07-Apr-2016 17:45:00,59,61.8333333333333
07-Apr-2016 18:15:00,194,194
07-Apr-2016 18:45:00,50,103
07-Apr-2016 19:15:00,65,54.4444444444444
07-Apr-2016 19:45:00,65,64.3333333333333
07-Apr-2016 20:15:00,46,64.3333333333333
07-Apr-2016 20:50:00,46,45
07-Apr-2016 21:15:00,44,45
07-Apr-2016 21:50:00,44,45
07-Apr-2016 22:15:00,39,45
07-Apr-2016 22:45:00,39,40.5
07-Apr-2016 23:15:00,47,47
07-Apr-2016 23:45:00,47,48.3846153846154
08-Apr-2016 00:20:00,59,48.3846153846154
08-Apr-2016 00:50:00,59,71.4285714285714
08-Apr-2016 01:15:00,64,71.4285714285714
08-Apr-2016 01:45:00,64,64.3333333333333
08-Apr-2016 02:15:00,81,64.3333333333333
08-Apr-2016 02:45:00,81,110.4
08-Apr-2016 03:15:00,93,110.4
08-Apr-2016 04:15:00,72,78.25
08-Apr-2016 04:50:00,72,59.6666666666667
08-Apr-2016 06:15:00,56,59.6666666666667
08-Apr-2016 06:50:00,56,50.7777777777778
08-Apr-2016 07:15:00,32,50.7777777777778
08-Apr-2016 07:50:00,32,35.6666666666667
08-Apr-2016 08:20:00,36,35.6666666666667
08-Apr-2016 08:45:00,36,45
08-Apr-2016 09:15:00,49,51.375
08-Apr-2016 09:50:00,49,54.4444444444444
08-Apr-2016 10:20:00,63,54.4444444444444
08-Apr-2016 11:15:00,65,64.3333333333333
08-Apr-2016 11:45:00,65,64.3333333333333
08-Apr-2016 12:15:00,84,100.875
08-Apr-2016 12:50:00,84,74
08-Apr-2016 13:15:00,58,74
08-Apr-2016 13:50:00,58,61.3333333333333
08-Apr-2016 14:20:00,76,61.3333333333333
08-Apr-2016 14:45:00,76,78.1428571428571
08-Apr-2016 15:15:00,112,112
08-Apr-2016 15:50:00,112,95.8
08-Apr-2016 16:20:00,230,157.666666666667
08-Apr-2016 16:45:00,230,239.5
08-Apr-2016 17:45:00,225,239.5
08-Apr-2016 18:15:00,63,125
08-Apr-2016 19:45:00,222,100.875
08-Apr-2016 20:15:00,187,125
08-Apr-2016 20:45:00,187,185.777777777778
08-Apr-2016 21:20:00,181,185.777777777778
08-Apr-2016 21:50:00,181,177.777777777778
08-Apr-2016 22:15:00,176,177.777777777778
08-Apr-2016 22:45:00,176,177.777777777778
08-Apr-2016 23:20:00,166,177.777777777778
08-Apr-2016 23:45:00,166,164.857142857143
09-Apr-2016 00:15:00,150,164.857142857143
09-Apr-2016 00:50:00,150,196.75
09-Apr-2016 01:20:00,274,196.75
09-Apr-2016 01:45:00,274,244.875
09-Apr-2016 02:20:00,244,244.875
09-Apr-2016 02:45:00,244,219.666666666667
09-Apr-2016 03:15:00,186,219.666666666667
09-Apr-2016 03:50:00,186,157.833333333333
09-Apr-2016 04:45:00,121,157.833333333333
09-Apr-2016 05:15:00,79,104.285714285714
09-Apr-2016 05:45:00,79,82.2
09-Apr-2016 06:15:00,56,63.3333333333333
09-Apr-2016 06:45:00,56,50.7777777777778
09-Apr-2016 07:15:00,43,50.7777777777778
09-Apr-2016 07:45:00,43,67.3333333333333
09-Apr-2016 08:50:00,80,67.3333333333333
09-Apr-2016 09:15:00,79,63.3333333333333
09-Apr-2016 10:15:00,55,63.3333333333333
09-Apr-2016 10:45:00,55,50.7777777777778
09-Apr-2016 11:45:00,51,50.7777777777778
09-Apr-2016 12:15:00,50,54.4444444444444
09-Apr-2016 12:50:00,50,54.4444444444444
09-Apr-2016 13:15:00,72,64
09-Apr-2016 13:45:00,72,73.2222222222222
09-Apr-2016 14:20:00,89,73.2222222222222
09-Apr-2016 14:45:00,89,78.25
09-Apr-2016 15:15:00,161,154
09-Apr-2016 15:45:00,161,107
09-Apr-2016 16:15:00,100,107
09-Apr-2016 16:45:00,100,92.2222222222222
09-Apr-2016 17:05:00,100,92.2222222222222
09-Apr-2016 17:45:00,63,92.2222222222222
09-Apr-2016 18:45:00,63,100.875
09-Apr-2016 19:15:00,102,100.875
09-Apr-2016 19:45:00,102,85
09-Apr-2016 20:45:00,48,85
09-Apr-2016 21:45:00,47,47.625
09-Apr-2016 22:15:00,52,48.3846153846154
09-Apr-2016 22:45:00,52,50.7777777777778
09-Apr-2016 23:15:00,29,29
10-Apr-2016 00:15:00,23,35.6666666666667
10-Apr-2016 01:45:00,109,46.4
10-Apr-2016 02:50:00,130,157.666666666667
10-Apr-2016 03:45:00,135,135
10-Apr-2016 04:20:00,95,90
10-Apr-2016 05:15:00,121,106.888888888889
10-Apr-2016 05:50:00,121,120
10-Apr-2016 06:15:00,113,120
10-Apr-2016 06:45:00,113,157.666666666667
10-Apr-2016 07:20:00,47,47
10-Apr-2016 07:45:00,47,48.3846153846154
10-Apr-2016 08:45:00,45,48.3846153846154
10-Apr-2016 09:15:00,44,45
10-Apr-2016 09:45:00,44,45
10-Apr-2016 10:15:00,51,45
10-Apr-2016 10:45:00,51,64
10-Apr-2016 13:15:00,69,64
11-Apr-2016 08:45:00,52,68.2222222222222
11-Apr-2016 09:15:00,64,55.1666666666667
11-Apr-2016 09:45:00,64,100.875
11-Apr-2016 10:15:00,69,100.875
11-Apr-2016 10:45:00,69,68.2222222222222
11-Apr-2016 11:15:00,73,68.2222222222222
11-Apr-2016 11:45:00,73,87.5
11-Apr-2016 12:15:00,69,87.5
11-Apr-2016 12:45:00,69,68.2222222222222
11-Apr-2016 13:15:00,75,68.2222222222222
11-Apr-2016 13:45:00,75,73.8571428571429
11-Apr-2016 14:45:00,72,73.8571428571429
11-Apr-2016 15:15:00,54,73.2222222222222
11-Apr-2016 15:45:00,54,55.1666666666667
11-Apr-2016 16:15:00,47,55.1666666666667
11-Apr-2016 16:45:00,47,48.3846153846154
11-Apr-2016 17:20:00,48,48.3846153846154
11-Apr-2016 18:00:00,48,47.625
11-Apr-2016 18:20:00,58,47.625
11-Apr-2016 18:45:00,56,61.3333333333333
11-Apr-2016 19:15:00,69,55.1666666666667
11-Apr-2016 19:45:00,69,68.2222222222222
11-Apr-2016 20:15:00,52,68.2222222222222
11-Apr-2016 20:45:00,52,55.1666666666667
11-Apr-2016 21:15:00,45,55.1666666666667
11-Apr-2016 21:45:00,45,45
11-Apr-2016 22:15:00,48,45
11-Apr-2016 22:45:00,48,47.625
11-Apr-2016 23:15:00,43,47.625
11-Apr-2016 23:45:00,43,67.3333333333333
12-Apr-2016 00:15:00,62,67.3333333333333
12-Apr-2016 00:45:00,62,60.7142857142857
12-Apr-2016 01:15:00,59,60.7142857142857
12-Apr-2016 02:15:00,111,71.4285714285714
12-Apr-2016 07:20:00,128,128
12-Apr-2016 07:45:00,128,122.571428571429
12-Apr-2016 08:15:00,74,122.571428571429
12-Apr-2016 08:45:00,74,73.8571428571429
12-Apr-2016 09:15:00,59,73.8571428571429
12-Apr-2016 09:45:00,59,71.4285714285714
12-Apr-2016 10:15:00,75,71.4285714285714
12-Apr-2016 10:45:00,75,73.8571428571429
12-Apr-2016 11:15:00,86,73.8571428571429
12-Apr-2016 11:45:00,86,81.7142857142857
12-Apr-2016 12:15:00,76,81.7142857142857
12-Apr-2016 12:45:00,76,73.8571428571429
12-Apr-2016 13:15:00,62,68.5
12-Apr-2016 13:45:00,62,60.7142857142857
12-Apr-2016 14:15:00,62,60.7142857142857
12-Apr-2016 14:45:00,62,60.7142857142857
12-Apr-2016 15:45:00,54,60.7142857142857
12-Apr-2016 16:15:00,60,56.4
12-Apr-2016 17:15:00,64,60.7142857142857
12-Apr-2016 17:45:00,64,100.875
12-Apr-2016 18:15:00,139,100.875
12-Apr-2016 18:45:00,58,58
12-Apr-2016 19:15:00,88,79
12-Apr-2016 19:50:00,88,81.7142857142857
12-Apr-2016 20:15:00,68,81.7142857142857
12-Apr-2016 20:45:00,68,63.3333333333333
12-Apr-2016 21:20:00,54,63.3333333333333
12-Apr-2016 21:35:00,54,56.4
12-Apr-2016 22:15:00,47,56.4
12-Apr-2016 22:50:00,47,48.3846153846154
12-Apr-2016 23:15:00,32,32
12-Apr-2016 23:45:00,32,35.6666666666667
13-Apr-2016 00:20:00,90,90
13-Apr-2016 00:45:00,90,154
13-Apr-2016 01:15:00,211,154
13-Apr-2016 01:45:00,211,197.5
13-Apr-2016 02:15:00,188,197.5
13-Apr-2016 02:45:00,188,185.777777777778
13-Apr-2016 03:15:00,182,185.777777777778
13-Apr-2016 07:15:00,95,129.25
13-Apr-2016 07:45:00,95,106.888888888889
13-Apr-2016 08:15:00,118,106.888888888889
13-Apr-2016 08:45:00,118,120
13-Apr-2016 09:15:00,143,120
13-Apr-2016 10:05:00,143,134.857142857143
13-Apr-2016 10:45:00,110,134.857142857143
13-Apr-2016 11:20:00,95,94.6666666666667
13-Apr-2016 12:15:00,89,106.888888888889
13-Apr-2016 12:50:00,89,74.8333333333333
13-Apr-2016 13:15:00,59,74.8333333333333
13-Apr-2016 13:45:00,59,71.4285714285714
13-Apr-2016 14:20:00,73,71.4285714285714
13-Apr-2016 14:45:00,73,87.5
13-Apr-2016 15:15:00,135,87.5
13-Apr-2016 15:45:00,135,147.625
13-Apr-2016 16:15:00,170,147.625
13-Apr-2016 16:45:00,170,164.111111111111
13-Apr-2016 17:15:00,167,164.111111111111
13-Apr-2016 17:45:00,167,164.857142857143
13-Apr-2016 18:15:00,173,164.857142857143
13-Apr-2016 18:45:00,139,164.111111111111
13-Apr-2016 19:15:00,134,114.75
13-Apr-2016 19:45:00,134,147.625
13-Apr-2016 20:15:00,194,147.625
13-Apr-2016 20:45:00,194,185.777777777778
13-Apr-2016 21:15:00,190,185.777777777778
13-Apr-2016 21:45:00,190,185.777777777778
13-Apr-2016 22:45:00,169,185.777777777778
13-Apr-2016 23:15:00,171,164.111111111111
13-Apr-2016 23:50:00,171,164.111111111111
14-Apr-2016 00:15:00,178,164.111111111111
14-Apr-2016 00:45:00,178,177.777777777778
14-Apr-2016 01:20:00,178,177.777777777778
14-Apr-2016 01:45:00,178,177.777777777778
14-Apr-2016 02:15:00,191,183
14-Apr-2016 02:50:00,191,185.777777777778
14-Apr-2016 05:45:00,92,171.888888888889
14-Apr-2016 06:15:00,48,74.8333333333333
14-Apr-2016 06:45:00,48,47.625
14-Apr-2016 07:15:00,57,75.6
14-Apr-2016 07:45:00,57,79
14-Apr-2016 08:15:00,92,79
14-Apr-2016 08:45:00,92,74.8333333333333
14-Apr-2016 09:45:00,83,74.8333333333333
14-Apr-2016 10:15:00,38,38
14-Apr-2016 10:50:00,38,51.375
14-Apr-2016 11:15:00,49,51.375
14-Apr-2016 11:45:00,49,45
14-Apr-2016 12:20:00,37,45
14-Apr-2016 12:45:00,37,51.375
14-Apr-2016 13:15:00,49,51.375
14-Apr-2016 13:50:00,49,45
14-Apr-2016 14:15:00,142,142
14-Apr-2016 14:45:00,142,168.714285714286
14-Apr-2016 15:20:00,223,168.714285714286
14-Apr-2016 15:45:00,223,238.5
14-Apr-2016 16:15:00,214,238.5
14-Apr-2016 16:45:00,214,214.444444444444
14-Apr-2016 17:15:00,189,214.444444444444
14-Apr-2016 17:45:00,189,171.888888888889
14-Apr-2016 18:45:00,173,171.888888888889
14-Apr-2016 19:15:00,167,164.111111111111
14-Apr-2016 19:45:00,167,164.857142857143
14-Apr-2016 20:15:00,164,164.857142857143
14-Apr-2016 20:45:00,164,163.166666666667
14-Apr-2016 21:15:00,161,163.166666666667
14-Apr-2016 21:45:00,161,163.166666666667
14-Apr-2016 22:05:00,161,163.166666666667
14-Apr-2016 22:45:00,170,163.166666666667
14-Apr-2016 23:15:00,141,164.111111111111
14-Apr-2016 23:45:00,141,168.714285714286
15-Apr-2016 00:15:00,160,168.714285714286
15-Apr-2016 00:45:00,160,185.5
15-Apr-2016 01:15:00,219,185.5
15-Apr-2016 01:45:00,219,238.5
15-Apr-2016 02:45:00,298,238.5
15-Apr-2016 03:15:00,213,233.5
15-Apr-2016 04:15:00,114,165.666666666667
15-Apr-2016 04:45:00,114,94.6666666666667
15-Apr-2016 05:20:00,75,94.6666666666667
15-Apr-2016 05:45:00,75,68.5
15-Apr-2016 06:15:00,62,68.5
15-Apr-2016 07:15:00,48,52.5
15-Apr-2016 07:45:00,48,75.6
15-Apr-2016 08:20:00,58,75.6
15-Apr-2016 08:45:00,58,62.8571428571429
15-Apr-2016 09:15:00,59,62.8571428571429
15-Apr-2016 09:50:00,59,52.5
15-Apr-2016 10:15:00,42,52.5
15-Apr-2016 10:45:00,42,75.6
15-Apr-2016 11:20:00,173,75.6
15-Apr-2016 11:45:00,173,164.111111111111
15-Apr-2016 12:45:00,73,130
15-Apr-2016 13:15:00,61,53
15-Apr-2016 13:45:00,61,52.5
15-Apr-2016 15:45:00,237,99.7142857142857
15-Apr-2016 16:15:00,179,179
15-Apr-2016 16:45:00,179,183
17-Apr-2016 18:20:00,179,183
18-Apr-2016 05:10:00,136,136
18-Apr-2016 09:45:00,51,114.75
18-Apr-2016 10:45:00,57,52.875
18-Apr-2016 11:45:00,67,62.8571428571429
18-Apr-2016 12:45:00,72,99.7142857142857
18-Apr-2016 13:15:00,88,73.2222222222222
18-Apr-2016 13:45:00,88,81.7142857142857
18-Apr-2016 14:15:00,103,94.5
18-Apr-2016 14:45:00,103,112
18-Apr-2016 15:45:00,176,112
18-Apr-2016 16:15:00,212,197
18-Apr-2016 16:50:00,212,165.666666666667
18-Apr-2016 17:15:00,171,165.666666666667
18-Apr-2016 17:45:00,171,130
18-Apr-2016 18:15:00,108,130
18-Apr-2016 18:45:00,179,146.333333333333
18-Apr-2016 19:15:00,232,197
18-Apr-2016 19:50:00,232,224
18-Apr-2016 20:15:00,195,197.5
18-Apr-2016 20:45:00,195,171.888888888889
18-Apr-2016 21:20:00,156,171.888888888889
18-Apr-2016 21:45:00,156,220.4
18-Apr-2016 22:15:00,162,220.4
18-Apr-2016 22:45:00,162,163.166666666667
18-Apr-2016 23:15:00,151,158.166666666667
18-Apr-2016 23:45:00,151,140.8
19-Apr-2016 00:15:00,144,140.8
19-Apr-2016 00:45:00,144,159.8
19-Apr-2016 01:15:00,224,159.8
19-Apr-2016 01:45:00,224,215.5
19-Apr-2016 02:15:00,218,215.5
19-Apr-2016 03:15:00,190,215.5
19-Apr-2016 03:45:00,190,171.888888888889
19-Apr-2016 04:20:00,204,171.888888888889
19-Apr-2016 06:15:00,196,198
19-Apr-2016 06:45:00,196,205.5
19-Apr-2016 07:45:00,215,205.5
19-Apr-2016 08:55:00,131,131
19-Apr-2016 11:10:00,91,147.625
19-Apr-2016 12:45:00,78,74.8333333333333
19-Apr-2016 13:15:00,124,98.25
19-Apr-2016 13:50:00,124,144.222222222222
19-Apr-2016 14:15:00,179,144.222222222222
19-Apr-2016 14:45:00,179,197
19-Apr-2016 15:15:00,186,197
19-Apr-2016 15:45:00,186,157.833333333333
19-Apr-2016 16:15:00,93,157.833333333333
19-Apr-2016 16:45:00,93,89
19-Apr-2016 17:15:00,99,89
19-Apr-2016 17:45:00,99,89.5
19-Apr-2016 18:15:00,111,111
19-Apr-2016 18:45:00,108,108.888888888889
19-Apr-2016 19:15:00,106,146.333333333333
19-Apr-2016 19:45:00,106,116.5
19-Apr-2016 20:15:00,127,116.5
19-Apr-2016 20:45:00,127,144.222222222222
19-Apr-2016 21:15:00,149,144.222222222222
19-Apr-2016 21:45:00,149,164.428571428571
19-Apr-2016 22:15:00,150,164.428571428571
19-Apr-2016 22:45:00,150,164.428571428571
19-Apr-2016 23:45:00,175,164.428571428571
20-Apr-2016 00:15:00,153,165
20-Apr-2016 01:15:00,165,192.666666666667
20-Apr-2016 01:45:00,165,182
20-Apr-2016 02:20:00,199,182
20-Apr-2016 02:45:00,199,178
20-Apr-2016 03:15:00,169,178
20-Apr-2016 03:50:00,169,130
20-Apr-2016 04:15:00,129,130
20-Apr-2016 04:45:00,129,147.625
20-Apr-2016 06:45:00,152,147.625
20-Apr-2016 07:15:00,140,140.8
20-Apr-2016 07:45:00,140,136.166666666667
20-Apr-2016 08:15:00,83,104
20-Apr-2016 08:45:00,83,87
20-Apr-2016 09:15:00,95,87
20-Apr-2016 09:45:00,95,106.888888888889
20-Apr-2016 10:15:00,96,106.888888888889
20-Apr-2016 10:45:00,96,108.375
20-Apr-2016 11:15:00,116,108.375
20-Apr-2016 12:15:00,154,142.888888888889
20-Apr-2016 12:45:00,154,129.833333333333
20-Apr-2016 13:20:00,68,129.833333333333
20-Apr-2016 13:45:00,68,63.3333333333333
20-Apr-2016 14:15:00,143,125.833333333333
20-Apr-2016 14:50:00,143,134.857142857143
20-Apr-2016 15:15:00,124,134.857142857143
20-Apr-2016 15:45:00,124,144.222222222222
20-Apr-2016 16:20:00,122,144.222222222222
20-Apr-2016 16:45:00,122,120
20-Apr-2016 17:15:00,110,120
20-Apr-2016 17:45:00,110,108.888888888889
20-Apr-2016 18:45:00,111,108.888888888889
20-Apr-2016 19:15:00,128,108.888888888889
20-Apr-2016 19:45:00,128,122.571428571429
20-Apr-2016 20:15:00,111,122.571428571429
20-Apr-2016 20:50:00,111,108.888888888889
20-Apr-2016 21:15:00,102,108.888888888889
20-Apr-2016 21:45:00,102,112
20-Apr-2016 22:15:00,94,112
20-Apr-2016 22:45:00,94,89
20-Apr-2016 23:15:00,70,89
20-Apr-2016 23:45:00,70,80.1428571428571
21-Apr-2016 00:45:00,94,80.1428571428571
21-Apr-2016 01:15:00,151,107.714285714286
21-Apr-2016 01:45:00,151,140.8
21-Apr-2016 02:15:00,118,140.8
21-Apr-2016 02:45:00,118,120
21-Apr-2016 03:15:00,114,120
21-Apr-2016 03:45:00,114,123
21-Apr-2016 06:25:00,132,123
21-Apr-2016 08:15:00,176,147.625
21-Apr-2016 08:45:00,176,197
21-Apr-2016 09:20:00,140,140
21-Apr-2016 09:45:00,140,104
21-Apr-2016 10:15:00,89,104
21-Apr-2016 10:50:00,89,107.714285714286
21-Apr-2016 11:15:00,105,107.714285714286
21-Apr-2016 11:45:00,105,112
21-Apr-2016 12:20:00,81,112
21-Apr-2016 12:45:00,81,87
21-Apr-2016 13:15:00,89,87
21-Apr-2016 13:45:00,89,107.714285714286
21-Apr-2016 14:15:00,110,107.714285714286
21-Apr-2016 14:45:00,110,108.888888888889
21-Apr-2016 15:15:00,89,108.888888888889
21-Apr-2016 15:45:00,89,107.714285714286
21-Apr-2016 16:15:00,121,107.714285714286
21-Apr-2016 16:45:00,121,120
21-Apr-2016 17:15:00,137,130
21-Apr-2016 17:45:00,137,114.75
21-Apr-2016 18:10:00,137,114.75
21-Apr-2016 18:15:00,68,68
21-Apr-2016 18:45:00,128,125.833333333333
21-Apr-2016 19:15:00,154,122.571428571429
21-Apr-2016 19:45:00,154,129.833333333333
21-Apr-2016 20:15:00,150,129.833333333333
21-Apr-2016 20:45:00,150,164.428571428571
21-Apr-2016 21:10:00,150,164.428571428571
21-Apr-2016 21:45:00,227,164.428571428571
21-Apr-2016 22:15:00,244,198.6
21-Apr-2016 22:45:00,244,219.666666666667
21-Apr-2016 23:15:00,201,219.666666666667
21-Apr-2016 23:45:00,201,178
22-Apr-2016 00:15:00,223,225.2
22-Apr-2016 00:35:00,223,215.5
22-Apr-2016 01:15:00,187,215.5
22-Apr-2016 01:45:00,187,171.888888888889
22-Apr-2016 02:15:00,161,171.888888888889
22-Apr-2016 02:45:00,161,158.166666666667
22-Apr-2016 03:15:00,154,158.166666666667
22-Apr-2016 03:45:00,154,129.833333333333
22-Apr-2016 04:15:00,101,78
22-Apr-2016 06:45:00,87,92.2222222222222
22-Apr-2016 07:15:00,100,94.5
22-Apr-2016 07:45:00,100,92.2222222222222
22-Apr-2016 08:15:00,89,92.2222222222222
22-Apr-2016 08:45:00,89,87.5
22-Apr-2016 09:50:00,89,87.5
22-Apr-2016 10:15:00,79,87.5
22-Apr-2016 10:45:00,79,98.25
22-Apr-2016 11:15:00,111,98.25
22-Apr-2016 11:45:00,111,108.888888888889
22-Apr-2016 12:45:00,228,140
22-Apr-2016 13:15:00,101,198.6
22-Apr-2016 13:45:00,101,92.2222222222222
22-Apr-2016 14:20:00,428,428
22-Apr-2016 14:45:00,428,372
22-Apr-2016 15:15:00,66,345.2
22-Apr-2016 15:45:00,66,99.7142857142857
22-Apr-2016 16:45:00,57,99.7142857142857
22-Apr-2016 17:15:00,64,62.8571428571429
22-Apr-2016 17:45:00,64,99.7142857142857
22-Apr-2016 18:45:00,68,99.7142857142857
22-Apr-2016 19:15:00,85,125.833333333333
22-Apr-2016 19:45:00,85,94.5
22-Apr-2016 20:05:00,85,94.5
22-Apr-2016 21:00:00,101,94.5
23-Apr-2016 00:40:00,108,97.1111111111111
23-Apr-2016 04:30:00,190,146.333333333333
23-Apr-2016 08:20:00,49,49
23-Apr-2016 12:10:00,66,73
23-Apr-2016 16:00:00,134,99.7142857142857
23-Apr-2016 18:15:00,201,162.666666666667
23-Apr-2016 20:00:00,234,225.2
23-Apr-2016 23:40:00,158,197.5
24-Apr-2016 03:50:00,460,220.4
24-Apr-2016 08:00:00,67,67
24-Apr-2016 09:15:00,46,46
24-Apr-2016 09:45:00,46,44
24-Apr-2016 10:15:00,47,44
24-Apr-2016 10:45:00,47,63
24-Apr-2016 11:15:00,79,63
24-Apr-2016 11:45:00,79,98.25
24-Apr-2016 13:15:00,53,52.3333333333333
24-Apr-2016 13:45:00,53,56.4
24-Apr-2016 14:45:00,68,56.4
24-Apr-2016 15:15:00,68,125.833333333333
24-Apr-2016 15:45:00,68,125.833333333333
24-Apr-2016 16:15:00,263,125.833333333333
24-Apr-2016 16:45:00,263,236.625
24-Apr-2016 17:15:00,239,236.625
24-Apr-2016 17:45:00,239,247.777777777778
24-Apr-2016 18:15:00,265,247.777777777778
24-Apr-2016 18:45:00,201,236.625
24-Apr-2016 19:15:00,215,225.2
24-Apr-2016 19:45:00,215,200.6
24-Apr-2016 20:15:00,183,200.6
24-Apr-2016 20:45:00,183,129.25
24-Apr-2016 21:15:00,113,129.25
24-Apr-2016 21:45:00,113,140
24-Apr-2016 22:15:00,79,140
24-Apr-2016 22:45:00,79,52.3333333333333
24-Apr-2016 23:15:00,25,52.3333333333333
24-Apr-2016 23:45:00,25,55.1666666666667
25-Apr-2016 00:15:00,79,55.1666666666667
25-Apr-2016 00:45:00,79,80.1111111111111
25-Apr-2016 01:15:00,134,80.1111111111111
25-Apr-2016 01:45:00,134,162.666666666667
25-Apr-2016 02:45:00,153,162.666666666667
25-Apr-2016 03:15:00,260,192.666666666667
25-Apr-2016 04:15:00,236,236.625
25-Apr-2016 06:15:00,111,151.5
25-Apr-2016 07:40:00,29,29
25-Apr-2016 08:45:00,56,43.375
25-Apr-2016 11:45:00,67,62.8571428571429
25-Apr-2016 12:45:00,72,78.25
25-Apr-2016 13:15:00,69,73.2222222222222
25-Apr-2016 13:45:00,69,68.2222222222222
25-Apr-2016 14:45:00,86,68.2222222222222
25-Apr-2016 15:15:00,93,94.5
25-Apr-2016 15:50:00,93,87.5
25-Apr-2016 16:15:00,185,134.4
25-Apr-2016 16:45:00,185,267
25-Apr-2016 17:20:00,349,267
25-Apr-2016 17:45:00,349,324.875
25-Apr-2016 18:15:00,230,294.571428571429
25-Apr-2016 18:50:00,265,239.5
25-Apr-2016 19:15:00,233,236.625
25-Apr-2016 19:45:00,233,197.5
25-Apr-2016 20:15:00,204,197.5
25-Apr-2016 20:45:00,204,200.6
25-Apr-2016 21:15:00,186,200.6
25-Apr-2016 21:45:00,186,157.833333333333
25-Apr-2016 22:15:00,175,157.833333333333
25-Apr-2016 22:45:00,175,165
25-Apr-2016 23:15:00,174,165
25-Apr-2016 23:45:00,174,165
26-Apr-2016 00:15:00,191,191
26-Apr-2016 00:45:00,191,193.4
26-Apr-2016 01:15:00,230,193.4
26-Apr-2016 01:45:00,230,239.5
26-Apr-2016 02:15:00,265,239.5
26-Apr-2016 03:15:00,261,261
26-Apr-2016 03:45:00,261,261
26-Apr-2016 04:45:00,176,176
26-Apr-2016 11:45:00,102,135.5
26-Apr-2016 12:20:00,123,112
26-Apr-2016 12:45:00,123,130
26-Apr-2016 13:15:00,293,160
26-Apr-2016 13:50:00,293,276.5
26-Apr-2016 14:15:00,270,276.5
26-Apr-2016 14:45:00,270,252.75
26-Apr-2016 15:15:00,226,252.75
26-Apr-2016 15:45:00,226,198.6
26-Apr-2016 16:15:00,216,198.6
26-Apr-2016 16:45:00,216,341.333333333333
26-Apr-2016 17:15:00,248,341.333333333333
26-Apr-2016 17:45:00,248,247.777777777778
26-Apr-2016 18:15:00,237,247.777777777778
26-Apr-2016 18:45:00,230,247.777777777778
26-Apr-2016 19:15:00,222,239.5
26-Apr-2016 19:45:00,222,215.5
26-Apr-2016 20:45:00,235,215.5
26-Apr-2016 21:15:00,192,151.5
26-Apr-2016 21:50:00,192,193.4
26-Apr-2016 22:15:00,164,193.4
26-Apr-2016 22:45:00,164,158.166666666667
26-Apr-2016 23:20:00,155,158.166666666667
26-Apr-2016 23:45:00,155,220.4
27-Apr-2016 00:15:00,169,220.4
27-Apr-2016 00:50:00,169,135.5
27-Apr-2016 01:15:00,249,249
27-Apr-2016 01:45:00,249,269
27-Apr-2016 02:15:00,289,269
27-Apr-2016 02:45:00,289,276.5
27-Apr-2016 03:15:00,316,308
27-Apr-2016 03:45:00,316,247
27-Apr-2016 04:15:00,190,247
27-Apr-2016 04:45:00,190,193.4
27-Apr-2016 06:15:00,89,140.625
27-Apr-2016 07:05:00,89,134.4
27-Apr-2016 12:45:00,145,134.4
27-Apr-2016 13:15:00,225,225
27-Apr-2016 13:45:00,225,215.5
27-Apr-2016 14:45:00,348,272.666666666667
27-Apr-2016 15:15:00,302,294.571428571429
27-Apr-2016 15:45:00,302,327
27-Apr-2016 16:15:00,323,327
27-Apr-2016 16:45:00,323,294.571428571429
27-Apr-2016 17:15:00,326,294.571428571429
27-Apr-2016 17:45:00,326,294.571428571429
27-Apr-2016 18:15:00,229,294.571428571429
27-Apr-2016 18:45:00,237,272.666666666667
27-Apr-2016 19:15:00,264,247.777777777778
27-Apr-2016 19:45:00,264,266
27-Apr-2016 20:45:00,319,266
27-Apr-2016 21:45:00,259,223
27-Apr-2016 22:15:00,242,266
27-Apr-2016 22:50:00,242,247.777777777778
27-Apr-2016 23:15:00,262,247.777777777778
27-Apr-2016 23:45:00,262,266
29-Apr-2016 00:15:00,243,266
29-Apr-2016 00:45:00,243,247.777777777778
29-Apr-2016 01:45:00,430,340.5
29-Apr-2016 02:15:00,538,345.2
29-Apr-2016 02:50:00,538,450.555555555555
29-Apr-2016 03:15:00,430,450.555555555555
29-Apr-2016 03:45:00,430,345.2
29-Apr-2016 04:20:00,266,345.2
29-Apr-2016 04:45:00,266,252.75
29-Apr-2016 05:40:00,154,212.375
29-Apr-2016 07:45:00,55,78
29-Apr-2016 08:15:00,68,62.8571428571429
29-Apr-2016 08:50:00,68,86.2
29-Apr-2016 09:15:00,127,86.2
29-Apr-2016 09:45:00,127,126.444444444444
29-Apr-2016 10:15:00,121,126.444444444444
29-Apr-2016 10:45:00,121,160
29-Apr-2016 11:15:00,138,160
29-Apr-2016 12:45:00,102,120.166666666667
29-Apr-2016 13:15:00,86,92.1111111111111
29-Apr-2016 14:15:00,160,123.5
29-Apr-2016 14:45:00,160,185.5
29-Apr-2016 15:20:00,203,185.5
29-Apr-2016 15:45:00,203,225.2
29-Apr-2016 16:15:00,251,225.2
29-Apr-2016 16:50:00,251,340.5
03-May-2016 18:15:00,110,110
04-May-2016 04:15:00,215,130.4
04-May-2016 04:35:00,215,200.6
04-May-2016 05:15:00,167,171
04-May-2016 05:45:00,167,164.857142857143
04-May-2016 06:15:00,115,128.166666666667
04-May-2016 07:15:00,95,130.4
04-May-2016 07:45:00,95,106.888888888889
04-May-2016 08:15:00,147,106.888888888889
04-May-2016 08:40:00,147,141.142857142857
04-May-2016 09:15:00,284,189.333333333333
04-May-2016 09:45:00,284,212.375
04-May-2016 10:15:00,89,212.375
04-May-2016 10:45:00,89,134.4
04-May-2016 11:15:00,164,134.4
04-May-2016 11:40:00,164,158.166666666667
04-May-2016 12:15:00,192,192
04-May-2016 12:45:00,192,140.625
04-May-2016 13:15:00,115,140.625
04-May-2016 13:45:00,115,130.4
04-May-2016 14:05:00,115,130.4
04-May-2016 14:45:00,112,130.4
04-May-2016 15:15:00,75,75
04-May-2016 15:35:00,75,68.5
04-May-2016 16:15:00,138,138
04-May-2016 16:45:00,138,120.166666666667
04-May-2016 17:15:00,129,120.166666666667
04-May-2016 17:45:00,129,126.444444444444
04-May-2016 18:45:00,110,126.444444444444
04-May-2016 19:15:00,111,93.375
04-May-2016 19:45:00,111,112.888888888889
04-May-2016 20:15:00,110,112.888888888889
04-May-2016 20:45:00,110,93.375
04-May-2016 21:15:00,63,93.375
04-May-2016 21:45:00,63,78.25
04-May-2016 22:15:00,87,78.25
04-May-2016 22:45:00,87,123.5
04-May-2016 23:15:00,23,23
04-May-2016 23:35:00,23,46.4
05-May-2016 00:15:00,17,46.4
05-May-2016 00:45:00,17,18.8333333333333
05-May-2016 01:05:00,17,18.8333333333333
05-May-2016 01:45:00,22,18.8333333333333
05-May-2016 02:10:00,22,46.4
05-May-2016 02:45:00,61,46.4
05-May-2016 03:15:00,91,78.25
05-May-2016 03:45:00,91,78
05-May-2016 04:15:00,84,78
05-May-2016 12:40:00,93,86.8888888888889
05-May-2016 13:35:00,70,78
05-May-2016 14:05:00,70,80.1428571428571
05-May-2016 14:30:00,86,80.1428571428571
05-May-2016 15:05:00,86,70.75
05-May-2016 15:35:00,12,70.75
05-May-2016 16:00:00,12,18.8333333333333
05-May-2016 16:30:00,32,18.8333333333333
05-May-2016 17:00:00,32,43.375
05-May-2016 18:00:00,48,43.375
05-May-2016 18:30:00,13,13
05-May-2016 18:50:00,13,18.8333333333333
05-May-2016 19:30:00,61,57.5714285714286
05-May-2016 20:00:00,61,70.25
05-May-2016 20:20:00,79,70.25
05-May-2016 21:00:00,79,80.1111111111111
05-May-2016 21:30:00,31,80.1111111111111
05-May-2016 21:50:00,31,43.375
05-May-2016 22:30:00,57,43.375
05-May-2016 23:00:00,57,62.8571428571429
06-May-2016 00:30:00,31,44
06-May-2016 01:00:00,31,43.375
06-May-2016 01:30:00,59,43.375
06-May-2016 02:00:00,59,70.25
06-May-2016 02:30:00,82,70.25
06-May-2016 03:00:00,82,79.2222222222222
06-May-2016 03:30:00,81,79.2222222222222
06-May-2016 04:00:00,81,79.2222222222222
06-May-2016 04:30:00,59,79.2222222222222
06-May-2016 10:30:00,51,60.875
06-May-2016 11:00:00,51,52.875
06-May-2016 11:30:00,61,52.875
06-May-2016 12:00:00,61,60.875
06-May-2016 12:30:00,61,60.875
06-May-2016 13:00:00,61,60.875
06-May-2016 13:20:00,60,60.875
06-May-2016 14:00:00,60,60.875
06-May-2016 14:30:00,71,60.875
06-May-2016 14:50:00,71,73.2222222222222
06-May-2016 15:30:00,62,73.2222222222222
06-May-2016 16:00:00,62,60.875
06-May-2016 16:20:00,120,78.3333333333333
06-May-2016 17:00:00,120,160
06-May-2016 17:30:00,128,160
06-May-2016 18:00:00,128,126.444444444444
06-May-2016 18:30:00,128,126.444444444444
06-May-2016 19:00:00,128,126.444444444444
06-May-2016 19:30:00,143,126.444444444444
06-May-2016 20:00:00,143,141
06-May-2016 20:30:00,124,141
06-May-2016 21:00:00,124,126.444444444444
06-May-2016 21:30:00,83,83
06-May-2016 22:00:00,83,79.2222222222222
06-May-2016 22:30:00,69,79.2222222222222
06-May-2016 23:30:00,33,57.75
07-May-2016 00:00:00,33,43.375
07-May-2016 00:20:00,81,55.3333333333333
07-May-2016 01:00:00,81,79.2222222222222
07-May-2016 01:30:00,95,79.2222222222222
07-May-2016 01:50:00,95,92
07-May-2016 02:30:00,74,92
07-May-2016 03:00:00,74,84
07-May-2016 03:30:00,89,84
07-May-2016 04:00:00,89,101.833333333333
07-May-2016 04:30:00,103,101.833333333333
07-May-2016 04:55:00,103,92.1111111111111
07-May-2016 05:30:00,56,92.1111111111111
07-May-2016 06:00:00,56,44
07-May-2016 07:00:00,45,44
07-May-2016 07:30:00,13,44
07-May-2016 08:30:00,76,57.5714285714286
07-May-2016 09:00:00,76,84
07-May-2016 09:30:00,87,84
07-May-2016 09:50:00,87,70.75
07-May-2016 10:30:00,76,70.75
07-May-2016 11:00:00,76,84
07-May-2016 11:20:00,118,84
07-May-2016 12:00:00,118,103.5
07-May-2016 12:30:00,89,103.5
07-May-2016 12:50:00,89,101.833333333333
07-May-2016 13:30:00,133,101.833333333333
07-May-2016 14:00:00,133,120.666666666667
07-May-2016 14:30:00,132,120.666666666667
07-May-2016 14:50:00,132,120.666666666667
07-May-2016 15:30:00,77,120.666666666667
07-May-2016 16:00:00,77,84
07-May-2016 16:30:00,82,84
07-May-2016 17:00:00,82,79.2222222222222
07-May-2016 17:30:00,111,108.333333333333
07-May-2016 18:00:00,111,112.888888888889
07-May-2016 18:30:00,111,112.888888888889
07-May-2016 19:00:00,111,112.888888888889
07-May-2016 22:00:00,127,112.888888888889
07-May-2016 22:25:00,110,136.5
07-May-2016 23:00:00,110,93.375
07-May-2016 23:30:00,83,93.375
07-May-2016 23:55:00,83,108.333333333333
08-May-2016 00:35:00,131,108.333333333333
08-May-2016 01:05:00,131,144.833333333333
08-May-2016 01:25:00,178,144.833333333333
08-May-2016 02:05:00,178,150
08-May-2016 02:35:00,148,150
08-May-2016 03:05:00,148,148.75
08-May-2016 03:35:00,161,148.75
08-May-2016 04:05:00,161,124.75
08-May-2016 04:35:00,130,124.75
08-May-2016 05:05:00,130,144.833333333333
08-May-2016 05:35:00,113,144.833333333333
08-May-2016 06:05:00,113,112.888888888889
08-May-2016 06:35:00,111,112.888888888889
08-May-2016 07:05:00,111,112.888888888889
08-May-2016 07:35:00,55,55
08-May-2016 11:35:00,97,67.7777777777778
08-May-2016 12:05:00,97,99.5
08-May-2016 12:35:00,102,99.5
08-May-2016 13:05:00,102,92.1111111111111
08-May-2016 13:35:00,100,92.1111111111111
08-May-2016 14:05:00,100,97.1111111111111
08-May-2016 14:35:00,93,97.1111111111111
08-May-2016 15:05:00,93,78
08-May-2016 15:35:00,52,78
08-May-2016 16:05:00,52,67.7777777777778
08-May-2016 16:35:00,81,67.7777777777778
08-May-2016 17:05:00,81,88.125
08-May-2016 17:30:00,84,88.125
08-May-2016 18:05:00,84,86.8888888888889
08-May-2016 18:35:00,98,86.8888888888889
08-May-2016 20:25:00,132,115.5
08-May-2016 21:05:00,132,120.666666666667
08-May-2016 21:35:00,84,120.666666666667
08-May-2016 21:55:00,84,86.8888888888889
08-May-2016 22:35:00,73,86.8888888888889
08-May-2016 23:05:00,73,53
08-May-2016 23:25:00,25,53
09-May-2016 00:05:00,25,55.1666666666667
09-May-2016 00:35:00,77,55.1666666666667
09-May-2016 01:05:00,77,84
09-May-2016 01:35:00,117,119
09-May-2016 02:05:00,117,119.142857142857
09-May-2016 02:35:00,134,119.142857142857
09-May-2016 03:05:00,134,120.166666666667
09-May-2016 03:35:00,141,120.166666666667
09-May-2016 04:05:00,141,141
09-May-2016 04:25:00,150,141
09-May-2016 05:00:00,150,148.75
09-May-2016 06:50:00,136,148.75
09-May-2016 10:55:00,77,120.166666666667
09-May-2016 11:35:00,121,119
09-May-2016 13:35:00,18,18
09-May-2016 13:55:00,18,57.5714285714286
09-May-2016 14:35:00,116,57.5714285714286
09-May-2016 15:05:00,116,142.888888888889
09-May-2016 15:25:00,233,142.888888888889
09-May-2016 16:05:00,233,272.666666666667
09-May-2016 16:35:00,54,113
09-May-2016 16:55:00,54,67.7777777777778
09-May-2016 17:35:00,80,67.7777777777778
09-May-2016 18:05:00,80,80.1111111111111
09-May-2016 18:35:00,83,80.1111111111111
09-May-2016 19:05:00,83,88.125
09-May-2016 19:35:00,107,88.125
09-May-2016 20:05:00,107,116.5
09-May-2016 20:35:00,103,116.5
09-May-2016 21:05:00,103,92.1111111111111
09-May-2016 21:35:00,79,92.1111111111111
09-May-2016 22:00:00,79,80.1111111111111
09-May-2016 22:35:00,77,80.1111111111111
09-May-2016 23:05:00,77,60.75
09-May-2016 23:35:00,50,60.75
10-May-2016 00:05:00,50,52.875
10-May-2016 00:35:00,70,52.875
10-May-2016 00:55:00,70,80.1428571428571
10-May-2016 01:35:00,101,80.1428571428571
10-May-2016 02:05:00,101,97.1111111111111
10-May-2016 02:25:00,120,97.1111111111111
10-May-2016 03:05:00,120,119.142857142857
10-May-2016 03:35:00,120,119.142857142857
10-May-2016 03:40:00,120,119.142857142857
10-May-2016 04:35:00,103,119.142857142857
10-May-2016 05:05:00,103,92.1111111111111
10-May-2016 05:35:00,97,92.1111111111111
10-May-2016 12:55:00,99,115.5
11-May-2016 08:35:00,20,20
11-May-2016 08:55:00,20,57.5714285714286
11-May-2016 09:55:00,62,57.5714285714286
11-May-2016 10:35:00,49,78.3333333333333
11-May-2016 11:00:00,49,73
11-May-2016 11:15:00,104,73
11-May-2016 12:35:00,44,81.25
11-May-2016 12:55:00,44,44
11-May-2016 13:35:00,40,44
11-May-2016 14:05:00,40,50.3333333333333
11-May-2016 14:25:00,71,50.3333333333333
11-May-2016 15:05:00,71,73.2222222222222
11-May-2016 15:30:00,83,73.2222222222222
11-May-2016 16:05:00,83,88.125
11-May-2016 16:35:00,73,88.125
11-May-2016 17:05:00,73,74.6666666666667
11-May-2016 17:35:00,79,74.6666666666667
11-May-2016 18:05:00,79,80.1111111111111
11-May-2016 18:20:00,163,121
11-May-2016 18:35:00,84,124.75
11-May-2016 19:05:00,84,86.8888888888889
11-May-2016 19:35:00,95,86.8888888888889
11-May-2016 20:05:00,95,92
11-May-2016 20:30:00,104,92
11-May-2016 21:05:00,104,81.25
11-May-2016 21:35:00,73,81.25
11-May-2016 22:05:00,73,74.6666666666667
11-May-2016 22:25:00,77,74.6666666666667
11-May-2016 23:05:00,77,60.75
11-May-2016 23:30:00,39,60.75
11-May-2016 23:55:00,39,51.375
12-May-2016 00:35:00,66,51.375
12-May-2016 01:05:00,66,78.3333333333333
12-May-2016 01:25:00,130,130
12-May-2016 02:00:00,130,144.833333333333
12-May-2016 02:35:00,187,144.833333333333
12-May-2016 03:05:00,187,140.625
12-May-2016 03:35:00,111,140.625
12-May-2016 03:55:00,111,110.333333333333
12-May-2016 04:35:00,110,110.333333333333
12-May-2016 05:50:00,69,93.375
12-May-2016 06:30:00,60,57.75
12-May-2016 07:30:00,42,54.8888888888889
12-May-2016 09:50:00,59,44
12-May-2016 10:20:00,54,54.8888888888889
12-May-2016 10:50:00,54,67.7777777777778
12-May-2016 11:50:00,88,67.7777777777778
12-May-2016 12:50:00,83,70.75
12-May-2016 13:00:00,83,88.125
12-May-2016 15:20:00,111,88.125
12-May-2016 15:50:00,111,110.333333333333
12-May-2016 16:20:00,104,110.333333333333
12-May-2016 16:50:00,104,81.25
12-May-2016 17:20:00,160,131.5
12-May-2016 18:15:00,124,124.75
12-May-2016 18:50:00,163,136.5
12-May-2016 19:20:00,166,160.5
12-May-2016 20:20:00,66,128.166666666667
12-May-2016 20:50:00,66,54.8888888888889
12-May-2016 21:20:00,60,54.8888888888889
12-May-2016 21:50:00,60,54.8888888888889
12-May-2016 22:20:00,51,54.8888888888889
12-May-2016 22:50:00,51,52.875
12-May-2016 23:20:00,33,52.875
12-May-2016 23:40:00,33,55.3333333333333
13-May-2016 00:20:00,52,55.3333333333333
13-May-2016 00:50:00,52,67.7777777777778
13-May-2016 01:10:00,52,67.7777777777778
13-May-2016 01:50:00,124,96.8333333333333
13-May-2016 02:20:00,108,115.375
13-May-2016 02:50:00,108,104.4
13-May-2016 03:20:00,97,104.4
13-May-2016 03:50:00,97,106.5
13-May-2016 04:20:00,100,106.5
13-May-2016 05:40:00,62,97.1111111111111
13-May-2016 07:45:00,41,54.8888888888889
13-May-2016 08:10:00,41,44
13-May-2016 09:20:00,62,44
13-May-2016 10:20:00,55,54.8888888888889
13-May-2016 11:45:00,83,96.8333333333333
13-May-2016 12:15:00,65,64.6
13-May-2016 12:40:00,65,54.8888888888889
13-May-2016 13:15:00,249,144
13-May-2016 13:45:00,249,212.285714285714
13-May-2016 14:10:00,249,212.285714285714
13-May-2016 14:45:00,122,212.285714285714
13-May-2016 15:15:00,103,115.25
13-May-2016 15:50:00,103,131.5
13-May-2016 16:15:00,63,83
13-May-2016 16:45:00,63,144
13-May-2016 17:15:00,120,144
13-May-2016 17:45:00,120,119.142857142857
13-May-2016 18:15:00,175,141.333333333333
13-May-2016 18:45:00,124,150
13-May-2016 19:15:00,114,115.375
13-May-2016 19:45:00,114,98.25
13-May-2016 20:15:00,85,98.25
13-May-2016 20:45:00,85,70.75
13-May-2016 21:15:00,50,70.75
13-May-2016 21:45:00,50,52.875
13-May-2016 22:15:00,61,58
13-May-2016 22:45:00,61,51.75
13-May-2016 23:15:00,31,51.75
13-May-2016 23:45:00,31,34.5555555555556
14-May-2016 00:15:00,44,34.5555555555556
14-May-2016 00:45:00,44,44
14-May-2016 01:15:00,99,66.3333333333333
14-May-2016 01:45:00,99,106.5
14-May-2016 02:15:00,130,106.5
14-May-2016 03:15:00,122,125.25
14-May-2016 03:45:00,122,115.25
14-May-2016 04:10:00,122,115.25
14-May-2016 04:45:00,114,115.25
14-May-2016 05:15:00,79,98.25
14-May-2016 05:40:00,79,121
14-May-2016 06:15:00,63,68.7142857142857
14-May-2016 06:45:00,63,51.75
14-May-2016 07:10:00,63,51.75
14-May-2016 07:45:00,38,51.75
14-May-2016 08:15:00,84,51.375
14-May-2016 08:50:00,84,86.8888888888889
14-May-2016 09:15:00,87,86.8888888888889
14-May-2016 09:45:00,87,70.75
14-May-2016 10:20:00,89,142.5
14-May-2016 10:45:00,89,101.833333333333
14-May-2016 11:15:00,108,101.833333333333
14-May-2016 11:45:00,108,104.4
14-May-2016 12:15:00,101,104.4
14-May-2016 12:45:00,101,97.1111111111111
14-May-2016 13:45:00,89,97.1111111111111
14-May-2016 14:45:00,247,181
14-May-2016 15:45:00,276,245.166666666667
14-May-2016 16:45:00,245,212.375
14-May-2016 17:45:00,212,245.166666666667
14-May-2016 18:45:00,175,171
14-May-2016 19:15:00,213,210.333333333333
14-May-2016 19:45:00,213,203.166666666667
14-May-2016 20:15:00,167,203.166666666667
14-May-2016 20:40:00,167,128.166666666667
16-May-2016 04:50:00,121,128.166666666667
16-May-2016 05:15:00,66,92.3333333333333
16-May-2016 05:45:00,66,64
16-May-2016 06:15:00,62,64
16-May-2016 06:45:00,62,51.75
16-May-2016 07:15:00,36,51.75
16-May-2016 07:45:00,36,36
16-May-2016 08:10:00,36,36
16-May-2016 09:15:00,60,60
16-May-2016 09:45:00,60,51.75
16-May-2016 10:15:00,73,73
16-May-2016 10:45:00,73,74.6666666666667
16-May-2016 12:40:00,73,74.6666666666667
16-May-2016 16:20:00,63,68
16-May-2016 18:15:00,132,132
16-May-2016 20:20:00,128,120.666666666667
17-May-2016 00:10:00,87,115.375
17-May-2016 04:10:00,196,142.5
17-May-2016 06:15:00,83,140.625
17-May-2016 06:45:00,83,64.6
17-May-2016 07:15:00,38,64.6
17-May-2016 07:45:00,38,39
17-May-2016 08:15:00,40,39
17-May-2016 08:45:00,40,50.3333333333333
17-May-2016 09:15:00,70,82.4444444444444
17-May-2016 09:45:00,70,80.1428571428571
17-May-2016 10:15:00,56,56
17-May-2016 10:45:00,56,96.8333333333333
17-May-2016 11:15:00,56,96.8333333333333
17-May-2016 11:45:00,107,96.8333333333333
17-May-2016 12:15:00,107,116.5
17-May-2016 12:45:00,223,134.75
17-May-2016 13:15:00,223,113
17-May-2016 13:45:00,47,113
17-May-2016 14:15:00,47,66.3333333333333
17-May-2016 15:15:00,53,66.3333333333333
17-May-2016 15:45:00,155,96.8333333333333
17-May-2016 16:10:00,155,160.5
17-May-2016 16:45:00,117,117
17-May-2016 17:15:00,117,141.333333333333
17-May-2016 17:40:00,132,141.333333333333
17-May-2016 18:45:00,135,120.666666666667
17-May-2016 19:10:00,135,150
17-May-2016 19:45:00,165,150
17-May-2016 20:15:00,165,148.333333333333
17-May-2016 20:45:00,118,148.333333333333
17-May-2016 21:15:00,118,116
17-May-2016 21:45:00,111,116
17-May-2016 22:15:00,111,110.333333333333
17-May-2016 22:45:00,115,110.333333333333
17-May-2016 23:15:00,115,98.25
17-May-2016 23:45:00,146,146
18-May-2016 00:15:00,146,154.714285714286
18-May-2016 00:45:00,168,154.714285714286
18-May-2016 01:10:00,168,210.333333333333
18-May-2016 01:45:00,250,210.333333333333
18-May-2016 02:15:00,250,212.285714285714
18-May-2016 02:45:00,162,212.285714285714
18-May-2016 03:15:00,162,148.333333333333
18-May-2016 03:45:00,139,148.333333333333
18-May-2016 04:15:00,139,145.25
18-May-2016 04:40:00,135,145.25
18-May-2016 05:15:00,135,130.111111111111
18-May-2016 05:45:00,121,130.111111111111
18-May-2016 06:10:00,121,92.3333333333333
18-May-2016 06:25:00,80,92.3333333333333
19-May-2016 09:45:00,82,75
19-May-2016 10:15:00,89,83.25
19-May-2016 11:45:00,115,181
19-May-2016 12:45:00,51,101.714285714286
19-May-2016 14:15:00,72,58
19-May-2016 14:45:00,90,83.3333333333333
19-May-2016 15:20:00,84,83.1666666666667
19-May-2016 15:45:00,84,94.625
19-May-2016 16:20:00,109,94.625
19-May-2016 16:40:00,109,93.375
19-May-2016 17:15:00,92,93.375
19-May-2016 17:40:00,92,107.8
19-May-2016 18:10:00,92,107.8
19-May-2016 18:15:00,112,107.8
19-May-2016 18:50:00,114,101.714285714286
19-May-2016 19:15:00,124,101.714285714286
19-May-2016 19:35:00,124,115.375
19-May-2016 20:20:00,102,115.375
19-May-2016 20:45:00,102,83
19-May-2016 21:15:00,74,83
19-May-2016 21:45:00,74,87.5
19-May-2016 22:20:00,78,87.5
19-May-2016 22:45:00,78,68.7142857142857
19-May-2016 23:15:00,52,68.7142857142857
19-May-2016 23:45:00,52,52.6666666666667
20-May-2016 00:15:00,53,52.6666666666667
20-May-2016 00:45:00,53,52.6666666666667
20-May-2016 01:15:00,112,76.2857142857143
20-May-2016 01:45:00,112,101.714285714286
20-May-2016 02:15:00,107,101.714285714286
20-May-2016 02:45:00,107,134.75
20-May-2016 03:15:00,103,134.75
20-May-2016 03:45:00,103,83
20-May-2016 11:15:00,73,83
20-May-2016 11:45:00,73,68
20-May-2016 12:45:00,67,68
20-May-2016 13:20:00,60,72.5555555555555
20-May-2016 13:45:00,60,77.625
20-May-2016 14:15:00,100,77.625
20-May-2016 14:50:00,100,97.1111111111111
20-May-2016 15:20:00,167,122.285714285714
20-May-2016 15:45:00,167,128.166666666667
20-May-2016 16:20:00,133,128.166666666667
20-May-2016 16:45:00,133,120.666666666667
20-May-2016 17:15:00,81,81
20-May-2016 18:15:00,64,83.25
20-May-2016 18:45:00,112,101
20-May-2016 20:15:00,90,101.714285714286
20-May-2016 20:40:00,90,83.1666666666667
20-May-2016 21:15:00,77,83.1666666666667
20-May-2016 21:45:00,77,77.1111111111111
20-May-2016 22:10:00,77,77.1111111111111
20-May-2016 22:45:00,77,77.1111111111111
20-May-2016 23:15:00,63,77.1111111111111
20-May-2016 23:50:00,63,77.625
21-May-2016 00:15:00,108,77.625
21-May-2016 00:45:00,108,104.4
21-May-2016 01:15:00,146,118.4
21-May-2016 01:45:00,146,154.714285714286
21-May-2016 02:15:00,171,154.714285714286
21-May-2016 02:45:00,171,173.285714285714
21-May-2016 03:15:00,191,173.285714285714
21-May-2016 03:45:00,191,140.625
21-May-2016 04:15:00,157,140.625
21-May-2016 04:45:00,157,148.333333333333
21-May-2016 05:15:00,143,148.333333333333
21-May-2016 05:45:00,143,141
21-May-2016 06:10:00,143,141
21-May-2016 06:45:00,135,141
21-May-2016 07:15:00,114,130.111111111111
21-May-2016 07:40:00,114,101.714285714286
21-May-2016 08:15:00,133,133
21-May-2016 08:45:00,133,130.2
21-May-2016 09:10:00,133,130.2
21-May-2016 09:45:00,136,130.2
21-May-2016 10:15:00,127,130.111111111111
21-May-2016 10:45:00,127,115.375
21-May-2016 11:15:00,132,115.375
21-May-2016 11:45:00,132,130.2
21-May-2016 12:45:00,117,130.2
21-May-2016 13:15:00,104,116
21-May-2016 13:45:00,104,115.333333333333
21-May-2016 14:15:00,98,115.333333333333
21-May-2016 14:45:00,98,85.6
21-May-2016 15:15:00,67,85.6
21-May-2016 15:45:00,67,72.5555555555555
21-May-2016 16:15:00,83,72.5555555555555
21-May-2016 16:45:00,83,64.6
21-May-2016 17:15:00,54,64.6
21-May-2016 17:45:00,54,76.2857142857143
21-May-2016 18:15:00,111,76.2857142857143
21-May-2016 18:45:00,64,99.75
21-May-2016 19:15:00,90,101
21-May-2016 19:45:00,90,83.1666666666667
21-May-2016 20:10:00,90,83.1666666666667
21-May-2016 20:45:00,68,83.1666666666667
21-May-2016 21:15:00,54,86.2
21-May-2016 21:40:00,54,76.2857142857143
21-May-2016 22:15:00,43,76.2857142857143
21-May-2016 22:45:00,43,36.3333333333333
21-May-2016 23:10:00,43,36.3333333333333
21-May-2016 23:45:00,13,36.3333333333333
22-May-2016 01:15:00,50,57.5714285714286
22-May-2016 01:45:00,50,58
22-May-2016 02:10:00,50,58
22-May-2016 02:45:00,57,58
22-May-2016 03:15:00,78,76.2857142857143
22-May-2016 03:45:00,78,68.7142857142857
22-May-2016 04:15:00,71,68.7142857142857
22-May-2016 04:45:00,71,83.3333333333333
22-May-2016 05:15:00,89,83.3333333333333
22-May-2016 05:45:00,89,101.444444444444
22-May-2016 06:15:00,111,101.444444444444
22-May-2016 06:45:00,111,99.75
22-May-2016 07:15:00,112,99.75
22-May-2016 07:45:00,112,99.75
22-May-2016 08:15:00,143,134
22-May-2016 08:45:00,143,141
22-May-2016 09:15:00,147,141
22-May-2016 09:40:00,147,189.333333333333
22-May-2016 10:15:00,137,189.333333333333
22-May-2016 10:45:00,137,145.25
22-May-2016 11:15:00,170,145.25
22-May-2016 12:15:00,151,173.285714285714
22-May-2016 12:45:00,151,154.2
22-May-2016 13:10:00,151,154.2
22-May-2016 13:45:00,152,154.2
22-May-2016 14:15:00,165,154.2
22-May-2016 14:40:00,165,148.333333333333
22-May-2016 15:15:00,130,148.333333333333
22-May-2016 15:45:00,130,125.25
22-May-2016 16:10:00,130,125.25
22-May-2016 16:45:00,119,125.25
22-May-2016 17:15:00,129,116
22-May-2016 17:45:00,129,115.375
22-May-2016 18:15:00,40,99.75
22-May-2016 18:45:00,111,82.4444444444444
22-May-2016 19:15:00,131,115.5
22-May-2016 20:15:00,97,94.6666666666667
22-May-2016 20:45:00,97,85.6
22-May-2016 21:20:00,82,85.6
22-May-2016 21:45:00,82,83.25
22-May-2016 22:15:00,101,83.25
22-May-2016 22:50:00,101,122.285714285714
22-May-2016 23:15:00,123,122.285714285714
22-May-2016 23:45:00,123,92.3333333333333
23-May-2016 00:15:00,60,92.3333333333333
23-May-2016 00:50:00,60,77.625
23-May-2016 01:15:00,93,77.625
23-May-2016 02:15:00,110,107.8
23-May-2016 02:45:00,110,115.5
23-May-2016 03:10:00,110,115.5
23-May-2016 03:45:00,116,115.5
23-May-2016 04:15:00,116,142.888888888889
23-May-2016 04:40:00,203,142.888888888889
23-May-2016 05:15:00,203,163.75
23-May-2016 05:45:00,81,163.75
23-May-2016 06:10:00,81,83.25
23-May-2016 06:50:00,85,83.25
23-May-2016 07:15:00,85,94.625
23-May-2016 07:40:00,73,94.625
23-May-2016 08:20:00,69,68
23-May-2016 08:45:00,69,57.75
23-May-2016 09:15:00,69,57.75
23-May-2016 09:45:00,59,60.8
23-May-2016 10:15:00,59,207
23-May-2016 10:50:00,355,207
23-May-2016 11:15:00,355,238.333333333333
23-May-2016 12:15:00,72,238.333333333333
23-May-2016 12:35:00,66,60.8
23-May-2016 13:15:00,66,53.5
23-May-2016 15:15:00,41,53.5
23-May-2016 15:45:00,41,36.3333333333333
23-May-2016 16:20:00,32,36.3333333333333
23-May-2016 16:45:00,32,34.5555555555556
23-May-2016 17:15:00,32,34.5555555555556
23-May-2016 17:45:00,40,34.5555555555556
23-May-2016 18:15:00,133,82.4444444444444
23-May-2016 18:45:00,41,94.6666666666667
23-May-2016 20:45:00,44,36.3333333333333
23-May-2016 21:15:00,47,45.25
23-May-2016 21:40:00,47,45.25
23-May-2016 22:15:00,43,45.25
23-May-2016 22:45:00,43,36.3333333333333
23-May-2016 23:10:00,43,36.3333333333333
23-May-2016 23:45:00,25,36.3333333333333
24-May-2016 00:15:00,46,55.1666666666667
24-May-2016 01:15:00,38,45.25
24-May-2016 01:45:00,38,39
24-May-2016 02:15:00,40,39
24-May-2016 02:45:00,40,82.4444444444444
24-May-2016 03:15:00,106,82.4444444444444
24-May-2016 03:45:00,106,134.75
24-May-2016 04:15:00,70,86
24-May-2016 04:45:00,70,60.8
24-May-2016 05:15:00,46,60.8
24-May-2016 05:45:00,46,45.25
24-May-2016 06:10:00,46,45.25
24-May-2016 06:45:00,49,45.25
24-May-2016 07:15:00,14,14
24-May-2016 07:45:00,14,18
24-May-2016 07:55:00,14,18
24-May-2016 08:45:00,38,18
24-May-2016 09:20:00,63,63
24-May-2016 09:40:00,63,77.625
24-May-2016 10:15:00,74,77.625
24-May-2016 10:45:00,74,87.5
24-May-2016 11:20:00,124,87.5
24-May-2016 11:45:00,124,99.75
24-May-2016 12:15:00,90,99.75
24-May-2016 12:40:00,90,87.5
24-May-2016 13:15:00,83,87.5
24-May-2016 13:45:00,83,83
24-May-2016 14:15:00,83,83
24-May-2016 14:45:00,83,83
24-May-2016 15:15:00,85,83
24-May-2016 15:45:00,85,94.625
24-May-2016 16:15:00,114,94.625
24-May-2016 16:45:00,114,134
24-May-2016 17:15:00,156,134
24-May-2016 17:45:00,156,148.333333333333
24-May-2016 18:15:00,92,92
24-May-2016 18:45:00,133,107.8
24-May-2016 19:20:00,146,94.6666666666667
24-May-2016 19:50:00,146,154.714285714286
24-May-2016 20:15:00,160,154.714285714286
24-May-2016 20:45:00,160,157.555555555556
24-May-2016 21:15:00,166,157.555555555556
24-May-2016 21:45:00,166,165.714285714286
24-May-2016 22:15:00,152,165.714285714286
24-May-2016 22:45:00,152,154.2
24-May-2016 23:15:00,118,118
24-May-2016 23:45:00,118,116
25-May-2016 00:15:00,84,84
25-May-2016 00:45:00,84,94.625
25-May-2016 01:45:00,123,94.625
25-May-2016 02:15:00,104,92.3333333333333
25-May-2016 02:40:00,104,115.333333333333
25-May-2016 03:15:00,136,115.333333333333
25-May-2016 03:45:00,136,130.111111111111
25-May-2016 04:10:00,136,130.111111111111
25-May-2016 04:45:00,123,130.111111111111
25-May-2016 05:15:00,124,155.4
25-May-2016 05:40:00,124,99.75
25-May-2016 06:15:00,67,99.75
25-May-2016 06:40:00,67,72.5555555555555
25-May-2016 07:15:00,102,72.5555555555555
25-May-2016 07:40:00,102,115.333333333333
25-May-2016 08:30:00,148,115.333333333333
25-May-2016 09:45:00,198,198
25-May-2016 10:15:00,211,163.75
25-May-2016 10:45:00,211,203.166666666667
25-May-2016 11:15:00,198,203.166666666667
25-May-2016 11:45:00,198,163.75
25-May-2016 12:15:00,84,163.75
25-May-2016 12:45:00,84,80
25-May-2016 13:15:00,76,80
25-May-2016 13:45:00,76,93.5
25-May-2016 14:15:00,111,93.5
25-May-2016 14:45:00,111,115.5
25-May-2016 15:15:00,103,115.5
25-May-2016 15:45:00,103,90
25-May-2016 16:15:00,89,90
25-May-2016 16:45:00,89,101.444444444444
25-May-2016 17:15:00,119,101.444444444444
25-May-2016 17:45:00,119,155.4
25-May-2016 18:15:00,229,155.4
25-May-2016 19:15:00,128,113
25-May-2016 19:45:00,128,99.75
25-May-2016 20:10:00,128,99.75
25-May-2016 20:50:00,97,99.75
25-May-2016 21:15:00,84,85.6
25-May-2016 21:40:00,84,80
25-May-2016 22:15:00,82,80
25-May-2016 22:45:00,82,83.25
25-May-2016 23:10:00,82,83.25
25-May-2016 23:45:00,52,67
26-May-2016 00:15:00,82,76.2857142857143
26-May-2016 00:45:00,82,67
26-May-2016 01:15:00,89,95
26-May-2016 01:45:00,89,101.444444444444
26-May-2016 02:20:00,109,101.444444444444
26-May-2016 02:45:00,109,115.5
26-May-2016 03:15:00,134,115.5
26-May-2016 03:50:00,134,130.111111111111
26-May-2016 04:20:00,145,130.111111111111
26-May-2016 05:15:00,114,114
26-May-2016 06:15:00,123,134
26-May-2016 06:45:00,123,155.4
26-May-2016 07:45:00,182,155.4
26-May-2016 08:20:00,237,237
26-May-2016 08:45:00,237,245.166666666667
26-May-2016 09:15:00,290,245.166666666667
26-May-2016 11:45:00,296,308
26-May-2016 12:15:00,254,233.5
26-May-2016 13:15:00,199,212.285714285714
26-May-2016 13:45:00,199,163.75
26-May-2016 14:10:00,199,163.75
26-May-2016 14:45:00,135,163.75
26-May-2016 15:15:00,210,210
26-May-2016 15:40:00,210,203.166666666667
26-May-2016 16:15:00,220,203.166666666667
26-May-2016 16:45:00,220,212.125
26-May-2016 17:10:00,220,212.125
26-May-2016 17:45:00,228,212.125
26-May-2016 18:15:00,163,212.125
26-May-2016 18:50:00,229,157.555555555556
26-May-2016 19:15:00,237,233
26-May-2016 19:45:00,237,245.166666666667
26-May-2016 20:15:00,219,245.166666666667
26-May-2016 20:45:00,219,212.125
26-May-2016 21:15:00,226,212.125
26-May-2016 21:45:00,226,212.125
26-May-2016 22:15:00,195,212.125
26-May-2016 22:45:00,195,207.222222222222
26-May-2016 23:15:00,326,207.222222222222
26-May-2016 23:45:00,326,294.571428571429
27-May-2016 00:15:00,426,354.333333333333
27-May-2016 00:45:00,426,345.2
27-May-2016 01:15:00,636,636
27-May-2016 01:45:00,636,646.328571428571
27-May-2016 02:10:00,636,646.328571428571
27-May-2016 02:50:00,649,646.328571428571
27-May-2016 03:15:00,667,659.8
27-May-2016 03:50:00,667,659.8
27-May-2016 04:15:00,269,269
27-May-2016 04:45:00,269,212.375
27-May-2016 05:05:00,269,212.375
27-May-2016 05:45:00,107,212.375
27-May-2016 06:40:00,102,86
27-May-2016 08:00:00,95,90
27-May-2016 10:10:00,352,130.333333333333
27-May-2016 10:45:00,292,354.333333333333
27-May-2016 11:15:00,312,308
27-May-2016 11:40:00,312,327
27-May-2016 12:15:00,171,171
27-May-2016 12:45:00,171,173.285714285714
27-May-2016 13:10:00,171,173.285714285714
27-May-2016 13:45:00,186,173.285714285714
27-May-2016 14:15:00,195,207.222222222222
27-May-2016 14:40:00,195,207.222222222222
27-May-2016 15:15:00,164,207.222222222222
27-May-2016 15:45:00,164,157.555555555556
27-May-2016 16:10:00,164,157.555555555556
27-May-2016 16:45:00,145,157.555555555556
27-May-2016 17:15:00,163,159
27-May-2016 17:35:00,163,157.555555555556
27-May-2016 18:15:00,64,157.555555555556
27-May-2016 18:45:00,163,163
27-May-2016 19:10:00,163,157.555555555556
27-May-2016 19:45:00,209,200.333333333333
27-May-2016 20:15:00,148,186.25
27-May-2016 20:40:00,148,145
27-May-2016 21:15:00,142,145
27-May-2016 21:45:00,142,159
27-May-2016 22:15:00,172,159
27-May-2016 22:45:00,172,173.285714285714
27-May-2016 23:15:00,153,160
27-May-2016 23:45:00,153,192.666666666667
29-May-2016 18:15:00,105,128.375
30-May-2016 04:10:00,73,90
30-May-2016 04:45:00,63,60.8
30-May-2016 05:15:00,51,60.6666666666667
30-May-2016 05:45:00,51,44.6666666666667
30-May-2016 06:15:00,46,44.6666666666667
30-May-2016 06:45:00,46,45.25
30-May-2016 07:15:00,12,12
30-May-2016 07:45:00,12,18
30-May-2016 07:55:00,12,18
30-May-2016 08:50:00,52,63
30-May-2016 09:10:00,52,59.125
30-May-2016 09:40:00,70,59.125
30-May-2016 14:45:00,69,68.4
30-May-2016 15:15:00,71,68.4
30-May-2016 15:45:00,71,68.4
30-May-2016 16:15:00,61,68.4
30-May-2016 16:45:00,61,79
30-May-2016 17:15:00,120,79
30-May-2016 17:45:00,120,80
30-May-2016 18:15:00,40,80
30-May-2016 18:45:00,105,82.4444444444444
30-May-2016 19:15:00,134,102.571428571429
30-May-2016 20:15:00,94,94
30-May-2016 20:45:00,94,88.6
30-May-2016 21:15:00,84,88.6
30-May-2016 21:45:00,84,80
30-May-2016 22:15:00,70,80
30-May-2016 22:45:00,70,68.4
30-May-2016 23:15:00,13,13
31-May-2016 00:15:00,74,63
31-May-2016 00:45:00,74,71.1111111111111
31-May-2016 01:05:00,74,71.1111111111111
31-May-2016 01:45:00,70,71.1111111111111
31-May-2016 02:15:00,97,97
31-May-2016 02:35:00,97,96.7142857142857
31-May-2016 03:15:00,84,96.7142857142857
31-May-2016 03:45:00,84,82.5
31-May-2016 04:05:00,84,82.5
31-May-2016 04:45:00,78,82.5
31-May-2016 05:05:00,78,68.7142857142857
31-May-2016 05:35:00,61,68.7142857142857
31-May-2016 06:15:00,55,79
31-May-2016 06:45:00,55,44.5
31-May-2016 07:45:00,40,44.5
31-May-2016 08:15:00,65,82.4444444444444
31-May-2016 08:45:00,65,60.6666666666667
31-May-2016 09:15:00,91,60.6666666666667
31-May-2016 09:40:00,91,94.4
31-May-2016 10:15:00,108,94.4
31-May-2016 10:45:00,108,118.4
31-May-2016 11:15:00,108,118.4
31-May-2016 11:35:00,108,118.4
31-May-2016 12:15:00,122,118.4
31-May-2016 12:45:00,122,122.777777777778
31-May-2016 13:05:00,122,122.777777777778
31-May-2016 13:45:00,115,122.777777777778
31-May-2016 14:15:00,74,83.25
31-May-2016 14:45:00,74,71.1111111111111
31-May-2016 15:15:00,35,71.1111111111111
31-May-2016 16:15:00,51,45
31-May-2016 16:45:00,51,44.6666666666667
31-May-2016 17:15:00,36,44.6666666666667
31-May-2016 17:45:00,36,50.75
31-May-2016 18:15:00,64,50.75
31-May-2016 18:45:00,40,60.6666666666667
31-May-2016 19:15:00,60,82.4444444444444
31-May-2016 20:15:00,80,79
31-May-2016 20:45:00,80,75
31-May-2016 21:20:00,63,75
31-May-2016 21:45:00,63,60.6666666666667
31-May-2016 22:15:00,54,60.6666666666667
31-May-2016 22:35:00,54,44.5
31-May-2016 23:15:00,29,44.5
31-May-2016 23:45:00,29,34.5555555555556
01-Jun-2016 00:05:00,29,34.5555555555556
01-Jun-2016 00:45:00,42,34.5555555555556
01-Jun-2016 01:15:00,97,72.6666666666667
01-Jun-2016 01:45:00,97,96.7142857142857
01-Jun-2016 02:15:00,93,96.7142857142857
01-Jun-2016 02:45:00,93,88.6
01-Jun-2016 03:15:00,79,88.6
01-Jun-2016 03:45:00,79,95
01-Jun-2016 04:15:00,111,95
01-Jun-2016 04:45:00,111,95
01-Jun-2016 05:15:00,80,95
01-Jun-2016 05:40:00,80,69
01-Jun-2016 06:45:00,70,69
01-Jun-2016 07:15:00,41,40
01-Jun-2016 07:45:00,41,72.6666666666667
01-Jun-2016 08:15:00,75,72.6666666666667
01-Jun-2016 08:35:00,75,71.1111111111111
01-Jun-2016 08:40:00,75,71.1111111111111
01-Jun-2016 09:45:00,89,71.1111111111111
01-Jun-2016 10:40:00,93,101.444444444444
01-Jun-2016 10:50:00,93,88.6
01-Jun-2016 11:45:00,110,100.875
01-Jun-2016 12:15:00,119,110.2
01-Jun-2016 12:35:00,119,110.2
01-Jun-2016 13:15:00,116,110.2
01-Jun-2016 13:45:00,116,142.888888888889
01-Jun-2016 14:15:00,125,142.888888888889
01-Jun-2016 14:45:00,125,131.25
01-Jun-2016 15:15:00,115,131.25
01-Jun-2016 15:45:00,115,83.25
01-Jun-2016 16:15:00,54,83.25
01-Jun-2016 16:45:00,54,65.7142857142857
01-Jun-2016 17:15:00,67,65.7142857142857
01-Jun-2016 17:45:00,67,72.5555555555555
01-Jun-2016 18:45:00,64,72.5555555555555
01-Jun-2016 19:15:00,101,97.2
01-Jun-2016 20:15:00,84,122.285714285714
01-Jun-2016 20:45:00,84,82.5
01-Jun-2016 21:15:00,88,88
01-Jun-2016 21:45:00,88,88
01-Jun-2016 22:05:00,88,88
01-Jun-2016 22:45:00,70,70
01-Jun-2016 23:15:00,39,40
01-Jun-2016 23:35:00,39,50.75
02-Jun-2016 00:15:00,64,50.75
02-Jun-2016 00:45:00,64,97.2
02-Jun-2016 01:15:00,89,97.2
02-Jun-2016 01:45:00,89,101.444444444444
02-Jun-2016 02:15:00,125,101.444444444444
02-Jun-2016 02:45:00,125,131.25
02-Jun-2016 03:15:00,153,131.25
02-Jun-2016 03:45:00,153,128.375
02-Jun-2016 04:15:00,168,128.375
02-Jun-2016 04:45:00,168,160
02-Jun-2016 05:15:00,146,160
02-Jun-2016 05:45:00,146,154.714285714286
02-Jun-2016 06:15:00,119,122.6
02-Jun-2016 06:40:00,119,110.2
02-Jun-2016 07:05:00,119,110.2
02-Jun-2016 07:45:00,78,110.2
02-Jun-2016 08:10:00,78,69
02-Jun-2016 08:35:00,79,69
02-Jun-2016 09:15:00,72,69
02-Jun-2016 09:45:00,72,78.2222222222222
02-Jun-2016 10:45:00,82,78.2222222222222
02-Jun-2016 11:15:00,106,95
02-Jun-2016 11:45:00,106,84.8
02-Jun-2016 12:15:00,83,84.8
02-Jun-2016 12:45:00,83,83
02-Jun-2016 13:05:00,83,83
02-Jun-2016 13:45:00,81,83
02-Jun-2016 14:10:00,81,95
04-Jun-2016 18:15:00,146,95
05-Jun-2016 11:45:00,113,122.6
05-Jun-2016 12:20:00,86,95
05-Jun-2016 12:45:00,86,87.6
05-Jun-2016 13:15:00,93,87.6
05-Jun-2016 13:45:00,93,100.875
05-Jun-2016 14:15:00,90,100.875
05-Jun-2016 14:45:00,90,87.5
05-Jun-2016 15:15:00,87,87.5
05-Jun-2016 15:45:00,87,87.6
05-Jun-2016 16:15:00,86,87.6
05-Jun-2016 16:50:00,86,87.6
05-Jun-2016 17:15:00,144,244.5
05-Jun-2016 17:45:00,144,122.6
05-Jun-2016 18:45:00,146,122.6
05-Jun-2016 19:15:00,91,122.6
05-Jun-2016 19:45:00,91,94.4
05-Jun-2016 20:15:00,91,94.4
05-Jun-2016 20:45:00,91,94.4
05-Jun-2016 21:15:00,69,77.2
05-Jun-2016 21:45:00,69,78.2222222222222
05-Jun-2016 22:15:00,74,78.2222222222222
05-Jun-2016 22:45:00,74,71.1111111111111
05-Jun-2016 23:25:00,27,50.6666666666667
06-Jun-2016 00:45:00,79,55.1666666666667
06-Jun-2016 01:15:00,35,69
06-Jun-2016 01:40:00,35,45
06-Jun-2016 02:15:00,49,45
06-Jun-2016 02:45:00,49,54.75
06-Jun-2016 03:10:00,49,54.75
06-Jun-2016 03:50:00,72,54.75
06-Jun-2016 04:15:00,89,78.2222222222222
06-Jun-2016 04:40:00,89,77.2
06-Jun-2016 05:20:00,54,77.2
06-Jun-2016 05:45:00,54,65.7142857142857
06-Jun-2016 06:05:00,54,65.7142857142857
06-Jun-2016 06:45:00,83,65.7142857142857
06-Jun-2016 07:15:00,63,69.1428571428571
06-Jun-2016 07:40:00,63,97.2
06-Jun-2016 08:15:00,169,97.2
06-Jun-2016 08:45:00,169,160
06-Jun-2016 09:50:00,153,160
06-Jun-2016 11:10:00,84,128.375
06-Jun-2016 12:15:00,345,244.5
06-Jun-2016 12:45:00,345,354.333333333333
06-Jun-2016 13:15:00,54,54
06-Jun-2016 13:40:00,54,65.7142857142857
06-Jun-2016 14:45:00,94,65.7142857142857
06-Jun-2016 15:10:00,94,100.875
06-Jun-2016 15:45:00,111,100.875
06-Jun-2016 16:15:00,97,95
06-Jun-2016 16:40:00,97,96.7142857142857
06-Jun-2016 17:45:00,111,96.7142857142857
06-Jun-2016 18:15:00,69,95
06-Jun-2016 18:45:00,79,78.2222222222222
06-Jun-2016 19:15:00,87,76.6666666666667
07-Jun-2016 04:20:00,111,111
07-Jun-2016 04:50:00,111,95
07-Jun-2016 05:15:00,103,95
07-Jun-2016 05:45:00,103,102.571428571429
07-Jun-2016 06:15:00,98,102.571428571429
07-Jun-2016 06:35:00,98,96.7142857142857
07-Jun-2016 07:15:00,73,90.625
07-Jun-2016 07:45:00,73,78.2222222222222
07-Jun-2016 08:15:00,95,78.2222222222222
07-Jun-2016 08:45:00,95,130.333333333333
07-Jun-2016 09:15:00,62,130.333333333333
07-Jun-2016 09:40:00,62,62
07-Jun-2016 10:45:00,53,62
07-Jun-2016 11:10:00,53,59.125
07-Jun-2016 11:45:00,62,59.125
07-Jun-2016 12:15:00,71,62
07-Jun-2016 12:40:00,71,78.2222222222222
07-Jun-2016 13:15:00,39,54
07-Jun-2016 13:45:00,39,41.7142857142857
07-Jun-2016 14:15:00,55,41.7142857142857
07-Jun-2016 14:45:00,55,48.375
07-Jun-2016 15:15:00,32,48.375
07-Jun-2016 15:45:00,32,34.5555555555556
07-Jun-2016 16:15:00,47,47
07-Jun-2016 16:45:00,47,53.125
07-Jun-2016 17:15:00,62,53.125
07-Jun-2016 17:45:00,62,62
07-Jun-2016 18:15:00,95,80.1666666666667
07-Jun-2016 18:45:00,69,130.333333333333
07-Jun-2016 19:10:00,69,54
07-Jun-2016 19:45:00,89,86.6666666666667
07-Jun-2016 20:15:00,83,77.2
07-Jun-2016 20:40:00,83,69.1428571428571
07-Jun-2016 21:15:00,47,69.1428571428571
07-Jun-2016 21:45:00,47,53.125
07-Jun-2016 22:15:00,50,53.125
07-Jun-2016 22:45:00,50,44.6666666666667
07-Jun-2016 23:45:00,34,44.6666666666667
08-Jun-2016 00:15:00,45,45
08-Jun-2016 00:45:00,45,53.125
08-Jun-2016 01:15:00,67,53.125
08-Jun-2016 01:50:00,67,72.5555555555555
08-Jun-2016 02:15:00,76,72.5555555555555
08-Jun-2016 02:40:00,76,76.8
08-Jun-2016 03:15:00,93,76.8
08-Jun-2016 03:50:00,93,100.875
08-Jun-2016 04:15:00,138,100.875
08-Jun-2016 04:40:00,138,138
08-Jun-2016 05:00:00,138,138
08-Jun-2016 05:50:00,95,95
08-Jun-2016 07:20:00,69,130.333333333333
08-Jun-2016 09:45:00,98,86.6666666666667
08-Jun-2016 10:40:00,100,90.625
08-Jun-2016 11:15:00,129,122.285714285714
08-Jun-2016 11:45:00,129,115.666666666667
08-Jun-2016 12:45:00,105,115.666666666667
08-Jun-2016 13:40:00,103,102.571428571429
08-Jun-2016 14:15:00,80,102.571428571429
08-Jun-2016 14:45:00,80,76.6666666666667
08-Jun-2016 15:05:00,80,76.6666666666667
08-Jun-2016 15:45:00,62,76.6666666666667
08-Jun-2016 16:15:00,78,80.1666666666667
08-Jun-2016 16:45:00,78,76.6666666666667
08-Jun-2016 17:15:00,64,76.6666666666667
08-Jun-2016 17:45:00,64,80.1666666666667
08-Jun-2016 18:20:00,105,80.1666666666667
08-Jun-2016 18:45:00,95,102.571428571429
08-Jun-2016 19:20:00,135,130.333333333333
08-Jun-2016 19:45:00,135,124
08-Jun-2016 20:15:00,99,124
08-Jun-2016 20:45:00,99,90.625
08-Jun-2016 21:15:00,75,90.625
08-Jun-2016 21:45:00,75,50.6666666666667
08-Jun-2016 22:15:00,50,50.6666666666667
08-Jun-2016 22:45:00,50,51.25
08-Jun-2016 23:10:00,50,51.25
08-Jun-2016 23:45:00,55,51.25
09-Jun-2016 00:15:00,53,48.375
09-Jun-2016 00:40:00,53,59.125
09-Jun-2016 01:15:00,77,59.125
09-Jun-2016 01:45:00,77,77.1111111111111
09-Jun-2016 02:10:00,77,77.1111111111111
09-Jun-2016 02:45:00,92,77.1111111111111
09-Jun-2016 03:15:00,78,100.875
09-Jun-2016 03:40:00,78,76.6666666666667
09-Jun-2016 04:15:00,81,76.6666666666667
09-Jun-2016 04:45:00,81,95
09-Jun-2016 05:15:00,99,95
09-Jun-2016 05:45:00,99,90.625
09-Jun-2016 05:55:00,99,90.625
09-Jun-2016 06:45:00,81,90.625
09-Jun-2016 07:15:00,76,95
09-Jun-2016 07:45:00,76,76.8
09-Jun-2016 08:15:00,63,76.8
09-Jun-2016 08:40:00,63,80.1666666666667
09-Jun-2016 09:20:00,76,80.1666666666667
09-Jun-2016 09:50:00,76,76.8
09-Jun-2016 10:20:00,91,85.4444444444444
09-Jun-2016 10:50:00,91,77.2
09-Jun-2016 11:20:00,255,255
09-Jun-2016 11:40:00,255,212.285714285714
09-Jun-2016 12:20:00,134,134
09-Jun-2016 12:50:00,134,124
09-Jun-2016 13:10:00,134,124
09-Jun-2016 13:50:00,94,124
09-Jun-2016 14:20:00,86,91
09-Jun-2016 14:40:00,86,72.3333333333333
09-Jun-2016 15:20:00,56,72.3333333333333
09-Jun-2016 15:50:00,56,48.375
09-Jun-2016 16:20:00,68,48.375
09-Jun-2016 16:50:00,68,86.2
09-Jun-2016 17:20:00,114,86.2
09-Jun-2016 17:50:00,114,95
09-Jun-2016 18:20:00,84,95
09-Jun-2016 20:20:00,99,109.6
09-Jun-2016 20:50:00,99,90.625
09-Jun-2016 21:20:00,73,73
09-Jun-2016 21:50:00,73,86.6666666666667
09-Jun-2016 22:20:00,69,73.75
09-Jun-2016 22:40:00,69,47.5
09-Jun-2016 23:20:00,26,47.5
09-Jun-2016 23:50:00,26,32
10-Jun-2016 00:10:00,26,32
10-Jun-2016 00:50:00,43,32
10-Jun-2016 01:20:00,82,72.6666666666667
10-Jun-2016 01:50:00,82,95
10-Jun-2016 02:20:00,124,121.5
10-Jun-2016 02:50:00,124,131.25
10-Jun-2016 03:20:00,118,131.25
10-Jun-2016 03:45:00,118,118.111111111111
10-Jun-2016 04:20:00,129,118.111111111111
10-Jun-2016 04:40:00,129,115.666666666667
10-Jun-2016 05:20:00,99,115.666666666667
10-Jun-2016 05:50:00,99,98.4
10-Jun-2016 06:20:00,116,98.4
10-Jun-2016 06:50:00,116,142.888888888889
10-Jun-2016 07:20:00,107,142.888888888889
10-Jun-2016 07:50:00,107,110.2
10-Jun-2016 08:20:00,127,110.2
10-Jun-2016 08:50:00,127,131.25
10-Jun-2016 09:20:00,163,131.25
10-Jun-2016 09:50:00,163,200.333333333333
10-Jun-2016 10:20:00,229,200.333333333333
10-Jun-2016 10:50:00,229,233
10-Jun-2016 11:20:00,282,282
10-Jun-2016 11:50:00,282,212.375
10-Jun-2016 12:20:00,153,92
10-Jun-2016 12:50:00,153,128.375
10-Jun-2016 13:20:00,137,128.375
10-Jun-2016 13:50:00,137,124
10-Jun-2016 14:05:00,137,124
10-Jun-2016 14:50:00,108,124
10-Jun-2016 15:20:00,91,110.2
10-Jun-2016 15:40:00,91,81.5555555555555
10-Jun-2016 16:20:00,48,81.5555555555555
10-Jun-2016 16:50:00,48,53.125
10-Jun-2016 17:20:00,59,53.125
10-Jun-2016 17:50:00,59,63.3333333333333
10-Jun-2016 18:50:00,84,63.3333333333333
10-Jun-2016 19:20:00,175,109.6
10-Jun-2016 19:50:00,175,160
10-Jun-2016 20:20:00,147,160
10-Jun-2016 20:50:00,147,128.375
10-Jun-2016 21:20:00,80,128.375
10-Jun-2016 21:50:00,80,76.6666666666667
10-Jun-2016 22:20:00,50,50
10-Jun-2016 22:50:00,50,51.25
10-Jun-2016 23:20:00,32,32
10-Jun-2016 23:50:00,32,32
11-Jun-2016 00:20:00,50,32
11-Jun-2016 00:45:00,50,51.6666666666667
11-Jun-2016 01:10:00,50,51.6666666666667
11-Jun-2016 01:50:00,55,51.6666666666667
11-Jun-2016 02:20:00,44,48.375
11-Jun-2016 02:40:00,44,72.6666666666667
11-Jun-2016 03:20:00,97,72.6666666666667
11-Jun-2016 03:50:00,97,98.4
11-Jun-2016 04:20:00,83,98.4
11-Jun-2016 04:50:00,83,69.1428571428571
11-Jun-2016 05:20:00,36,69.1428571428571
11-Jun-2016 05:40:00,36,41.7142857142857
11-Jun-2016 06:20:00,55,41.7142857142857
11-Jun-2016 06:45:00,55,48.375
11-Jun-2016 07:20:00,24,48.375
11-Jun-2016 07:50:00,24,23.5
11-Jun-2016 08:20:00,27,23.5
11-Jun-2016 08:50:00,27,32
11-Jun-2016 09:20:00,26,32
11-Jun-2016 09:50:00,26,32
11-Jun-2016 10:50:00,55,45.6666666666667
11-Jun-2016 11:20:00,107,107
11-Jun-2016 11:50:00,107,110.2
11-Jun-2016 12:20:00,45,82.6666666666667
11-Jun-2016 12:45:00,45,47
11-Jun-2016 13:15:00,48,47
11-Jun-2016 13:50:00,48,47
11-Jun-2016 14:15:00,169,96
11-Jun-2016 14:45:00,169,160
11-Jun-2016 15:45:00,61,135.75
11-Jun-2016 16:15:00,29,49.6
11-Jun-2016 16:40:00,29,45.6666666666667
11-Jun-2016 17:15:00,53,45.6666666666667
11-Jun-2016 17:45:00,53,59.125
11-Jun-2016 18:10:00,53,59.125
11-Jun-2016 18:20:00,139,81.5
11-Jun-2016 18:45:00,48,48
11-Jun-2016 19:15:00,69,96
11-Jun-2016 19:25:00,69,63
11-Jun-2016 21:10:00,65,63
11-Jun-2016 21:45:00,54,63
11-Jun-2016 22:15:00,49,49.3333333333333
11-Jun-2016 22:50:00,49,54.75
11-Jun-2016 23:15:00,21,39.7142857142857
11-Jun-2016 23:45:00,21,15.6666666666667
12-Jun-2016 00:15:00,13,15.6666666666667
12-Jun-2016 00:45:00,13,15.6666666666667
12-Jun-2016 01:15:00,41,38.5
12-Jun-2016 01:45:00,41,96
12-Jun-2016 02:15:00,63,96
12-Jun-2016 02:45:00,63,79.8
12-Jun-2016 03:15:00,131,79.8
12-Jun-2016 03:45:00,131,134.5
12-Jun-2016 04:15:00,138,134.5
12-Jun-2016 04:45:00,138,124
12-Jun-2016 05:15:00,92,92
12-Jun-2016 05:45:00,92,91
12-Jun-2016 06:15:00,105,91
12-Jun-2016 06:45:00,105,102.571428571429
12-Jun-2016 07:15:00,72,72
12-Jun-2016 07:45:00,72,73.75
12-Jun-2016 08:10:00,72,73.75
12-Jun-2016 08:45:00,82,73.75
12-Jun-2016 09:15:00,119,121.5
12-Jun-2016 09:40:00,119,118.111111111111
12-Jun-2016 10:15:00,122,118.111111111111
12-Jun-2016 10:45:00,122,122.777777777778
12-Jun-2016 11:10:00,122,122.777777777778
12-Jun-2016 11:45:00,155,122.777777777778
12-Jun-2016 12:15:00,129,129
12-Jun-2016 12:50:00,129,115.666666666667
12-Jun-2016 13:20:00,103,115.666666666667
12-Jun-2016 13:50:00,103,106.5
12-Jun-2016 14:20:00,117,106.5
12-Jun-2016 14:50:00,117,118.111111111111
12-Jun-2016 15:15:00,103,118.111111111111
12-Jun-2016 15:50:00,103,106.5
12-Jun-2016 16:20:00,97,106.5
12-Jun-2016 16:50:00,97,98.4
12-Jun-2016 17:20:00,136,119.142857142857
12-Jun-2016 17:50:00,136,136
12-Jun-2016 18:15:00,43,43
12-Jun-2016 18:50:00,139,96
12-Jun-2016 19:20:00,173,173
12-Jun-2016 19:50:00,173,135.75
12-Jun-2016 20:20:00,138,135.75
12-Jun-2016 20:50:00,138,123.5
12-Jun-2016 21:20:00,109,123.5
12-Jun-2016 21:50:00,109,82.6666666666667
12-Jun-2016 22:50:00,94,82.6666666666667
12-Jun-2016 23:20:00,76,91
12-Jun-2016 23:40:00,76,85.4444444444444
13-Jun-2016 00:20:00,96,85.4444444444444
13-Jun-2016 00:50:00,96,108.375
13-Jun-2016 01:10:00,96,108.375
13-Jun-2016 01:50:00,164,108.375
13-Jun-2016 02:20:00,151,168
13-Jun-2016 02:40:00,151,145.125
13-Jun-2016 03:20:00,135,145.125
13-Jun-2016 03:50:00,135,133
13-Jun-2016 04:10:00,135,133
13-Jun-2016 04:50:00,123,133
13-Jun-2016 05:20:00,101,122.777777777778
13-Jun-2016 05:40:00,101,122.285714285714
13-Jun-2016 06:20:00,151,122.285714285714
13-Jun-2016 06:50:00,151,145.125
13-Jun-2016 07:10:00,151,145.125
13-Jun-2016 07:50:00,146,145.125
13-Jun-2016 08:15:00,171,161.333333333333
13-Jun-2016 08:35:00,171,135.75
13-Jun-2016 09:20:00,190,187
13-Jun-2016 09:45:00,190,207.222222222222
13-Jun-2016 10:15:00,196,207.222222222222
13-Jun-2016 11:10:00,196,207.222222222222
13-Jun-2016 12:15:00,208,207.222222222222
13-Jun-2016 12:40:00,208,186.25
13-Jun-2016 13:15:00,182,186.25
13-Jun-2016 13:40:00,182,187
13-Jun-2016 14:10:00,182,187
13-Jun-2016 14:45:00,260,187
13-Jun-2016 15:15:00,31,92
13-Jun-2016 15:40:00,31,29.875
13-Jun-2016 16:15:00,22,29.875
13-Jun-2016 16:45:00,22,35.1666666666667
13-Jun-2016 17:15:00,56,35.1666666666667
13-Jun-2016 17:45:00,56,49.3333333333333
13-Jun-2016 18:45:00,43,49.3333333333333
13-Jun-2016 19:15:00,71,96
13-Jun-2016 19:45:00,71,63
13-Jun-2016 20:15:00,51,63
13-Jun-2016 20:45:00,51,39.7142857142857
13-Jun-2016 21:15:00,36,39.7142857142857
13-Jun-2016 21:45:00,36,41.7142857142857
13-Jun-2016 22:15:00,34,41.7142857142857
13-Jun-2016 22:45:00,34,29.875
14-Jun-2016 00:15:00,27,29.875
14-Jun-2016 00:45:00,27,29.875
14-Jun-2016 01:05:00,27,29.875
14-Jun-2016 02:40:00,37,29.875
14-Jun-2016 03:10:00,37,41.7142857142857
14-Jun-2016 04:15:00,62,50.6666666666667
14-Jun-2016 04:35:00,62,79.8
14-Jun-2016 04:55:00,62,79.8
14-Jun-2016 06:50:00,81,79.8
14-Jun-2016 07:15:00,76,75.3333333333333
14-Jun-2016 07:40:00,76,85.4444444444444
14-Jun-2016 08:00:00,76,85.4444444444444
14-Jun-2016 08:45:00,98,85.4444444444444
14-Jun-2016 09:10:00,98,119.142857142857
14-Jun-2016 09:40:00,136,119.142857142857
14-Jun-2016 10:05:00,136,133
14-Jun-2016 10:35:00,141,133
14-Jun-2016 11:15:00,137,136.666666666667
14-Jun-2016 11:45:00,137,133
14-Jun-2016 12:10:00,137,133
14-Jun-2016 12:45:00,120,133
14-Jun-2016 13:15:00,121,118.111111111111
14-Jun-2016 13:40:00,121,118.111111111111
14-Jun-2016 14:20:00,113,118.111111111111
14-Jun-2016 14:50:00,113,110
14-Jun-2016 15:20:00,123,110
14-Jun-2016 15:50:00,123,122.777777777778
14-Jun-2016 16:10:00,123,122.777777777778
14-Jun-2016 16:50:00,137,148
14-Jun-2016 17:20:00,143,138.5
14-Jun-2016 17:50:00,143,136.666666666667
14-Jun-2016 18:10:00,143,136.666666666667
14-Jun-2016 18:20:00,120,136.666666666667
14-Jun-2016 18:50:00,159,148
14-Jun-2016 19:20:00,207,168
14-Jun-2016 19:50:00,207,186.25
14-Jun-2016 20:20:00,143,112.666666666667
14-Jun-2016 20:50:00,143,136.666666666667
14-Jun-2016 21:20:00,134,136.666666666667
14-Jun-2016 21:50:00,134,138.5
14-Jun-2016 22:20:00,94,123.333333333333
14-Jun-2016 22:50:00,94,91
14-Jun-2016 23:10:00,94,91
14-Jun-2016 23:45:00,84,91
15-Jun-2016 00:20:00,99,109.6
15-Jun-2016 01:15:00,147,119.142857142857
15-Jun-2016 01:50:00,147,145.125
15-Jun-2016 02:10:00,147,145.125
15-Jun-2016 02:45:00,133,145.125
15-Jun-2016 03:15:00,146,123.333333333333
15-Jun-2016 03:40:00,146,161.333333333333
15-Jun-2016 04:15:00,167,161.333333333333
15-Jun-2016 04:45:00,167,165.714285714286
15-Jun-2016 05:10:00,167,165.714285714286
15-Jun-2016 05:50:00,171,165.714285714286
15-Jun-2016 06:10:00,171,187
15-Jun-2016 06:40:00,160,187
15-Jun-2016 07:20:00,161,168
15-Jun-2016 07:50:00,161,168
15-Jun-2016 08:05:00,161,168
15-Jun-2016 08:45:00,171,168
15-Jun-2016 09:20:00,166,187
15-Jun-2016 09:35:00,166,165.714285714286
15-Jun-2016 10:20:00,171,165.714285714286
15-Jun-2016 10:50:00,171,187
15-Jun-2016 11:50:00,201,187
15-Jun-2016 12:15:00,88,112.666666666667
15-Jun-2016 12:40:00,88,108.5
15-Jun-2016 13:15:00,94,108.5
15-Jun-2016 13:45:00,94,91
15-Jun-2016 14:10:00,94,91
15-Jun-2016 14:50:00,122,107.5
15-Jun-2016 15:20:00,93,102.5
15-Jun-2016 16:10:00,93,107.5
15-Jun-2016 16:45:00,78,84.6666666666667
15-Jun-2016 17:50:00,106,82.625
15-Jun-2016 18:15:00,46,84.8
15-Jun-2016 18:45:00,120,96
15-Jun-2016 19:20:00,106,102.5
15-Jun-2016 19:45:00,106,84.8
15-Jun-2016 20:15:00,83,84.8
15-Jun-2016 20:45:00,83,69.1428571428571
15-Jun-2016 21:15:00,89,69.1428571428571
15-Jun-2016 21:45:00,89,81.5555555555555
15-Jun-2016 22:15:00,87,81.5555555555555
15-Jun-2016 22:45:00,87,72.3333333333333
15-Jun-2016 23:00:00,87,72.3333333333333
15-Jun-2016 23:45:00,56,72.3333333333333
16-Jun-2016 00:15:00,66,76
16-Jun-2016 00:45:00,66,63
16-Jun-2016 01:10:00,66,63
16-Jun-2016 01:45:00,64,63
16-Jun-2016 02:15:00,61,63
16-Jun-2016 02:50:00,61,49.6
16-Jun-2016 03:20:00,60,49.6
16-Jun-2016 03:45:00,60,63.3333333333333
16-Jun-2016 04:40:00,62,63.3333333333333
16-Jun-2016 05:15:00,47,52.1666666666667
16-Jun-2016 05:50:00,47,40.4
16-Jun-2016 06:10:00,47,40.4
16-Jun-2016 07:20:00,24,40.4
16-Jun-2016 07:50:00,24,23.5
16-Jun-2016 08:10:00,24,23.5
16-Jun-2016 08:40:00,18,23.5
16-Jun-2016 09:45:00,36,38.5
16-Jun-2016 10:05:00,36,50.6666666666667
16-Jun-2016 11:05:00,54,50.6666666666667
16-Jun-2016 11:35:00,86,76
16-Jun-2016 12:15:00,62,72.3333333333333
16-Jun-2016 12:40:00,62,52.1666666666667
16-Jun-2016 13:15:00,46,52.1666666666667
16-Jun-2016 13:45:00,46,49.5555555555555
16-Jun-2016 14:05:00,46,49.5555555555555
16-Jun-2016 14:35:00,58,49.5555555555555
16-Jun-2016 15:15:00,37,55.625
16-Jun-2016 15:25:00,37,36.4285714285714
16-Jun-2016 16:15:00,34,36.4285714285714
16-Jun-2016 16:45:00,34,29.875
16-Jun-2016 17:15:00,64,47
16-Jun-2016 17:45:00,64,52.1666666666667
16-Jun-2016 18:45:00,46,52.1666666666667
16-Jun-2016 19:45:00,66,49.5555555555555
16-Jun-2016 20:15:00,48,52.1666666666667
16-Jun-2016 20:45:00,48,54.5
16-Jun-2016 21:15:00,54,54.5
16-Jun-2016 21:45:00,54,55.625
16-Jun-2016 22:15:00,51,55.625
16-Jun-2016 22:45:00,51,39.7142857142857
17-Jun-2016 00:15:00,17,39.7142857142857
17-Jun-2016 00:45:00,17,25.625
17-Jun-2016 01:10:00,17,25.625
17-Jun-2016 01:45:00,49,25.625
17-Jun-2016 02:15:00,52,39.7142857142857
17-Jun-2016 02:20:00,52,81.5
17-Jun-2016 03:15:00,58,81.5
17-Jun-2016 03:45:00,58,55.625
17-Jun-2016 04:15:00,77,55.625
17-Jun-2016 04:45:00,77,77.1111111111111
17-Jun-2016 05:10:00,77,77.1111111111111
17-Jun-2016 07:15:00,25,25
17-Jun-2016 07:45:00,25,47
17-Jun-2016 08:15:00,52,47
17-Jun-2016 09:15:00,77,81.5
17-Jun-2016 09:45:00,77,81
17-Jun-2016 10:15:00,97,81
17-Jun-2016 10:45:00,97,119.142857142857
17-Jun-2016 11:15:00,123,119.142857142857
17-Jun-2016 11:45:00,123,102.5
17-Jun-2016 12:15:00,88,102.5
17-Jun-2016 12:45:00,88,108.5
17-Jun-2016 13:15:00,164,108.5
17-Jun-2016 13:45:00,164,168
17-Jun-2016 14:15:00,50,50
17-Jun-2016 14:45:00,50,39.7142857142857
17-Jun-2016 15:45:00,68,59.375
17-Jun-2016 16:15:00,143,143
17-Jun-2016 16:40:00,143,141.5
17-Jun-2016 17:15:00,141,141.5
17-Jun-2016 17:45:00,141,141.5
17-Jun-2016 18:10:00,141,141.5
17-Jun-2016 18:45:00,198,198
17-Jun-2016 19:15:00,107,112.666666666667
17-Jun-2016 19:40:00,107,110
17-Jun-2016 20:15:00,97,110
17-Jun-2016 20:40:00,97,119.142857142857
17-Jun-2016 21:15:00,56,69
17-Jun-2016 21:45:00,56,55.625
17-Jun-2016 22:15:00,56,55.625
17-Jun-2016 22:45:00,56,55.625
17-Jun-2016 23:15:00,35,46.7142857142857
17-Jun-2016 23:45:00,35,41.5
18-Jun-2016 00:15:00,48,41.5
18-Jun-2016 00:45:00,48,54.5
18-Jun-2016 01:15:00,85,54.5
18-Jun-2016 01:45:00,85,81.25
18-Jun-2016 02:15:00,77,81.25
18-Jun-2016 02:45:00,77,81
18-Jun-2016 03:15:00,73,81
18-Jun-2016 04:20:00,80,76.5
18-Jun-2016 04:45:00,80,82.625
18-Jun-2016 05:10:00,80,82.625
18-Jun-2016 05:45:00,69,82.625
18-Jun-2016 06:15:00,57,65.4285714285714
18-Jun-2016 06:40:00,57,46.7142857142857
18-Jun-2016 07:15:00,50,46.7142857142857
18-Jun-2016 07:45:00,50,59.375
18-Jun-2016 08:10:00,50,59.375
18-Jun-2016 08:45:00,51,59.375
18-Jun-2016 09:15:00,71,59.375
18-Jun-2016 09:40:00,71,65.4285714285714
18-Jun-2016 10:15:00,61,65.4285714285714
18-Jun-2016 10:45:00,61,49.6
21-Jun-2016 09:15:00,37,49.6
21-Jun-2016 09:45:00,37,36.4285714285714
21-Jun-2016 10:45:00,24,36.4285714285714
21-Jun-2016 11:15:00,27,23.5
21-Jun-2016 11:45:00,27,29.8888888888889
21-Jun-2016 14:15:00,23,29.8888888888889
21-Jun-2016 14:20:00,23,35.1666666666667
22-Jun-2016 05:15:00,39,35.1666666666667
22-Jun-2016 05:50:00,39,36.4285714285714
23-Jun-2016 09:15:00,47,36.4285714285714
23-Jun-2016 09:40:00,47,40.4
23-Jun-2016 10:15:00,37,40.4
23-Jun-2016 10:40:00,37,36.4285714285714
23-Jun-2016 18:15:00,115,51.3333333333333
24-Jun-2016 12:45:00,90,83.25
24-Jun-2016 13:15:00,80,81.5555555555555
24-Jun-2016 13:45:00,80,82.625
24-Jun-2016 14:15:00,90,82.625
24-Jun-2016 14:45:00,90,81.5555555555555
24-Jun-2016 15:15:00,87,81.5555555555555
24-Jun-2016 15:45:00,87,81.25
24-Jun-2016 16:15:00,76,81.25
24-Jun-2016 16:45:00,76,85.4444444444444
24-Jun-2016 17:15:00,104,85.4444444444444
24-Jun-2016 17:45:00,104,106.5
24-Jun-2016 18:45:00,115,106.5
24-Jun-2016 19:15:00,107,108.4
24-Jun-2016 19:45:00,107,108.4
24-Jun-2016 20:15:00,130,108.4
24-Jun-2016 20:45:00,130,123.333333333333
24-Jun-2016 21:45:00,97,97
24-Jun-2016 22:15:00,82,69
24-Jun-2016 22:40:00,82,75.3333333333333
24-Jun-2016 23:15:00,68,75.3333333333333
24-Jun-2016 23:45:00,68,65.4285714285714
25-Jun-2016 00:10:00,68,65.4285714285714
25-Jun-2016 00:45:00,62,65.4285714285714
25-Jun-2016 01:15:00,106,106
25-Jun-2016 01:40:00,106,108.4
25-Jun-2016 02:15:00,92,108.4
25-Jun-2016 02:45:00,92,84.6666666666667
25-Jun-2016 03:15:00,84,84.6666666666667
25-Jun-2016 03:45:00,84,109.6
25-Jun-2016 04:15:00,91,109.6
25-Jun-2016 04:45:00,91,81.5555555555555
25-Jun-2016 05:15:00,71,81.5555555555555
25-Jun-2016 05:50:00,71,65.4285714285714
25-Jun-2016 06:15:00,53,57.5
25-Jun-2016 06:45:00,53,46.7142857142857
25-Jun-2016 07:15:00,41,46.7142857142857
25-Jun-2016 07:45:00,41,49.5555555555555
25-Jun-2016 08:15:00,48,49.5555555555555
25-Jun-2016 08:45:00,48,54.5
25-Jun-2016 09:15:00,60,54.5
25-Jun-2016 09:50:00,60,63.3333333333333
25-Jun-2016 10:15:00,55,63.3333333333333
25-Jun-2016 10:50:00,55,46.7142857142857
25-Jun-2016 11:15:00,36,46.7142857142857
25-Jun-2016 11:45:00,36,51.3333333333333
28-Jun-2016 08:45:00,55,51.3333333333333
28-Jun-2016 09:15:00,64,52.25
28-Jun-2016 09:45:00,64,57.5
28-Jun-2016 10:15:00,56,57.5
28-Jun-2016 10:45:00,56,62.1428571428571
28-Jun-2016 11:15:00,76,62.1428571428571
28-Jun-2016 11:45:00,76,85.4444444444444
28-Jun-2016 12:15:00,48,48
28-Jun-2016 12:45:00,48,54.5
28-Jun-2016 13:15:00,45,54.5
28-Jun-2016 13:45:00,45,49.5555555555555
28-Jun-2016 14:15:00,54,49.5555555555555
28-Jun-2016 14:45:00,54,52.25
28-Jun-2016 15:15:00,35,52.25
28-Jun-2016 15:45:00,35,41.5
28-Jun-2016 16:15:00,26,41.5
28-Jun-2016 16:50:00,26,29.8888888888889
28-Jun-2016 17:15:00,42,29.8888888888889
28-Jun-2016 17:45:00,42,49.5555555555555
28-Jun-2016 18:15:00,71,71
28-Jun-2016 18:50:00,57,57.5
28-Jun-2016 19:15:00,49,62.1428571428571
28-Jun-2016 20:15:00,78,59.375
28-Jun-2016 20:50:00,78,82.625
28-Jun-2016 21:10:00,78,82.625
28-Jun-2016 21:50:00,46,45.5
28-Jun-2016 22:15:00,14,42.2222222222222
28-Jun-2016 22:40:00,14,18
29-Jun-2016 01:15:00,22,18
29-Jun-2016 01:45:00,22,35.1666666666667
29-Jun-2016 02:15:00,49,35.1666666666667
29-Jun-2016 02:45:00,49,59.375
29-Jun-2016 03:15:00,58,59.375
29-Jun-2016 03:45:00,58,62.1428571428571
29-Jun-2016 04:15:00,73,62.1428571428571
29-Jun-2016 04:45:00,73,76.5
29-Jun-2016 07:15:00,24,24
29-Jun-2016 07:45:00,24,23.5
29-Jun-2016 08:25:00,20,23.5
29-Jun-2016 09:20:00,24,25.625
29-Jun-2016 11:50:00,53,53
29-Jun-2016 12:15:00,31,52.25
29-Jun-2016 12:40:00,31,29.8888888888889
29-Jun-2016 13:15:00,29,29.8888888888889
29-Jun-2016 13:45:00,29,29.8888888888889
29-Jun-2016 14:10:00,29,29.8888888888889
29-Jun-2016 14:45:00,33,29.8888888888889
29-Jun-2016 15:15:00,21,28.4444444444444
29-Jun-2016 15:45:00,21,25.625
29-Jun-2016 16:15:00,35,25.625
29-Jun-2016 16:45:00,35,41.5
29-Jun-2016 17:15:00,70,41.5
29-Jun-2016 17:45:00,70,61.6666666666667
29-Jun-2016 18:15:00,53,61.6666666666667
29-Jun-2016 18:50:00,71,52.25
29-Jun-2016 19:45:00,40,61.6666666666667
29-Jun-2016 20:15:00,52,82.4444444444444
29-Jun-2016 20:45:00,52,34
29-Jun-2016 21:20:00,29,34
29-Jun-2016 21:45:00,29,28.4444444444444
29-Jun-2016 22:10:00,29,28.4444444444444
29-Jun-2016 22:45:00,28,28.4444444444444
29-Jun-2016 23:15:00,15,21.6666666666667
29-Jun-2016 23:40:00,15,18
30-Jun-2016 00:15:00,21,18
30-Jun-2016 00:45:00,21,25.625
30-Jun-2016 01:10:00,21,25.625
30-Jun-2016 01:45:00,57,57
30-Jun-2016 02:15:00,48,62.1428571428571
30-Jun-2016 02:45:00,48,42.2222222222222
30-Jun-2016 03:15:00,63,42.2222222222222
30-Jun-2016 03:45:00,63,61.6666666666667
30-Jun-2016 04:15:00,72,61.6666666666667
30-Jun-2016 04:45:00,72,61.6666666666667
30-Jun-2016 05:15:00,30,48.875
30-Jun-2016 05:45:00,30,28.4444444444444
30-Jun-2016 06:45:00,22,28.4444444444444
30-Jun-2016 08:20:00,18,22.625
30-Jun-2016 08:50:00,18,22.625
30-Jun-2016 09:10:00,18,22.625
30-Jun-2016 09:50:00,39,22.625
30-Jun-2016 10:50:00,37,51.3333333333333
30-Jun-2016 11:15:00,62,51.3333333333333
30-Jun-2016 11:45:00,62,48.875
30-Jun-2016 12:15:00,36,48.875
30-Jun-2016 12:50:00,36,51.3333333333333
30-Jun-2016 13:15:00,29,51.3333333333333
30-Jun-2016 13:45:00,29,28.4444444444444
30-Jun-2016 14:15:00,34,28.4444444444444
30-Jun-2016 14:45:00,34,28.4444444444444
30-Jun-2016 15:15:00,21,21
30-Jun-2016 15:45:00,21,22.625
30-Jun-2016 16:15:00,25,22.625
30-Jun-2016 16:45:00,25,21.6666666666667
30-Jun-2016 17:05:00,25,21.6666666666667
30-Jun-2016 17:45:00,64,38.3333333333333
30-Jun-2016 18:35:00,53,48.875
30-Jun-2016 19:45:00,60,52.25
30-Jun-2016 20:05:00,60,48.875
30-Jun-2016 20:45:00,52,48.875
30-Jun-2016 21:15:00,21,34
30-Jun-2016 21:40:00,21,22.625
30-Jun-2016 22:10:00,21,22.625
30-Jun-2016 22:40:00,14,14
30-Jun-2016 23:10:00,14,14
01-Jul-2016 01:45:00,47,41.5
01-Jul-2016 02:10:00,47,42.2222222222222
01-Jul-2016 02:45:00,28,42.2222222222222
01-Jul-2016 03:10:00,28,38.3333333333333
01-Jul-2016 03:40:00,29,38.3333333333333
01-Jul-2016 04:10:00,29,38.3333333333333
01-Jul-2016 04:35:00,48,38.3333333333333
01-Jul-2016 05:10:00,48,42.2222222222222
01-Jul-2016 09:10:00,18,42.2222222222222
01-Jul-2016 09:45:00,36,41.5
01-Jul-2016 09:55:00,36,51.3333333333333
01-Jul-2016 11:40:00,56,51.3333333333333
01-Jul-2016 13:10:00,75,62.1428571428571
01-Jul-2016 14:10:00,45,45.5
01-Jul-2016 14:45:00,66,42.2222222222222
01-Jul-2016 15:05:00,66,48.875
01-Jul-2016 15:40:00,32,48.875
01-Jul-2016 16:10:00,32,38.3333333333333
01-Jul-2016 17:40:00,11,11
01-Jul-2016 18:40:00,14,14
01-Jul-2016 19:10:00,14,14
01-Jul-2016 19:40:00,55,55
01-Jul-2016 20:10:00,55,52.25
01-Jul-2016 20:40:00,48,52.25
01-Jul-2016 21:10:00,48,42.2222222222222
01-Jul-2016 21:40:00,19,19
